CREATE DATABASE  IF NOT EXISTS `ga_admin` /*!40100 DEFAULT CHARACTER SET utf8 */;
USE `ga_admin`;
-- MySQL dump 10.13  Distrib 5.6.24, for osx10.8 (x86_64)
--
-- Host: 127.0.0.1    Database: ga_admin
-- ------------------------------------------------------
-- Server version	5.5.42

/*!40101 SET @OLD_CHARACTER_SET_CLIENT=@@CHARACTER_SET_CLIENT */;
/*!40101 SET @OLD_CHARACTER_SET_RESULTS=@@CHARACTER_SET_RESULTS */;
/*!40101 SET @OLD_COLLATION_CONNECTION=@@COLLATION_CONNECTION */;
/*!40101 SET NAMES utf8 */;
/*!40103 SET @OLD_TIME_ZONE=@@TIME_ZONE */;
/*!40103 SET TIME_ZONE='+00:00' */;
/*!40014 SET @OLD_UNIQUE_CHECKS=@@UNIQUE_CHECKS, UNIQUE_CHECKS=0 */;
/*!40014 SET @OLD_FOREIGN_KEY_CHECKS=@@FOREIGN_KEY_CHECKS, FOREIGN_KEY_CHECKS=0 */;
/*!40101 SET @OLD_SQL_MODE=@@SQL_MODE, SQL_MODE='NO_AUTO_VALUE_ON_ZERO' */;
/*!40111 SET @OLD_SQL_NOTES=@@SQL_NOTES, SQL_NOTES=0 */;

--
-- Table structure for table `brand_top`
--

DROP TABLE IF EXISTS `brand_top`;
/*!40101 SET @saved_cs_client     = @@character_set_client */;
/*!40101 SET character_set_client = utf8 */;
CREATE TABLE `brand_top` (
  `id` int(11) unsigned NOT NULL AUTO_INCREMENT,
  `brand_id` int(11) unsigned NOT NULL,
  `model_id` int(11) unsigned NOT NULL,
  `img` varchar(255) NOT NULL,
  `order` int(11) NOT NULL,
  `photo_status` int(11) unsigned NOT NULL,
  `remarks` text,
  `last_updated_by` int(11) unsigned NOT NULL,
  `deleted_at` int(11) DEFAULT NULL,
  `created_at` int(11) DEFAULT NULL,
  `updated_at` int(11) DEFAULT NULL,
  PRIMARY KEY (`id`),
  KEY `brand_id` (`brand_id`),
  KEY `model_id` (`model_id`),
  KEY `status` (`photo_status`),
  KEY `last_updated_by` (`last_updated_by`),
  CONSTRAINT `brand_top_ibfk_1` FOREIGN KEY (`brand_id`) REFERENCES `brands` (`id`) ON DELETE CASCADE ON UPDATE CASCADE,
  CONSTRAINT `brand_top_ibfk_18` FOREIGN KEY (`last_updated_by`) REFERENCES `users` (`id`) ON DELETE CASCADE ON UPDATE CASCADE,
  CONSTRAINT `brand_top_ibfk_2` FOREIGN KEY (`model_id`) REFERENCES `models` (`id`) ON DELETE CASCADE ON UPDATE CASCADE
) ENGINE=InnoDB AUTO_INCREMENT=439 DEFAULT CHARSET=utf8;
/*!40101 SET character_set_client = @saved_cs_client */;

--
-- Dumping data for table `brand_top`
--

LOCK TABLES `brand_top` WRITE;
/*!40000 ALTER TABLE `brand_top` DISABLE KEYS */;
INSERT INTO `brand_top` VALUES (293,2,2,'http://event.rakuten.co.jp/fashion/rba/girlsaward/img/2015aw/cord/emoda_01.jpg',1,0,NULL,1,NULL,1447664245,NULL),(294,3,33,'http://event.rakuten.co.jp/fashion/rba/girlsaward/img/2015aw/cord/guildprime_01.jpg',1,0,NULL,1,NULL,1447664245,NULL),(295,4,25,'http://event.rakuten.co.jp/fashion/rba/girlsaward/img/2015aw/cord/gyda_01.jpg',1,0,NULL,1,NULL,1447664246,NULL),(296,5,99,'http://event.rakuten.co.jp/fashion/rba/girlsaward/img/2015aw/cord/heather_01.jpg',1,0,NULL,1,NULL,1447664246,NULL),(297,1,11,'http://event.rakuten.co.jp/fashion/rba/girlsaward/img/2015aw/cord/dickies_01.jpg',1,0,NULL,1,NULL,1447664246,NULL),(298,6,117,'http://event.rakuten.co.jp/fashion/rba/girlsaward/img/2015aw/cord/jeanasis_01.jpg',1,0,NULL,1,NULL,1447664246,NULL),(299,2,120,'http://event.rakuten.co.jp/fashion/rba/girlsaward/img/2015aw/cord/emoda_02.jpg',2,0,NULL,1,NULL,1447664245,NULL),(300,3,118,'http://event.rakuten.co.jp/fashion/rba/girlsaward/img/2015aw/cord/guildprime_02.jpg',2,0,NULL,1,NULL,1447664245,NULL),(301,4,56,'http://event.rakuten.co.jp/fashion/rba/girlsaward/img/2015aw/cord/gyda_02.jpg',2,0,NULL,1,NULL,1447664246,NULL),(302,1,97,'http://event.rakuten.co.jp/fashion/rba/girlsaward/img/2015aw/cord/dickies_02.jpg',2,0,NULL,1,NULL,1447664246,NULL),(303,5,95,'http://event.rakuten.co.jp/fashion/rba/girlsaward/img/2015aw/cord/heather_02.jpg',2,0,NULL,1,NULL,1447664246,NULL),(304,6,77,'http://event.rakuten.co.jp/fashion/rba/girlsaward/img/2015aw/cord/jeanasis_02.jpg',2,0,NULL,1,NULL,1447664246,NULL),(305,2,90,'http://event.rakuten.co.jp/fashion/rba/girlsaward/img/2015aw/cord/emoda_03.jpg',3,0,NULL,1,NULL,1447664245,NULL),(306,3,67,'http://event.rakuten.co.jp/fashion/rba/girlsaward/img/2015aw/cord/guildprime_03.jpg',3,0,NULL,1,NULL,1447664245,NULL),(307,4,105,'http://event.rakuten.co.jp/fashion/rba/girlsaward/img/2015aw/cord/gyda_03.jpg',3,0,NULL,1,NULL,1447664246,NULL),(308,5,124,'http://event.rakuten.co.jp/fashion/rba/girlsaward/img/2015aw/cord/heather_03.jpg',3,0,NULL,1,NULL,1447664246,NULL),(309,1,87,'http://event.rakuten.co.jp/fashion/rba/girlsaward/img/2015aw/cord/dickies_03.jpg',3,0,NULL,1,NULL,1447664246,NULL),(310,6,118,'http://event.rakuten.co.jp/fashion/rba/girlsaward/img/2015aw/cord/jeanasis_03.jpg',3,0,NULL,1,NULL,1447664246,NULL),(311,2,19,'http://event.rakuten.co.jp/fashion/rba/girlsaward/img/2015aw/cord/emoda_04.jpg',4,0,NULL,1,NULL,1447664245,NULL),(312,4,37,'http://event.rakuten.co.jp/fashion/rba/girlsaward/img/2015aw/cord/gyda_04.jpg',4,0,NULL,1,NULL,1447664246,NULL),(313,3,13,'http://event.rakuten.co.jp/fashion/rba/girlsaward/img/2015aw/cord/guildprime_04.jpg',4,0,NULL,1,NULL,1447664245,NULL),(314,5,91,'http://event.rakuten.co.jp/fashion/rba/girlsaward/img/2015aw/cord/heather_04.jpg',4,0,NULL,1,NULL,1447664246,NULL),(315,1,111,'http://event.rakuten.co.jp/fashion/rba/girlsaward/img/2015aw/cord/dickies_04.jpg',4,0,NULL,1,NULL,1447664246,NULL),(316,2,118,'http://event.rakuten.co.jp/fashion/rba/girlsaward/img/2015aw/cord/emoda_05.jpg',5,0,NULL,1,NULL,1447664245,NULL),(317,6,11,'http://event.rakuten.co.jp/fashion/rba/girlsaward/img/2015aw/cord/jeanasis_04.jpg',4,0,NULL,1,NULL,1447664246,NULL),(318,4,6,'http://event.rakuten.co.jp/fashion/rba/girlsaward/img/2015aw/cord/gyda_05.jpg',5,0,NULL,1,NULL,1447664246,NULL),(319,3,79,'http://event.rakuten.co.jp/fashion/rba/girlsaward/img/2015aw/cord/guildprime_05.jpg',5,0,NULL,1,NULL,1447664245,NULL),(320,5,69,'http://event.rakuten.co.jp/fashion/rba/girlsaward/img/2015aw/cord/heather_05.jpg',5,0,NULL,1,NULL,1447664246,NULL),(321,2,95,'http://event.rakuten.co.jp/fashion/rba/girlsaward/img/2015aw/cord/emoda_06.jpg',6,0,NULL,1,NULL,1447664245,NULL),(322,1,29,'http://event.rakuten.co.jp/fashion/rba/girlsaward/img/2015aw/cord/dickies_05.jpg',5,0,NULL,1,NULL,1447664246,NULL),(323,6,104,'http://event.rakuten.co.jp/fashion/rba/girlsaward/img/2015aw/cord/jeanasis_05.jpg',5,0,NULL,1,NULL,1447664246,NULL),(324,3,126,'http://event.rakuten.co.jp/fashion/rba/girlsaward/img/2015aw/cord/guildprime_06.jpg',6,0,NULL,1,NULL,1447664245,NULL),(325,4,44,'http://event.rakuten.co.jp/fashion/rba/girlsaward/img/2015aw/cord/gyda_06.jpg',6,0,NULL,1,NULL,1447664246,NULL),(326,5,9,'http://event.rakuten.co.jp/fashion/rba/girlsaward/img/2015aw/cord/heather_06.jpg',6,0,NULL,1,NULL,1447664246,NULL),(327,1,66,'http://event.rakuten.co.jp/fashion/rba/girlsaward/img/2015aw/cord/dickies_06.jpg',6,0,NULL,1,NULL,1447664246,NULL),(328,6,96,'http://event.rakuten.co.jp/fashion/rba/girlsaward/img/2015aw/cord/jeanasis_06.jpg',6,0,NULL,1,NULL,1447664246,NULL),(329,3,69,'http://event.rakuten.co.jp/fashion/rba/girlsaward/img/2015aw/cord/guildprime_07.jpg',7,0,NULL,1,NULL,1447664245,NULL),(330,1,108,'http://event.rakuten.co.jp/fashion/rba/girlsaward/img/2015aw/cord/dickies_07.jpg',7,0,NULL,1,NULL,1447664246,NULL),(331,6,119,'http://event.rakuten.co.jp/fashion/rba/girlsaward/img/2015aw/cord/jeanasis_07.jpg',7,0,NULL,1,NULL,1447664246,NULL),(332,3,35,'http://event.rakuten.co.jp/fashion/rba/girlsaward/img/2015aw/cord/guildprime_08.jpg',8,0,NULL,1,NULL,1447664245,NULL),(333,1,8,'http://event.rakuten.co.jp/fashion/rba/girlsaward/img/2015aw/cord/dickies_08.jpg',8,0,NULL,1,NULL,1447664246,NULL),(334,6,9,'http://event.rakuten.co.jp/fashion/rba/girlsaward/img/2015aw/cord/jeanasis_08.jpg',8,0,NULL,1,NULL,1447664246,NULL),(335,3,105,'http://event.rakuten.co.jp/fashion/rba/girlsaward/img/2015aw/cord/guildprime_09.jpg',9,0,NULL,1,NULL,1447664245,NULL),(336,6,120,'http://event.rakuten.co.jp/fashion/rba/girlsaward/img/2015aw/cord/jeanasis_09.jpg',9,0,NULL,1,NULL,1447664246,NULL),(337,3,44,'http://event.rakuten.co.jp/fashion/rba/girlsaward/img/2015aw/cord/guildprime_10.jpg',10,0,NULL,1,NULL,1447664245,NULL),(338,6,95,'http://event.rakuten.co.jp/fashion/rba/girlsaward/img/2015aw/cord/jeanasis_10.jpg',10,0,NULL,1,NULL,1447664246,NULL),(339,3,90,'http://event.rakuten.co.jp/fashion/rba/girlsaward/img/2015aw/cord/guildprime_11.jpg',11,0,NULL,1,NULL,1447664245,NULL),(340,7,67,'http://event.rakuten.co.jp/fashion/rba/girlsaward/img/2015aw/cord/jillbyjillstuart_01.jpg',1,0,NULL,1,NULL,1447664248,NULL),(341,8,90,'http://event.rakuten.co.jp/fashion/rba/girlsaward/img/2015aw/cord/loveless_01.jpg',1,0,NULL,1,NULL,1447664248,NULL),(342,9,19,'http://event.rakuten.co.jp/fashion/rba/girlsaward/img/2015aw/cord/lowrysfarm_01.jpg',1,0,NULL,1,NULL,1447664248,NULL),(343,7,104,'http://event.rakuten.co.jp/fashion/rba/girlsaward/img/2015aw/cord/jillbyjillstuart_02.jpg',2,0,NULL,1,NULL,1447664248,NULL),(344,8,123,'http://event.rakuten.co.jp/fashion/rba/girlsaward/img/2015aw/cord/loveless_02.jpg',2,0,NULL,1,NULL,1447664248,NULL),(345,9,124,'http://event.rakuten.co.jp/fashion/rba/girlsaward/img/2015aw/cord/lowrysfarm_02.jpg',2,0,NULL,1,NULL,1447664248,NULL),(346,10,81,'http://event.rakuten.co.jp/fashion/rba/girlsaward/img/2015aw/cord/millioncarats_01.jpg',1,0,NULL,1,NULL,1447664248,NULL),(347,7,13,'http://event.rakuten.co.jp/fashion/rba/girlsaward/img/2015aw/cord/jillbyjillstuart_03.jpg',3,0,NULL,1,NULL,1447664248,NULL),(348,8,44,'http://event.rakuten.co.jp/fashion/rba/girlsaward/img/2015aw/cord/loveless_03.jpg',3,0,NULL,1,NULL,1447664248,NULL),(349,11,49,'http://event.rakuten.co.jp/fashion/rba/girlsaward/img/2015aw/cord/murua_01.jpg',1,0,NULL,1,NULL,1447664248,NULL),(350,12,125,'http://event.rakuten.co.jp/fashion/rba/girlsaward/img/2015aw/cord/olivedesolive_01.jpg',1,0,NULL,1,NULL,1447664248,NULL),(351,10,100,'http://event.rakuten.co.jp/fashion/rba/girlsaward/img/2015aw/cord/millioncarats_02.jpg',2,0,NULL,1,NULL,1447664248,NULL),(352,7,75,'http://event.rakuten.co.jp/fashion/rba/girlsaward/img/2015aw/cord/jillbyjillstuart_04.jpg',4,0,NULL,1,NULL,1447664248,NULL),(353,8,17,'http://event.rakuten.co.jp/fashion/rba/girlsaward/img/2015aw/cord/loveless_04.jpg',4,0,NULL,1,NULL,1447664248,NULL),(354,9,48,'http://event.rakuten.co.jp/fashion/rba/girlsaward/img/2015aw/cord/lowrysfarm_03.jpg',3,0,NULL,1,NULL,1447664248,NULL),(355,11,118,'http://event.rakuten.co.jp/fashion/rba/girlsaward/img/2015aw/cord/murua_02.jpg',2,0,NULL,1,NULL,1447664248,NULL),(356,7,23,'http://event.rakuten.co.jp/fashion/rba/girlsaward/img/2015aw/cord/jillbyjillstuart_06.jpg',6,0,NULL,1,NULL,1447664248,NULL),(357,12,130,'http://event.rakuten.co.jp/fashion/rba/girlsaward/img/2015aw/cord/olivedesolive_02.jpg',2,0,NULL,1,NULL,1447664248,NULL),(358,10,58,'http://event.rakuten.co.jp/fashion/rba/girlsaward/img/2015aw/cord/millioncarats_03.jpg',3,0,NULL,1,NULL,1447664248,NULL),(359,9,105,'http://event.rakuten.co.jp/fashion/rba/girlsaward/img/2015aw/cord/lowrysfarm_04.jpg',4,0,NULL,1,NULL,1447664248,NULL),(360,8,76,'http://event.rakuten.co.jp/fashion/rba/girlsaward/img/2015aw/cord/loveless_05.jpg',5,0,NULL,1,NULL,1447664248,NULL),(361,12,12,'http://event.rakuten.co.jp/fashion/rba/girlsaward/img/2015aw/cord/olivedesolive_03.jpg',3,0,NULL,1,NULL,1447664248,NULL),(362,11,115,'http://event.rakuten.co.jp/fashion/rba/girlsaward/img/2015aw/cord/murua_03.jpg',3,0,NULL,1,NULL,1447664248,NULL),(363,9,123,'http://event.rakuten.co.jp/fashion/rba/girlsaward/img/2015aw/cord/lowrysfarm_05.jpg',5,0,NULL,1,NULL,1447664248,NULL),(364,7,9,'http://event.rakuten.co.jp/fashion/rba/girlsaward/img/2015aw/cord/jillbyjillstuart_07.jpg',7,0,NULL,1,NULL,1447664248,NULL),(365,10,57,'http://event.rakuten.co.jp/fashion/rba/girlsaward/img/2015aw/cord/millioncarats_04.jpg',4,0,NULL,1,NULL,1447664248,NULL),(366,8,52,'http://event.rakuten.co.jp/fashion/rba/girlsaward/img/2015aw/cord/loveless_06.jpg',6,0,NULL,1,NULL,1447664248,NULL),(367,11,123,'http://event.rakuten.co.jp/fashion/rba/girlsaward/img/2015aw/cord/murua_04.jpg',4,0,NULL,1,NULL,1447664248,NULL),(368,12,131,'http://event.rakuten.co.jp/fashion/rba/girlsaward/img/2015aw/cord/olivedesolive_04.jpg',4,0,NULL,1,NULL,1447664248,NULL),(369,9,118,'http://event.rakuten.co.jp/fashion/rba/girlsaward/img/2015aw/cord/lowrysfarm_06.jpg',6,0,NULL,1,NULL,1447664248,NULL),(370,7,19,'http://event.rakuten.co.jp/fashion/rba/girlsaward/img/2015aw/cord/jillbyjillstuart_08.jpg',8,0,NULL,1,NULL,1447664248,NULL),(371,10,1,'http://event.rakuten.co.jp/fashion/rba/girlsaward/img/2015aw/cord/millioncarats_05.jpg',5,0,NULL,1,NULL,1447664248,NULL),(372,8,124,'http://event.rakuten.co.jp/fashion/rba/girlsaward/img/2015aw/cord/loveless_08.jpg',8,0,NULL,1,NULL,1447664248,NULL),(373,11,11,'http://event.rakuten.co.jp/fashion/rba/girlsaward/img/2015aw/cord/murua_05.jpg',5,0,NULL,1,NULL,1447664248,NULL),(374,9,104,'http://event.rakuten.co.jp/fashion/rba/girlsaward/img/2015aw/cord/lowrysfarm_07.jpg',7,0,NULL,1,NULL,1447664248,NULL),(375,10,45,'http://event.rakuten.co.jp/fashion/rba/girlsaward/img/2015aw/cord/millioncarats_06.jpg',6,0,NULL,1,NULL,1447664248,NULL),(376,12,82,'http://event.rakuten.co.jp/fashion/rba/girlsaward/img/2015aw/cord/olivedesolive_05.jpg',5,0,NULL,1,NULL,1447664248,NULL),(377,8,105,'http://event.rakuten.co.jp/fashion/rba/girlsaward/img/2015aw/cord/loveless_09.jpg',9,0,NULL,1,NULL,1447664248,NULL),(378,12,21,'http://event.rakuten.co.jp/fashion/rba/girlsaward/img/2015aw/cord/olivedesolive_06.jpg',6,0,NULL,1,NULL,1447664248,NULL),(379,9,72,'http://event.rakuten.co.jp/fashion/rba/girlsaward/img/2015aw/cord/lowrysfarm_08.jpg',8,0,NULL,1,NULL,1447664248,NULL),(380,10,63,'http://event.rakuten.co.jp/fashion/rba/girlsaward/img/2015aw/cord/millioncarats_07.jpg',7,0,NULL,1,NULL,1447664248,NULL),(381,8,77,'http://event.rakuten.co.jp/fashion/rba/girlsaward/img/2015aw/cord/loveless_10.jpg',10,0,NULL,1,NULL,1447664248,NULL),(382,12,60,'http://event.rakuten.co.jp/fashion/rba/girlsaward/img/2015aw/cord/olivedesolive_07.jpg',7,0,NULL,1,NULL,1447664248,NULL),(383,10,70,'http://event.rakuten.co.jp/fashion/rba/girlsaward/img/2015aw/cord/millioncarats_08.jpg',8,0,NULL,1,NULL,1447664248,NULL),(384,9,13,'http://event.rakuten.co.jp/fashion/rba/girlsaward/img/2015aw/cord/lowrysfarm_09.jpg',9,0,NULL,1,NULL,1447664248,NULL),(385,12,132,'http://event.rakuten.co.jp/fashion/rba/girlsaward/img/2015aw/cord/olivedesolive_08.jpg',8,0,NULL,1,NULL,1447664248,NULL),(386,10,106,'http://event.rakuten.co.jp/fashion/rba/girlsaward/img/2015aw/cord/millioncarats_09.jpg',9,0,NULL,1,NULL,1447664248,NULL),(387,9,65,'http://event.rakuten.co.jp/fashion/rba/girlsaward/img/2015aw/cord/lowrysfarm_10.jpg',10,0,NULL,1,NULL,1447664248,NULL),(388,12,64,'http://event.rakuten.co.jp/fashion/rba/girlsaward/img/2015aw/cord/olivedesolive_09.jpg',9,0,NULL,1,NULL,1447664248,NULL),(389,10,91,'http://event.rakuten.co.jp/fashion/rba/girlsaward/img/2015aw/cord/millioncarats_10.jpg',10,0,NULL,1,NULL,1447664248,NULL),(390,9,125,'http://event.rakuten.co.jp/fashion/rba/girlsaward/img/2015aw/cord/lowrysfarm_11.jpg',11,0,NULL,1,NULL,1447664248,NULL),(391,10,31,'http://event.rakuten.co.jp/fashion/rba/girlsaward/img/2015aw/cord/millioncarats_11.jpg',11,0,NULL,1,NULL,1447664248,NULL),(392,9,119,'http://event.rakuten.co.jp/fashion/rba/girlsaward/img/2015aw/cord/lowrysfarm_12.jpg',12,0,NULL,1,NULL,1447664248,NULL),(393,12,50,'http://event.rakuten.co.jp/fashion/rba/girlsaward/img/2015aw/cord/olivedesolive_10.jpg',10,0,NULL,1,NULL,1447664248,NULL),(394,12,39,'http://event.rakuten.co.jp/fashion/rba/girlsaward/img/2015aw/cord/olivedesolive_11.jpg',11,0,NULL,1,NULL,1447664248,NULL),(395,12,7,'http://event.rakuten.co.jp/fashion/rba/girlsaward/img/2015aw/cord/olivedesolive_12.jpg',12,0,NULL,1,NULL,1447664248,NULL),(396,12,61,'http://event.rakuten.co.jp/fashion/rba/girlsaward/img/2015aw/cord/olivedesolive_14.jpg',14,0,NULL,1,NULL,1447664248,NULL),(397,12,56,'http://event.rakuten.co.jp/fashion/rba/girlsaward/img/2015aw/cord/olivedesolive_15.jpg',15,0,NULL,1,NULL,1447664248,NULL),(398,13,117,'http://event.rakuten.co.jp/fashion/rba/girlsaward/img/2015aw/cord/redyazel_01.jpg',1,0,NULL,1,NULL,1447664251,NULL),(399,14,121,'http://event.rakuten.co.jp/fashion/rba/girlsaward/img/2015aw/cord/resexxy_01.jpg',1,0,NULL,1,NULL,1447664251,NULL),(400,13,119,'http://event.rakuten.co.jp/fashion/rba/girlsaward/img/2015aw/cord/redyazel_02.jpg',2,0,NULL,1,NULL,1447664251,NULL),(401,14,43,'http://event.rakuten.co.jp/fashion/rba/girlsaward/img/2015aw/cord/resexxy_02.jpg',2,0,NULL,1,NULL,1447664251,NULL),(402,15,117,'http://event.rakuten.co.jp/fashion/rba/girlsaward/img/2015aw/cord/samanthathavasa_01.jpg',1,0,NULL,1,NULL,1447664251,NULL),(403,13,123,'http://event.rakuten.co.jp/fashion/rba/girlsaward/img/2015aw/cord/redyazel_03.jpg',3,0,NULL,1,NULL,1447664251,NULL),(404,16,109,'http://event.rakuten.co.jp/fashion/rba/girlsaward/img/2015aw/cord/ungrid_01.jpg',1,0,NULL,1,NULL,1447664251,NULL),(405,17,18,'http://event.rakuten.co.jp/fashion/rba/girlsaward/img/2015aw/cord/wego_01.jpg',1,0,NULL,1,NULL,1447664251,NULL),(406,14,68,'http://event.rakuten.co.jp/fashion/rba/girlsaward/img/2015aw/cord/resexxy_03.jpg',3,0,NULL,1,NULL,1447664251,NULL),(407,15,19,'http://event.rakuten.co.jp/fashion/rba/girlsaward/img/2015aw/cord/samanthathavasa_02.jpg',2,0,NULL,1,NULL,1447664251,NULL),(408,13,67,'http://event.rakuten.co.jp/fashion/rba/girlsaward/img/2015aw/cord/redyazel_04.jpg',4,0,NULL,1,NULL,1447664251,NULL),(409,16,12,'http://event.rakuten.co.jp/fashion/rba/girlsaward/img/2015aw/cord/ungrid_02.jpg',2,0,NULL,1,NULL,1447664251,NULL),(410,14,101,'http://event.rakuten.co.jp/fashion/rba/girlsaward/img/2015aw/cord/resexxy_04.jpg',4,0,NULL,1,NULL,1447664251,NULL),(411,17,3,'http://event.rakuten.co.jp/fashion/rba/girlsaward/img/2015aw/cord/wego_02.jpg',2,0,NULL,1,NULL,1447664251,NULL),(412,15,104,'http://event.rakuten.co.jp/fashion/rba/girlsaward/img/2015aw/cord/samanthathavasa_03.jpg',3,0,NULL,1,NULL,1447664251,NULL),(413,13,115,'http://event.rakuten.co.jp/fashion/rba/girlsaward/img/2015aw/cord/redyazel_05.jpg',5,0,NULL,1,NULL,1447664251,NULL),(414,16,98,'http://event.rakuten.co.jp/fashion/rba/girlsaward/img/2015aw/cord/ungrid_03.jpg',3,0,NULL,1,NULL,1447664251,NULL),(415,15,45,'http://event.rakuten.co.jp/fashion/rba/girlsaward/img/2015aw/cord/samanthathavasa_04.jpg',4,0,NULL,1,NULL,1447664251,NULL),(416,17,128,'http://event.rakuten.co.jp/fashion/rba/girlsaward/img/2015aw/cord/wego_03.jpg',3,0,NULL,1,NULL,1447664251,NULL),(417,16,125,'http://event.rakuten.co.jp/fashion/rba/girlsaward/img/2015aw/cord/ungrid_04.jpg',4,0,NULL,1,NULL,1447664251,NULL),(418,13,13,'http://event.rakuten.co.jp/fashion/rba/girlsaward/img/2015aw/cord/redyazel_06.jpg',6,0,NULL,1,NULL,1447664251,NULL),(419,15,42,'http://event.rakuten.co.jp/fashion/rba/girlsaward/img/2015aw/cord/samanthathavasa_05.jpg',5,0,NULL,1,NULL,1447664251,NULL),(420,13,6,'http://event.rakuten.co.jp/fashion/rba/girlsaward/img/2015aw/cord/redyazel_07.jpg',7,0,NULL,1,NULL,1447664251,NULL),(421,17,24,'http://event.rakuten.co.jp/fashion/rba/girlsaward/img/2015aw/cord/wego_04.jpg',4,0,NULL,1,NULL,1447664251,NULL),(422,15,72,'http://event.rakuten.co.jp/fashion/rba/girlsaward/img/2015aw/cord/samanthathavasa_06.jpg',6,0,NULL,1,NULL,1447664251,NULL),(423,16,124,'http://event.rakuten.co.jp/fashion/rba/girlsaward/img/2015aw/cord/ungrid_05.jpg',5,0,NULL,1,NULL,1447664251,NULL),(424,17,112,'http://event.rakuten.co.jp/fashion/rba/girlsaward/img/2015aw/cord/wego_05.jpg',5,0,NULL,1,NULL,1447664251,NULL),(425,13,104,'http://event.rakuten.co.jp/fashion/rba/girlsaward/img/2015aw/cord/redyazel_08.jpg',8,0,NULL,1,NULL,1447664251,NULL),(426,16,117,'http://event.rakuten.co.jp/fashion/rba/girlsaward/img/2015aw/cord/ungrid_06.jpg',6,0,NULL,1,NULL,1447664251,NULL),(427,17,8,'http://event.rakuten.co.jp/fashion/rba/girlsaward/img/2015aw/cord/wego_06.jpg',6,0,NULL,1,NULL,1447664251,NULL),(428,13,136,'http://event.rakuten.co.jp/fashion/rba/girlsaward/img/2015aw/cord/redyazel_09.jpg',9,0,NULL,1,NULL,1447664251,NULL),(429,13,133,'http://event.rakuten.co.jp/fashion/rba/girlsaward/img/2015aw/cord/redyazel_10.jpg',10,0,NULL,1,NULL,1447664251,NULL),(430,17,80,'http://event.rakuten.co.jp/fashion/rba/girlsaward/img/2015aw/cord/wego_07.jpg',7,0,NULL,1,NULL,1447664251,NULL),(431,13,134,'http://event.rakuten.co.jp/fashion/rba/girlsaward/img/2015aw/cord/redyazel_11.jpg',11,0,NULL,1,NULL,1447664251,NULL),(432,17,41,'http://event.rakuten.co.jp/fashion/rba/girlsaward/img/2015aw/cord/wego_08.jpg',8,0,NULL,1,NULL,1447664251,NULL),(433,13,135,'http://event.rakuten.co.jp/fashion/rba/girlsaward/img/2015aw/cord/redyazel_12.jpg',12,0,NULL,1,NULL,1447664251,NULL),(434,17,27,'http://event.rakuten.co.jp/fashion/rba/girlsaward/img/2015aw/cord/wego_09.jpg',9,0,NULL,1,NULL,1447664251,NULL),(435,17,74,'http://event.rakuten.co.jp/fashion/rba/girlsaward/img/2015aw/cord/wego_10.jpg',10,0,NULL,1,NULL,1447664251,NULL),(436,17,84,'http://event.rakuten.co.jp/fashion/rba/girlsaward/img/2015aw/cord/wego_11.jpg',11,0,NULL,1,NULL,1447664251,NULL),(437,17,123,'http://event.rakuten.co.jp/fashion/rba/girlsaward/img/2015aw/cord/wego_12.jpg',12,0,NULL,1,NULL,1447664251,NULL),(438,17,55,'http://event.rakuten.co.jp/fashion/rba/girlsaward/img/2015aw/cord/wego_13.jpg',13,0,NULL,1,NULL,1447664251,NULL);
/*!40000 ALTER TABLE `brand_top` ENABLE KEYS */;
UNLOCK TABLES;

--
-- Table structure for table `brands`
--

DROP TABLE IF EXISTS `brands`;
/*!40101 SET @saved_cs_client     = @@character_set_client */;
/*!40101 SET character_set_client = utf8 */;
CREATE TABLE `brands` (
  `id` int(11) unsigned NOT NULL AUTO_INCREMENT,
  `name_ja` varchar(50) NOT NULL,
  `name_en` varchar(50) NOT NULL,
  `label` varchar(50) NOT NULL,
  `url` varchar(255) NOT NULL,
  `img` varchar(255) NOT NULL,
  `img_sp` varchar(255) NOT NULL,
  `up_status` int(11) NOT NULL DEFAULT '1',
  `new_status` int(11) NOT NULL DEFAULT '1',
  `global_status` int(11) NOT NULL,
  `remarks` text,
  `last_updated_by` int(11) unsigned NOT NULL,
  `deleted_at` int(11) DEFAULT NULL,
  `created_at` int(11) DEFAULT NULL,
  `updated_at` int(11) DEFAULT NULL,
  PRIMARY KEY (`id`),
  KEY `last_updated_by` (`last_updated_by`),
  CONSTRAINT `brands_ibfk_1` FOREIGN KEY (`last_updated_by`) REFERENCES `users` (`id`) ON DELETE CASCADE ON UPDATE CASCADE
) ENGINE=InnoDB AUTO_INCREMENT=18 DEFAULT CHARSET=utf8;
/*!40101 SET character_set_client = @saved_cs_client */;

--
-- Dumping data for table `brands`
--

LOCK TABLES `brands` WRITE;
/*!40000 ALTER TABLE `brands` DISABLE KEYS */;
INSERT INTO `brands` VALUES (1,'Dickies','Dickies','dickies','','http://event.rakuten.co.jp/fashion/rba/girlsaward/img/2015aw/brand/dickies.jpg','http://event.rakuten.co.jp/fashion/rba/girlsaward/img/2015aw/brand/dickies-s.jpg',1,1,1,NULL,1,NULL,1447638969,NULL),(2,'EMODA','EMODA','emoda','','http://event.rakuten.co.jp/fashion/rba/girlsaward/img/2015aw/brand/emoda.jpg','http://event.rakuten.co.jp/fashion/rba/girlsaward/img/2015aw/brand/emoda-s.jpg',1,1,0,NULL,1,NULL,1447638969,NULL),(3,'GUILD PRIME','GUILD PRIME','guildprime','','http://event.rakuten.co.jp/fashion/rba/girlsaward/img/2015aw/brand/guildprime.jpg','http://event.rakuten.co.jp/fashion/rba/girlsaward/img/2015aw/brand/guildprime-s.jpg',1,1,0,NULL,1,NULL,1447638969,NULL),(4,'GYDA','GYDA','gyda','','http://event.rakuten.co.jp/fashion/rba/girlsaward/img/2015aw/brand/gyda.jpg','http://event.rakuten.co.jp/fashion/rba/girlsaward/img/2015aw/brand/gyda-s.jpg',1,1,0,NULL,1,NULL,1447638969,NULL),(5,'Heather','Heather','heather','','http://event.rakuten.co.jp/fashion/rba/girlsaward/img/2015aw/brand/heather.jpg','http://event.rakuten.co.jp/fashion/rba/girlsaward/img/2015aw/brand/heather-s.jpg',1,1,0,NULL,1,NULL,1447638969,NULL),(6,'JEANASIS','JEANASIS','jeanasis','','http://event.rakuten.co.jp/fashion/rba/girlsaward/img/2015aw/brand/jeanasis.jpg','http://event.rakuten.co.jp/fashion/rba/girlsaward/img/2015aw/brand/jeanasis-s.jpg',1,1,0,NULL,1,NULL,1447638969,NULL),(7,'JILL by JILLSTUART','JILL by JILLSTUART','jillbyjillstuart','','http://event.rakuten.co.jp/fashion/rba/girlsaward/img/2015aw/brand/jill.jpg','http://event.rakuten.co.jp/fashion/rba/girlsaward/img/2015aw/brand/jill-s.jpg',1,1,1,NULL,1,NULL,1447638969,NULL),(8,'LOVELESS','LOVELESS','loveless','','http://event.rakuten.co.jp/fashion/rba/girlsaward/img/2015aw/brand/loveless.jpg','http://event.rakuten.co.jp/fashion/rba/girlsaward/img/2015aw/brand/loveless-s.jpg',1,1,0,NULL,1,NULL,1447638969,NULL),(9,'LOWRYS FARM','LOWRYS FARM','lowrysfarm','','http://event.rakuten.co.jp/fashion/rba/girlsaward/img/2015aw/brand/lowrysfarm.jpg','http://event.rakuten.co.jp/fashion/rba/girlsaward/img/2015aw/brand/lowrysfarm-s.jpg',1,1,0,NULL,1,NULL,1447638969,NULL),(10,'MillionCarats','MillionCarats','millioncarats','','http://event.rakuten.co.jp/fashion/rba/girlsaward/img/2015aw/brand/million.jpg','http://event.rakuten.co.jp/fashion/rba/girlsaward/img/2015aw/brand/million-s.jpg',1,1,1,NULL,1,NULL,1447638969,NULL),(11,'MURUA','MURUA','murua','','http://event.rakuten.co.jp/fashion/rba/girlsaward/img/2015aw/brand/murua.jpg','http://event.rakuten.co.jp/fashion/rba/girlsaward/img/2015aw/brand/murua-s.jpg',1,1,0,NULL,1,NULL,1447638969,NULL),(12,'OLIVE des OLIVE','OLIVE des OLIVE','olivedesolive','','http://event.rakuten.co.jp/fashion/rba/girlsaward/img/2015aw/brand/olive_des_olive.jpg','http://event.rakuten.co.jp/fashion/rba/girlsaward/img/2015aw/brand/olive-s.jpg',1,1,1,NULL,1,NULL,1447638969,NULL),(13,'REDYAZEL','REDYAZEL','redyazel','','http://event.rakuten.co.jp/fashion/rba/girlsaward/img/2015aw/brand/redyazel.jpg','http://event.rakuten.co.jp/fashion/rba/girlsaward/img/2015aw/brand/redyazel-s.jpg',1,1,1,NULL,1,NULL,1447638969,NULL),(14,'RESEXXY','RESEXXY','resexxy','','http://event.rakuten.co.jp/fashion/rba/girlsaward/img/2015aw/brand/resexy.jpg','http://event.rakuten.co.jp/fashion/rba/girlsaward/img/2015aw/brand/resexxy-s.jpg',1,1,0,NULL,1,NULL,1447638969,NULL),(15,'Samantha Thavasa','Samantha Thavasa','samanthathavasa','','http://event.rakuten.co.jp/fashion/rba/girlsaward/img/2015aw/brand/thavasa.jpg','http://event.rakuten.co.jp/fashion/rba/girlsaward/img/2015aw/brand/thavasa-s.jpg',1,1,1,NULL,1,NULL,1447638969,NULL),(16,'Ungrid','Ungrid','ungrid','','http://event.rakuten.co.jp/fashion/rba/girlsaward/img/2015aw/brand/ungrid.jpg','http://event.rakuten.co.jp/fashion/rba/girlsaward/img/2015aw/brand/ungrid-s.jpg',1,1,0,NULL,1,NULL,1447638969,NULL),(17,'WEGO','WEGO','wego','','http://event.rakuten.co.jp/fashion/rba/girlsaward/img/2015aw/brand/wego.jpg','http://event.rakuten.co.jp/fashion/rba/girlsaward/img/2015aw/brand/wego-s.jpg',1,1,1,NULL,1,NULL,1447638969,NULL);
/*!40000 ALTER TABLE `brands` ENABLE KEYS */;
UNLOCK TABLES;

--
-- Table structure for table `grand_top`
--

DROP TABLE IF EXISTS `grand_top`;
/*!40101 SET @saved_cs_client     = @@character_set_client */;
/*!40101 SET character_set_client = utf8 */;
CREATE TABLE `grand_top` (
  `id` int(11) unsigned NOT NULL AUTO_INCREMENT,
  `brand_id` int(11) unsigned NOT NULL,
  `order` int(11) NOT NULL,
  `remarks` text,
  `last_updated_by` int(11) unsigned NOT NULL,
  `deleted_at` int(11) DEFAULT NULL,
  `created_at` int(11) DEFAULT NULL,
  `updated_at` int(11) DEFAULT NULL,
  PRIMARY KEY (`id`),
  KEY `brand_id` (`brand_id`),
  KEY `last_updated_by` (`last_updated_by`),
  CONSTRAINT `grand_top_ibfk_1` FOREIGN KEY (`brand_id`) REFERENCES `brands` (`id`) ON DELETE CASCADE ON UPDATE CASCADE,
  CONSTRAINT `grand_top_ibfk_9` FOREIGN KEY (`last_updated_by`) REFERENCES `users` (`id`) ON DELETE CASCADE ON UPDATE CASCADE
) ENGINE=InnoDB AUTO_INCREMENT=8 DEFAULT CHARSET=utf8;
/*!40101 SET character_set_client = @saved_cs_client */;

--
-- Dumping data for table `grand_top`
--

LOCK TABLES `grand_top` WRITE;
/*!40000 ALTER TABLE `grand_top` DISABLE KEYS */;
INSERT INTO `grand_top` VALUES (1,1,1,'',1,NULL,1447646042,NULL),(2,2,2,'',1,NULL,1447646051,NULL),(3,3,3,'',1,NULL,1447646061,NULL),(4,4,4,'',1,NULL,1447646072,NULL),(5,5,5,'',1,NULL,1447646082,NULL),(6,6,6,'',1,NULL,1447646092,NULL),(7,7,7,'',1,NULL,1447646102,NULL);
/*!40000 ALTER TABLE `grand_top` ENABLE KEYS */;
UNLOCK TABLES;

--
-- Table structure for table `items`
--

DROP TABLE IF EXISTS `items`;
/*!40101 SET @saved_cs_client     = @@character_set_client */;
/*!40101 SET character_set_client = utf8 */;
CREATE TABLE `items` (
  `id` int(11) unsigned NOT NULL AUTO_INCREMENT,
  `name_ja` varchar(255) NOT NULL,
  `name_en` varchar(255) NOT NULL,
  `name_cn` varchar(255) NOT NULL,
  `name_tw` varchar(255) NOT NULL,
  `price_ja` int(11) NOT NULL,
  `price_en` int(11) NOT NULL,
  `price_cn` int(11) NOT NULL,
  `price_tw` int(11) NOT NULL,
  `url` varchar(255) NOT NULL,
  `img` varchar(255) NOT NULL,
  `brand_id` int(11) unsigned NOT NULL,
  `order` int(11) unsigned DEFAULT NULL,
  `order_sub` int(11) unsigned DEFAULT NULL,
  `translate_status` int(11) NOT NULL,
  `sold_status` int(11) NOT NULL,
  `remarks` text,
  `last_updated_by` int(11) unsigned NOT NULL,
  `deleted_at` int(11) DEFAULT NULL,
  `created_at` int(11) DEFAULT NULL,
  `updated_at` int(11) DEFAULT NULL,
  PRIMARY KEY (`id`),
  KEY `brand_id` (`brand_id`),
  KEY `last_updated_by` (`last_updated_by`),
  CONSTRAINT `items_ibfk_1` FOREIGN KEY (`brand_id`) REFERENCES `brands` (`id`) ON DELETE CASCADE ON UPDATE CASCADE,
  CONSTRAINT `items_ibfk_2` FOREIGN KEY (`last_updated_by`) REFERENCES `users` (`id`) ON DELETE CASCADE ON UPDATE CASCADE
) ENGINE=InnoDB AUTO_INCREMENT=1162 DEFAULT CHARSET=utf8;
/*!40101 SET character_set_client = @saved_cs_client */;

--
-- Dumping data for table `items`
--

LOCK TABLES `items` WRITE;
/*!40000 ALTER TABLE `items` DISABLE KEYS */;
INSERT INTO `items` VALUES (775,'BULKY BOLUM KNIT TOP','Sweater','毛衣','毛衣',7452,0,0,0,'b93582','http://thumbnail.image.rakuten.co.jp/@0_mall/stylife/cabinet/item/582/b93582-02_1.jpg?_ex=400x537&s=2&r=1',2,1,1,0,0,'',1,NULL,1447664245,NULL),(776,'SIDE all ZIP RIB SK','Tight Skirt','紧裙子','燈籠褲',6372,0,0,0,'b93583','http://thumbnail.image.rakuten.co.jp/@0_mall/stylife/cabinet/item/583/b93583-07_1.jpg?_ex=400x537&s=2&r=1',2,1,2,0,0,'',1,NULL,1447664245,NULL),(777,'POINTED SQUAREHEEL PUMPS','Pumps','圆头平底鞋','圓頭平底鞋',10584,0,0,0,'b93585','http://thumbnail.image.rakuten.co.jp/@0_mall/stylife/cabinet/item/585/b93585-04_1.jpg?_ex=400x537&s=2&r=1',2,1,3,0,0,'',1,NULL,1447664245,NULL),(778,'カラーブロックドットシャツ','Blouses','条纹波点图案上衣','條紋波點圖案上衣',16200,0,0,0,'b86297','http://thumbnail.image.rakuten.co.jp/@0_mall/stylife/cabinet/item/297/b86297-01_1.jpg?_ex=400x537&s=2&r=1',3,1,1,0,0,'',1,NULL,1447664245,NULL),(779,'BIGカラーショールコート','Long Coat','长大衣','長大衣',19429,0,0,0,'b67468','http://thumbnail.image.rakuten.co.jp/@0_mall/stylife/cabinet/item/468/b67468-03_1.jpg?_ex=400x537&s=2&r=1',4,1,1,0,0,'',1,NULL,1447664246,NULL),(780,'ボヘミアンファーベスト','Fur Vest','毛皮背心','毛皮背心',47520,0,0,0,'b86903','http://thumbnail.image.rakuten.co.jp/@0_mall/stylife/cabinet/item/903/b86903-01_1.jpg?_ex=400x537&s=2&r=1',3,1,2,0,0,'',1,NULL,1447664245,NULL),(781,'タートルBIGKT','Knit','高领针织上衣','高領針織冷衫',8629,0,0,0,'b86721','http://thumbnail.image.rakuten.co.jp/@0_mall/stylife/cabinet/item/721/b86721-03_1.jpg?_ex=320x320&s=2&r=1',4,1,2,0,0,'',1,NULL,1447664246,NULL),(782,'ロングガウンコート','Long Coat','长大衣','長大衣',23760,0,0,0,'b86906','http://thumbnail.image.rakuten.co.jp/@0_mall/stylife/cabinet/item/906/b86906-03_1.jpg?_ex=400x537&s=2&r=1',3,1,3,0,0,'',1,NULL,1447664245,NULL),(783,'ワンウォッシュスキニ-','Jeans','贴脚牛仔裤','貼腳牛仔褲',10789,0,0,0,'b05145','http://thumbnail.image.rakuten.co.jp/@0_mall/stylife/cabinet/item/145/b05145-05_1.jpg?_ex=400x537&s=2&r=1',4,1,3,0,0,'',1,NULL,1447664246,NULL),(784,'M*FファーBIGラペルジャケット','Fur Jacket','毛皮夹克','毛皮大衣',10584,0,0,0,'b86865','http://thumbnail.image.rakuten.co.jp/@0_mall/heather/cabinet/item/865/b86865-01_1.jpg?_ex=400x537&s=2&r=1',5,1,1,0,0,'',1,NULL,1447664246,NULL),(785,'basicヒールパンプス','Pumps','高跟鞋子','高跟鞋',10789,0,0,0,'b67480','http://thumbnail.image.rakuten.co.jp/@0_mall/stylife/cabinet/item/480/b67480-04_1.jpg?_ex=400x537&s=2&r=1',4,1,4,0,0,'',1,NULL,1447664246,NULL),(786,'プリントS/S-Ｔシャツ','','','',3996,0,0,0,'b93881','http://image.aubg.jp/mgen/stylife:scripts/resize.ms?img=stylife:/images/item/B93/B93881/B93881-01_1.jpg&w=380&h=503&q=85&c=0xFFFFFF&t=jpg',1,1,1,0,0,'',1,NULL,1447664246,NULL),(787,'3GストレッチフードCD ','Cardigan','开襟长身毛衣','開襟長身毛衣',8100,0,0,0,'b84869','http://thumbnail.image.rakuten.co.jp/@0_mall/jeanasis/cabinet/item/869/b84869-02_1.jpg?_ex=400x537&s=2&r=1',6,1,1,0,0,'',1,NULL,1447664246,NULL),(788,'アソートダメージボーイフレンドパンツ','Jeans','贴布牛仔裤','貼布牛仔褲',7452,0,0,0,'b68332','http://thumbnail.image.rakuten.co.jp/@0_mall/heather/cabinet/item/332/b68332-01_1.jpg?_ex=400x537&s=2&r=1',5,1,2,0,0,'',1,NULL,1447664246,NULL),(789,'ボトルネックインナー','Cut and Sewn','针织上衣','針織上衣',4212,0,0,0,'b71069','http://thumbnail.image.rakuten.co.jp/@0_mall/heather/cabinet/item/069/b71069-01_1.jpg?_ex=400x537&s=2&r=1',5,1,3,0,0,'',1,NULL,1447664246,NULL),(790,'裏起毛プリントタイトスカート','','','',3780,0,0,0,'b93885','http://image.aubg.jp/mgen/stylife:scripts/resize.ms?img=stylife:/images/item/B93/B93885/B93885-01_1.jpg&w=380&h=503&q=85&c=0xFFFFFF&t=jpg',1,1,2,0,0,'',1,NULL,1447664246,NULL),(791,'H/N sideスリットknit','Sweater','毛衣','毛衣',7452,0,0,0,'b93586','http://thumbnail.image.rakuten.co.jp/@0_mall/stylife/cabinet/item/586/b93586-03_1.jpg?_ex=400x537&s=2&r=1',2,2,1,0,0,'',1,NULL,1447664245,NULL),(792,'ポインテッドパンプス','Pumps','尖头高跟鞋','尖頭高跟鞋',5292,0,0,0,'b65226','http://thumbnail.image.rakuten.co.jp/@0_mall/heather/cabinet/item/226/b65226-05_1.jpg?_ex=400x537&s=2&r=1',5,1,4,0,0,'',1,NULL,1447664246,NULL),(793,'リブタイトハイネックLS ','Cut and Sewn','长袖套衣','長袖套衣',3240,0,0,0,'b68930','http://thumbnail.image.rakuten.co.jp/@0_mall/jeanasis/cabinet/item/930/b68930-03_1.jpg?_ex=400x537&s=2&r=1',6,1,2,0,0,'',1,NULL,1447664246,NULL),(794,'ボーダータートルニット','Turtle Neck Sweater','横纹高领毛衣','橫紋高領毛衣',14040,0,0,0,'b86303','http://thumbnail.image.rakuten.co.jp/@0_mall/stylife/cabinet/item/303/b86303-03_1.jpg?_ex=400x537&s=2&r=1',3,2,1,0,0,'',1,NULL,1447664245,NULL),(795,'ジャガードSP ','Shorts','民族风短裤','民族風短褲',5940,0,0,0,'b65243','http://thumbnail.image.rakuten.co.jp/@0_mall/jeanasis/cabinet/item/243/b65243-01_1.jpg?_ex=400x537&s=2&r=1',6,1,3,0,0,'',1,NULL,1447664246,NULL),(796,'WOOL TUCK RELAX PT','Pants','裤子','褲子',9612,0,0,0,'b93587','http://thumbnail.image.rakuten.co.jp/@0_mall/stylife/cabinet/item/587/b93587-03_1.jpg?_ex=400x537&s=2&r=1',2,2,2,0,0,'',1,NULL,1447664245,NULL),(797,'メモリーカモフラージュギャザースカート','Mini Skirt','迷你裙','迷你裙',18360,0,0,0,'b86927','http://thumbnail.image.rakuten.co.jp/@0_mall/stylife/cabinet/item/927/b86927-01_1.jpg?_ex=400x537&s=2&r=1',3,2,2,0,0,'',1,NULL,1447664245,NULL),(798,'2WAYブリーチケーブルチュニック','Tunic','圆领针织罩衫','圓領針織冷衫',8629,0,0,0,'b86729','http://thumbnail.image.rakuten.co.jp/@0_mall/stylife/cabinet/item/729/b86729-02_1.jpg?_ex=400x537&s=2&r=1',4,2,1,0,0,'',1,NULL,1447664246,NULL),(799,'ボヘミアンレザーライダース','Riders Jacket','羊革皮褛','羊革皮褸',74520,0,0,0,'b86902','http://thumbnail.image.rakuten.co.jp/@0_mall/stylife/cabinet/item/902/b86902-01_1.jpg?_ex=400x537&s=2&r=1',3,2,3,0,0,'',1,NULL,1447664245,NULL),(800,'BOHOクラッチバッグ','Clutch bag','BOHO格纹手拿包','晚宴手拿包',12960,0,0,0,'b86285','http://thumbnail.image.rakuten.co.jp/@0_mall/stylife/cabinet/item/285/b86285-02_1.jpg?_ex=400x537&s=2&r=1',3,2,4,0,0,'',1,NULL,1447664245,NULL),(801,'ロングMA-1 BZ','Blouson','长身军夹克','長身軍褸',9709,0,0,0,'b94610','http://thumbnail.image.rakuten.co.jp/@0_mall/stylife/cabinet/item/610/b94610-02_1.jpg?_ex=400x537&s=2&r=1',4,2,2,0,0,'',1,NULL,1447664246,NULL),(802,'裏起毛異素材コンビ刺繍入りブルゾン','','','',9720,0,0,0,'b93877','http://image.aubg.jp/mgen/stylife:scripts/resize.ms?img=stylife:/images/item/B93/B93877/B93877-01_1.jpg&w=380&h=503&q=85&c=0xFFFFFF&t=jpg',1,2,1,0,0,'',1,NULL,1447664246,NULL),(803,'HNビジューニットPO','Sweaters','长袖针织毛衣','長袖針織毛衣',5292,0,0,0,'b88616','http://thumbnail.image.rakuten.co.jp/@0_mall/heather/cabinet/item/616/b88616-02_1.jpg?_ex=400x537&s=2&r=1',5,2,1,0,0,'',1,NULL,1447664246,NULL),(804,'5GWNケーブルPOLS','Turtle Neck Sweater','高领套头毛衣','高領套頭毛衣',6480,0,0,0,'b86874','http://thumbnail.image.rakuten.co.jp/@0_mall/jeanasis/cabinet/item/874/b86874-01_1.jpg?_ex=400x537&s=2&r=1',6,2,1,0,0,'',1,NULL,1447664246,NULL),(805,'モッサマキシCO','Coat','大衣','大衣',14904,0,0,0,'b93591','http://thumbnail.image.rakuten.co.jp/@0_mall/stylife/cabinet/item/591/b93591-02_1.jpg?_ex=400x537&s=2&r=1',2,3,1,0,0,'',1,NULL,1447664245,NULL),(806,'総柄綿ストレッチサテンタイトスカート','','','',5940,0,0,0,'b93886','http://image.aubg.jp/mgen/stylife:scripts/resize.ms?img=stylife:/images/item/B93/B93886/B93886-01_1.jpg&w=380&h=503&q=85&c=0xFFFFFF&t=jpg',1,2,2,0,0,'',1,NULL,1447664246,NULL),(807,'リボンVオールインワン','Overall','连身套装','連身套裝',7452,0,0,0,'b83440','http://thumbnail.image.rakuten.co.jp/@0_mall/heather/cabinet/item/440/b83440-02_1.jpg?_ex=400x537&s=2&r=1',5,2,2,0,0,'',1,NULL,1447664246,NULL),(808,'ワイドタックテーパードP ','Tapered Pants','松身西裤','鬆身西褲',7020,0,0,0,'b83452','http://thumbnail.image.rakuten.co.jp/@0_mall/jeanasis/cabinet/item/452/b83452-01_1.jpg?_ex=400x537&s=2&r=1',6,2,2,0,0,'',1,NULL,1447664246,NULL),(809,'ファークラッチ ','Fur Clutch bag','毛皮晚宴手拿包','毛皮晚宴手拿包',7560,0,0,0,'b66108','http://thumbnail.image.rakuten.co.jp/@0_mall/jeanasis/cabinet/item/108/b66108-01_1.jpg?_ex=400x537&s=2&r=1',6,2,3,0,0,'',1,NULL,1447664246,NULL),(810,'ONE TONEスウェードブーティ','Booty','短靴','踝靴',12744,0,0,0,'b93593','http://thumbnail.image.rakuten.co.jp/@0_mall/stylife/cabinet/item/593/b93593-01_1.jpg?_ex=400x537&s=2&r=1',2,3,2,0,0,'',1,NULL,1447664245,NULL),(811,'マルチボーダーニット','Bordered Sweater','彩纹毛衣','彩紋毛衣',16200,0,0,0,'b86306','http://thumbnail.image.rakuten.co.jp/@0_mall/stylife/cabinet/item/306/b86306-01_1.jpg?_ex=400x537&s=2&r=1',3,3,1,0,0,'',1,NULL,1447664245,NULL),(812,'フリンジカウチン','Cardigan','民族风开襟毛衣','民族風開襟毛衣',18349,0,0,0,'b86732','http://thumbnail.image.rakuten.co.jp/@0_mall/stylife/cabinet/item/732/b86732-02_1.jpg?_ex=400x537&s=2&r=1',4,3,1,0,0,'',1,NULL,1447664246,NULL),(813,'M-65ファーカフスブルゾン','Blouson','军款夹克','軍款大衣',39960,0,0,0,'b86901','http://thumbnail.image.rakuten.co.jp/@0_mall/stylife/cabinet/item/901/b86901-01_1.jpg?_ex=400x537&s=2&r=1',3,3,2,0,0,'',1,NULL,1447664245,NULL),(814,'ｂａｓｉｃニットTOPS','Knit','V领针织衫','V領針織冷衫',5389,0,0,0,'b70412','http://thumbnail.image.rakuten.co.jp/@0_mall/stylife/cabinet/item/412/b70412-03_1.jpg?_ex=400x537&s=2&r=1',4,3,2,0,0,'',1,NULL,1447664246,NULL),(815,'リアルスエードフリンジスカート','Fringe Skirt','羊革流苏裙','羊革流蘇裙',35640,0,0,0,'b86322','http://thumbnail.image.rakuten.co.jp/@0_mall/stylife/cabinet/item/322/b86322-01_1.jpg?_ex=400x537&s=2&r=1',3,3,3,0,0,'',1,NULL,1447664245,NULL),(816,'リボンタイブラウス','Long-sleeved Blouse','长袖衬衫','長袖襯衫',4212,0,0,0,'b84839','http://thumbnail.image.rakuten.co.jp/@0_mall/heather/cabinet/item/839/b84839-01_1.jpg?_ex=400x537&s=2&r=1',5,3,1,0,0,'',1,NULL,1447664246,NULL),(817,'BOHOクラッチバッグ','Clutch bag','BOHO格纹手拿包','BOHO格紋手拿包',12960,0,0,0,'b86285','http://thumbnail.image.rakuten.co.jp/@0_mall/stylife/cabinet/item/285/b86285-01_1.jpg?_ex=400x537&s=2&r=1',3,3,4,0,0,'',1,NULL,1447664245,NULL),(818,'フェイクスエードフリルショートパンツ','Shorts','短裤裙子','短褲裙',5292,0,0,0,'b86251','http://thumbnail.image.rakuten.co.jp/@0_mall/heather/cabinet/item/251/b86251-02_1.jpg?_ex=400x537&s=2&r=1',5,3,2,0,0,'',1,NULL,1447664246,NULL),(819,'ウールカラーHAT','Hat','绅士帽','紳士帽',6469,0,0,0,'b86737','http://thumbnail.image.rakuten.co.jp/@0_mall/stylife/cabinet/item/737/b86737-02_1.jpg?_ex=400x537&s=2&r=1',4,3,3,0,0,'',1,NULL,1447664246,NULL),(820,'総柄裏毛ZIP UPワイドパーカー','','','',5940,0,0,0,'b93878','http://image.aubg.jp/mgen/stylife:scripts/resize.ms?img=stylife:/images/item/B93/B93878/B93878-01_1.jpg&w=380&h=503&q=85&c=0xFFFFFF&t=jpg',1,3,1,0,0,'',1,NULL,1447664246,NULL),(821,'1.5GラメフェザーPO ','Sweater','长身圆领毛衣','長身圓領毛衣',5940,0,0,0,'b86873','http://thumbnail.image.rakuten.co.jp/@0_mall/jeanasis/cabinet/item/873/b86873-01_1.jpg?_ex=400x537&s=2&r=1',6,3,1,0,0,'',1,NULL,1447664246,NULL),(822,'M*ポインテッドパンプス','Pumps','尖头高跟鞋','尖頭高跟鞋',7452,0,0,0,'b46894','http://thumbnail.image.rakuten.co.jp/@0_mall/heather/cabinet/item/894/b46894-01_1.jpg?_ex=400x537&s=2&r=1',5,3,3,0,0,'',1,NULL,1447664246,NULL),(823,'ワイドタックテーパードP ','Tapered Pants','阔身西裤','鬆身西褲',7020,0,0,0,'b83452','http://thumbnail.image.rakuten.co.jp/@0_mall/jeanasis/cabinet/item/452/b83452-02_2.jpg?_ex=400x537&s=2&r=1',6,3,2,0,0,'',1,NULL,1447664246,NULL),(824,'EMODA×アルファ MA-1 tight','Blouson','夹克','夾克',27864,0,0,0,'b93595','http://thumbnail.image.rakuten.co.jp/@0_mall/stylife/cabinet/item/595/b93595-03_1.jpg?_ex=400x537&s=2&r=1',2,4,1,0,0,'',1,NULL,1447664245,NULL),(825,'フードボアCO','Half Coat','绒毛大衣','絨毛大衣',7009,0,0,0,'b86719','http://thumbnail.image.rakuten.co.jp/@0_mall/stylife/cabinet/item/719/b86719-02_1.jpg?_ex=400x537&s=2&r=1',4,4,1,0,0,'',1,NULL,1447664246,NULL),(826,'HISTANDARD BIG プルオーバー','Sweat','运动上衣','運動上衣',7549,0,0,0,'b67475','http://thumbnail.image.rakuten.co.jp/@0_mall/stylife/cabinet/item/475/b67475-03_1.jpg?_ex=400x537&s=2&r=1',4,4,2,0,0,'',1,NULL,1447664246,NULL),(827,'セルヴィッチワイドロールUPパンツ','Jeans','牛仔裤','牛仔褲',16189,0,0,0,'b75562','http://thumbnail.image.rakuten.co.jp/@0_mall/stylife/cabinet/item/562/b75562-01_1.jpg?_ex=400x537&s=2&r=1',4,4,3,0,0,'',1,NULL,1447664246,NULL),(828,'パールインディゴGジャン','Denim Jacket','珍珠边牛仔夹克','珍珠邊牛仔外套',20520,0,0,0,'b86898','http://thumbnail.image.rakuten.co.jp/@0_mall/stylife/cabinet/item/898/b86898-01_1.jpg?_ex=400x537&s=2&r=1',3,4,1,0,0,'',1,NULL,1447664245,NULL),(829,'クロスゴアパンプス','Pumps','尖头高跟鞋','尖頭高跟鞋',12949,0,0,0,'b59977','http://thumbnail.image.rakuten.co.jp/@0_mall/stylife/cabinet/item/977/b59977-04_1.jpg?_ex=400x537&s=2&r=1',4,4,4,0,0,'',1,NULL,1447664246,NULL),(830,'ネイティブジャガードスカート','Long Skirt','图案长裙','圖案長裙',19980,0,0,0,'b86314','http://thumbnail.image.rakuten.co.jp/@0_mall/stylife/cabinet/item/314/b86314-01_1.jpg?_ex=400x537&s=2&r=1',3,4,2,0,0,'',1,NULL,1447664245,NULL),(831,'SCHOTT*JEANAMA1 ','MA-1','MA-1 军褛','MA-1 軍褸',22680,0,0,0,'b91731','http://thumbnail.image.rakuten.co.jp/@0_mall/jeanasis/cabinet/item/731/b91731-01_2.jpg?_ex=400x537&s=2&r=1',6,4,1,0,0,'',1,NULL,1447664246,NULL),(832,'モッサチェスターコート','Chesterfield coat','长身大衣','長身大衣',0,0,0,0,'b86249','http://thumbnail.image.rakuten.co.jp/@0_mall/heather/cabinet/item/249/b86249-01_1.jpg?_ex=400x537&s=2&r=1',5,4,1,0,0,'',1,NULL,1447664246,NULL),(833,'綿OX L/S-BDシャツ','','','',4860,0,0,0,'a25699','http://thumbnail.image.rakuten.co.jp/@0_mall/stylife/cabinet/item/699/a25699-01_1.jpg',1,4,1,0,0,'',1,NULL,1447664246,NULL),(834,'BULKY BOLUM KNIT TOP','Sweater','毛衣','毛衣',7452,0,0,0,'b93582','http://thumbnail.image.rakuten.co.jp/@0_mall/stylife/cabinet/item/582/b93582-01_1.jpg?_ex=400x537&s=2&r=1',2,5,1,0,0,'',1,NULL,1447664245,NULL),(835,'ヒールサイドゴアブーツ','Short Boots','高跟短皮靴','高跟短皮靴',0,0,0,0,'b62390','http://thumbnail.image.rakuten.co.jp/@0_mall/heather/cabinet/item/390/b62390-01_1.jpg?_ex=400x537&s=2&r=1',5,4,2,0,0,'',1,NULL,1447664246,NULL),(836,'カット風デニムスキニーパンツ','','','',8100,0,0,0,'b93887','http://image.aubg.jp/mgen/stylife:scripts/resize.ms?img=stylife:/images/item/B93/B93887/B93887-01_1.jpg&w=380&h=503&q=85&c=0xFFFFFF&t=jpg',1,4,2,0,0,'',1,NULL,1447664246,NULL),(837,'キュウシン柄ニットプルオーバー','Knit','图案针织上衣','圖案針織上衣',7549,0,0,0,'b94608','http://thumbnail.image.rakuten.co.jp/@0_mall/stylife/cabinet/item/608/b94608-01_1.jpg?_ex=400x537&s=2&r=1',4,5,1,0,0,'',1,NULL,1447664246,NULL),(838,'キュウシン柄タイトSK','Skirt','图案针织裙','圖案針織裙',6469,0,0,0,'b94611','http://thumbnail.image.rakuten.co.jp/@0_mall/stylife/cabinet/item/611/b94611-02_1.jpg?_ex=400x537&s=2&r=1',4,5,2,0,0,'',1,NULL,1447664246,NULL),(839,'7GストレッチタートルPOLS ','Sweater','套头毛衣','套頭毛衣',7020,0,0,0,'b63752','http://thumbnail.image.rakuten.co.jp/@0_mall/jeanasis/cabinet/item/752/b63752-01_1.jpg?_ex=400x537&s=2&r=1',6,4,2,0,0,'',1,NULL,1447664246,NULL),(840,'ハククラッシュDENIM ','Jeans','型格牛仔裤','型格牛仔褲',9180,0,0,0,'b67215','http://thumbnail.image.rakuten.co.jp/@0_mall/jeanasis/cabinet/item/215/b67215-01_1.jpg?_ex=400x537&s=2&r=1',6,4,3,0,0,'',1,NULL,1447664246,NULL),(841,'BOHOジャガードロングカーディガン','Cardigan','长身图案毛衣','長身圖案毛衣',24840,0,0,0,'b86305','http://thumbnail.image.rakuten.co.jp/@0_mall/stylife/cabinet/item/305/b86305-01_1.jpg?_ex=400x537&s=2&r=1',3,5,1,0,0,'',1,NULL,1447664245,NULL),(842,'スエードフリンジバッグ','Shoulder Bag','流苏设计肩背包','流蘇設計肩背包',25920,0,0,0,'b86284','http://thumbnail.image.rakuten.co.jp/@0_mall/stylife/cabinet/item/284/b86284-01_1.jpg?_ex=400x537&s=2&r=1',3,5,2,0,0,'',1,NULL,1447664245,NULL),(843,'NEWサイドゴアブーツ ','Booty','短身皮靴','短身皮靴',15109,0,0,0,'b72178','http://thumbnail.image.rakuten.co.jp/@0_mall/stylife/cabinet/item/178/b72178-01_1.jpg?_ex=400x537&s=2&r=1',4,5,3,0,0,'',1,NULL,1447664246,NULL),(844,'ブラックコーデュロイショートパンツ','Shorts','灯芯绒短裤','燈芯絨短褲',11880,0,0,0,'b86921','http://thumbnail.image.rakuten.co.jp/@0_mall/stylife/cabinet/item/921/b86921-01_1.jpg?_ex=400x537&s=2&r=1',3,5,3,0,0,'',1,NULL,1447664245,NULL),(845,'ボトルネックインナー','Sweaters','长袖针织毛衣','長袖針織毛衣',4212,0,0,0,'http://item.rakuten.co.jp/heather/b71069','http://thumbnail.image.rakuten.co.jp/@0_mall/heather/cabinet/item/069/b71069-01_1.jpg?_ex=400x537&s=2&r=1',5,5,1,0,0,'',1,NULL,1447664246,NULL),(846,'POINTED SQUAREHEEL PUMPS','Pumps','圆头平底鞋','圓頭平底鞋',10584,0,0,0,'b93585','http://thumbnail.image.rakuten.co.jp/@0_mall/stylife/cabinet/item/585/b93585-01_1.jpg?_ex=400x537&s=2&r=1',2,6,1,0,0,'',1,NULL,1447664245,NULL),(847,'ミラノリブボーダーハイネックL/Sワイドセーター','','','',7560,0,0,0,'b93876','http://image.aubg.jp/mgen/stylife:scripts/resize.ms?img=stylife:/images/item/B93/B93876/B93876-01_1.jpg&w=380&h=503&q=85&c=0xFFFFFF&t=jpg',1,5,1,0,0,'',1,NULL,1447664246,NULL),(848,'クラシックFLWキュロット','Culottes','高腰图案短裙','高腰圖案短裙',5292,0,0,0,'b68898','http://thumbnail.image.rakuten.co.jp/@0_mall/heather/cabinet/item/898/b68898-03_1.jpg?_ex=400x537&s=2&r=1',5,5,2,0,0,'',1,NULL,1447664246,NULL),(849,'綿OX L/S-BDシャツ','','','',4860,0,0,0,'a25699','http://thumbnail.image.rakuten.co.jp/@0_mall/stylife/cabinet/item/699/a25699-01_1.jpg',1,5,2,0,0,'',1,NULL,1447664246,NULL),(850,'M*BIGラペルマキシJK','Coat','长身风衣','長身風衣',9612,0,0,0,'b66079','http://thumbnail.image.rakuten.co.jp/@0_mall/heather/cabinet/item/079/b66079-02_1.jpg?_ex=400x537&s=2&r=1',5,5,3,0,0,'',1,NULL,1447664246,NULL),(851,'ローライズワークパンツ','','','',7560,0,0,0,'b93889','http://image.aubg.jp/mgen/stylife:scripts/resize.ms?img=stylife:/images/item/B93/B93889/B93889-01_1.jpg&w=380&h=503&q=85&c=0xFFFFFF&t=jpg',1,5,3,0,0,'',1,NULL,1447664246,NULL),(852,'PUレースアップブーツ','Shoes','高跟皮靴','高跟皮靴',8532,0,0,0,'b62389','http://thumbnail.image.rakuten.co.jp/@0_mall/heather/cabinet/item/389/b62389-01_1.jpg?_ex=400x537&s=2&r=1',5,5,4,0,0,'',1,NULL,1447664246,NULL),(853,'ロングボリュームコート ','Long Coat','长大衣','長大衣',18360,0,0,0,'b91730','http://thumbnail.image.rakuten.co.jp/@0_mall/jeanasis/cabinet/item/730/b91730-02_1.jpg?_ex=400x537&s=2&r=1',6,5,1,0,0,'',1,NULL,1447664246,NULL),(854,'BOHOチュニック','Tunic','民族风罩衫','民族風罩衫',22680,0,0,0,'b86914','http://thumbnail.image.rakuten.co.jp/@0_mall/stylife/cabinet/item/914/b86914-01_1.jpg?_ex=400x537&s=2&r=1',3,6,1,0,0,'',1,NULL,1447664245,NULL),(855,'モッズコート','Mods Coat','高领风衣','高領風衣',21589,0,0,0,'b94609','http://thumbnail.image.rakuten.co.jp/@0_mall/stylife/cabinet/item/609/b94609-01_1.jpg?_ex=400x537&s=2&r=1',4,6,1,0,0,'',1,NULL,1447664246,NULL),(856,'ハイネックウラロングPO ','Sweat','运动套头上衣','運動套頭上衣',5940,0,0,0,'b86876','http://thumbnail.image.rakuten.co.jp/@0_mall/jeanasis/cabinet/item/876/b86876-02_1.jpg?_ex=400x537&s=2&r=1',6,5,2,0,0,'',1,NULL,1447664246,NULL),(857,'HRDENIMスキニー ','Skinny Jeans','紧身牛仔裤','緊身牛仔褲',6480,0,0,0,'b61266','http://thumbnail.image.rakuten.co.jp/@0_mall/jeanasis/cabinet/item/266/b61266-03_1.jpg?_ex=400x537&s=2&r=1',6,5,3,0,0,'',1,NULL,1447664246,NULL),(858,'ボヘミアンファーベスト','Fur Vest','毛皮背心','毛皮背心',47520,0,0,0,'b86904','http://thumbnail.image.rakuten.co.jp/@0_mall/stylife/cabinet/item/904/b86904-01_1.jpg?_ex=400x537&s=2&r=1',3,6,2,0,0,'',1,NULL,1447664245,NULL),(859,'BACK OPEN KT','Knit','开襟针织衫','開襟針織冷衫',7549,0,0,0,'b86725','http://thumbnail.image.rakuten.co.jp/@0_mall/stylife/cabinet/item/725/b86725-02_3.jpg?_ex=400x537&s=2&r=1',4,6,2,0,0,'',1,NULL,1447664246,NULL),(860,'Rファースヌード ','Fur Snood','毛皮颈围','毛皮頸圍',4320,0,0,0,'b67518','http://thumbnail.image.rakuten.co.jp/@0_mall/jeanasis/cabinet/item/518/b67518-01_1.jpg?_ex=400x537&s=2&r=1',6,5,4,0,0,'',1,NULL,1447664246,NULL),(861,'アシメフリンジデニム','Denim Skirt','牛仔裙子','牛仔裙',9709,0,0,0,'b70413','http://thumbnail.image.rakuten.co.jp/@0_mall/stylife/cabinet/item/413/b70413-01_1.jpg?_ex=400x537&s=2&r=1',4,6,3,0,0,'',1,NULL,1447664246,NULL),(862,'ファークラッチ ','Fur Clutch bag','毛皮晚宴手拿包','毛皮晚宴手拿包',7560,0,0,0,'b66108','http://thumbnail.image.rakuten.co.jp/@0_mall/jeanasis/cabinet/item/108/b66108-02_1.jpg?_ex=400x537&s=2&r=1',6,5,5,0,0,'',1,NULL,1447664246,NULL),(863,'ブラックコーデュロイショートパンツ','Shorts','灯芯绒短裤','燈芯絨短褲',11880,0,0,0,'http://item.rakuten.co.jp/stylife/b86921/','http://thumbnail.image.rakuten.co.jp/@0_mall/stylife/cabinet/item/921/b86921-01_1.jpg?_ex=400x537&s=2&r=1',3,6,3,0,0,'',1,NULL,1447664245,NULL),(864,'ポインテッドサイドゴアブーツ','Booty','高跟短靴','高跟短靴',14029,0,0,0,'b86739','http://thumbnail.image.rakuten.co.jp/@0_mall/stylife/cabinet/item/739/b86739-01_1.jpg?_ex=400x537&s=2&r=1',4,6,4,0,0,'',1,NULL,1447664246,NULL),(865,'HNウラケBIGプルオーバー','Sweat','长袖套衣','長袖套衣',4860,0,0,0,'b87515','http://thumbnail.image.rakuten.co.jp/@0_mall/heather/cabinet/item/515/b87515-02_1.jpg?_ex=400x537&s=2&r=1',5,6,1,0,0,'',1,NULL,1447664246,NULL),(866,'カットCOLORミドルスカート','Tight Skirt','圆筒长裙','圓筒長裙',4212,0,0,0,'b78398','http://thumbnail.image.rakuten.co.jp/@0_mall/heather/cabinet/item/398/b78398-03_1.jpg?_ex=400x537&s=2&r=1',5,6,2,0,0,'',1,NULL,1447664246,NULL),(867,'Rキモウチェックシャツ','Long Sleeve Shirt','格纹长袖衬衫','格紋長袖襯衫',4212,0,0,0,'b83441','http://thumbnail.image.rakuten.co.jp/@0_mall/heather/cabinet/item/441/b83441-03_1.jpg?_ex=400x537&s=2&r=1',5,6,3,0,0,'',1,NULL,1447664246,NULL),(868,'TC裏起毛プリントプルオーバーパーカー','','','',5292,0,0,0,'b93879','http://image.aubg.jp/mgen/stylife:scripts/resize.ms?img=stylife:/images/item/B93/B93879/B93879-03_1.jpg&w=380&h=503&q=85&c=0xFFFFFF&t=jpg',1,6,1,0,0,'',1,NULL,1447664246,NULL),(869,'ナカワタロングフードコート ','Coat','牛仔大衣','牛仔大衣',15120,0,0,0,'b87539','http://thumbnail.image.rakuten.co.jp/@0_mall/jeanasis/cabinet/item/539/b87539-02_1.jpg?_ex=400x537&s=2&r=1',6,6,1,0,0,'',1,NULL,1447664246,NULL),(870,'ハイネックL/S-Tシャツ','','','',3780,0,0,0,'b93882','http://image.aubg.jp/mgen/stylife:scripts/resize.ms?img=stylife:images/item/B93/B93882/B93882-01_1.jpg&w=380&h=503&q=85&c=0xFFFFFF&t=jpg',1,6,2,0,0,'',1,NULL,1447664246,NULL),(871,'2015FWGジャン ','Denim Jacket','牛仔布夹克','牛仔褸',8100,0,0,0,'b66107','http://thumbnail.image.rakuten.co.jp/@0_mall/jeanasis/cabinet/item/107/b66107-02_1.jpg?_ex=400x537&s=2&r=1',6,6,2,0,0,'',1,NULL,1447664246,NULL),(872,'5GモヘアラメPOLS ','Sweater','圆领针织毛衣','圓領針織毛衣',5400,0,0,0,'b69645','http://thumbnail.image.rakuten.co.jp/@0_mall/jeanasis/cabinet/item/645/b69645-03_1.jpg?_ex=400x537&s=2&r=1',6,6,3,0,0,'',1,NULL,1447664246,NULL),(873,'ニットペンシルSK ','Knit Skirt','针织裙子','針織裙子',5940,0,0,0,'b78424','http://thumbnail.image.rakuten.co.jp/@0_mall/jeanasis/cabinet/item/424/b78424-01_1.jpg?_ex=400x537&s=2&r=1',6,6,4,0,0,'',1,NULL,1447664246,NULL),(874,'タッセルフラップショルダー ','Shoulder Bags','真皮肩包','真皮肩包',7560,0,0,0,'b69649','http://thumbnail.image.rakuten.co.jp/@0_mall/jeanasis/cabinet/item/649/b69649-01_1.jpg?_ex=400x537&s=2&r=1',6,6,5,0,0,'',1,NULL,1447664246,NULL),(875,'ロングワンドパンツ','Wide Pants','宽裤子','寬褲子',19980,0,0,0,'b86922','http://thumbnail.image.rakuten.co.jp/@0_mall/stylife/cabinet/item/922/b86922-01_1.jpg?_ex=400x537&s=2&r=1',3,7,1,0,0,'',1,NULL,1447664245,NULL),(876,'シャイニードットリボンブラウス','Blouse','蕾丝透视上衣','蕾絲透視上衣',20520,0,0,0,'b86298','http://thumbnail.image.rakuten.co.jp/@0_mall/stylife/cabinet/item/298/b86298-01_1.jpg?_ex=400x537&s=2&r=1',3,7,2,0,0,'',1,NULL,1447664245,NULL),(877,'カーキロングコート','Long Coat','长身大衣','長身大衣',59400,0,0,0,'b93418','http://thumbnail.image.rakuten.co.jp/@0_mall/stylife/cabinet/item/418/b93418-01_1.jpg?_ex=400x537&s=2&r=1',3,7,3,0,0,'',1,NULL,1447664245,NULL),(878,'ファーキャップ ','Fur Cap','毛皮圆筒帽','毛皮圓筒帽',4320,0,0,0,'b69644','http://thumbnail.image.rakuten.co.jp/@0_mall/jeanasis/cabinet/item/644/b69644-01_4.jpg?_ex=400x537&s=2&r=1',6,7,1,0,0,'',1,NULL,1447664246,NULL),(879,'TCストレッチライダースJKT','','','',16200,0,0,0,'b93875','http://image.aubg.jp/mgen/stylife:scripts/resize.ms?img=stylife:/images/item/B93/B93875/B93875-01_1.jpg&w=380&h=503&q=85&c=0xFFFFFF&t=jpg',1,7,1,0,0,'',1,NULL,1447664246,NULL),(880,'プリントS/S-Tシャツ','','','',2700,0,0,0,'b93883','http://image.aubg.jp/mgen/stylife:scripts/resize.ms?img=stylife:/images/item/B93/B93883/B93883-01_1.jpg&w=380&h=503&q=85&c=0xFFFFFF&t=jpg',1,7,2,0,0,'',1,NULL,1447664246,NULL),(881,'裏起毛プリントタイトスカート','','','',3780,0,0,0,'b93885','http://image.aubg.jp/mgen/stylife:scripts/resize.ms?img=stylife:/images/item/B93/B93885/B93885-01_1.jpg&w=380&h=503&q=85&c=0xFFFFFF&t=jpg',1,7,3,0,0,'',1,NULL,1447664246,NULL),(882,'総柄トートバッグ','','','',5940,0,0,0,'b93891','http://image.aubg.jp/mgen/stylife:scripts/resize.ms?img=stylife:/images/item/B93/B93891/B93891-01_1.jpg&w=380&h=503&q=85&c=0xFFFFFF&t=jpg',1,7,4,0,0,'',1,NULL,1447664246,NULL),(883,'JSランドセル ','Bag','真皮背包','真皮背包',9720,0,0,0,'b66109','http://thumbnail.image.rakuten.co.jp/@0_mall/jeanasis/cabinet/item/109/b66109-01_1.jpg?_ex=400x537&s=2&r=1',6,7,2,0,0,'',1,NULL,1447664246,NULL),(884,'ギルドBOHOプリントシャツ','Blouse','蕾丝花边图案上衣','蕾絲花邊圖案上衣',19440,0,0,0,'b86299','http://thumbnail.image.rakuten.co.jp/@0_mall/stylife/cabinet/item/299/b86299-01_1.jpg?_ex=400x537&s=2&r=1',3,8,1,0,0,'',1,NULL,1447664245,NULL),(885,'裏起毛ZIP UPパーカー','','','',3996,0,0,0,'b93880','http://image.aubg.jp/mgen/stylife:scripts/resize.ms?img=stylife:/images/item/B93/B93880/B93880-01_1.jpg&w=380&h=503&q=85&c=0xFFFFFF&t=jpg',1,8,1,0,0,'',1,NULL,1447664246,NULL),(886,'バイカラ―カモフラジャケット','Jacket','西装夹克','西裝外套',35640,0,0,0,'b86897','http://thumbnail.image.rakuten.co.jp/@0_mall/stylife/cabinet/item/897/b86897-01_1.jpg?_ex=400x537&s=2&r=1',3,8,2,0,0,'',1,NULL,1447664245,NULL),(887,'プリントS/S-Tシャツ','','','',2700,0,0,0,'b93884','http://image.aubg.jp/mgen/stylife:scripts/resize.ms?img=stylife:/images/item/B93/B93884/B93884-01_1.jpg&w=380&h=503&q=85&c=0xFFFFFF&t=jpg',1,8,2,0,0,'',1,NULL,1447664246,NULL),(888,'カモフラワンドパンツ','Wide Pants','图案纹宽裤','圖案紋寬褲',19980,0,0,0,'b86319','http://thumbnail.image.rakuten.co.jp/@0_mall/stylife/cabinet/item/319/b86319-01_1.jpg?_ex=400x537&s=2&r=1',3,8,3,0,0,'',1,NULL,1447664245,NULL),(889,'総柄綿ストレッチサテンタイトスカート','','','',5940,0,0,0,'b93886','http://image.aubg.jp/mgen/stylife:scripts/resize.ms?img=stylife:/images/item/B93/B93886/B93886-01_1.jpg&w=380&h=503&q=85&c=0xFFFFFF&t=jpg',1,8,3,0,0,'',1,NULL,1447664246,NULL),(890,'コクーンフードコート ','Coat','长身大衣','長身大衣',15120,0,0,0,'b73030','http://thumbnail.image.rakuten.co.jp/@0_mall/jeanasis/cabinet/item/030/b73030-02_1.jpg?_ex=400x537&s=2&r=1',6,8,1,0,0,'',1,NULL,1447664246,NULL),(891,'総柄バックパック','','','',6480,0,0,0,'b93893','http://image.aubg.jp/mgen/stylife:scripts/resize.ms?img=stylife:/images/item/B93/B93893/B93893-01_1.jpg&w=380&h=503&q=85&c=0xFFFFFF&t=jpg',1,8,4,0,0,'',1,NULL,1447664246,NULL),(892,'7GAWアゼVPOLS','Sweater','针织毛衣','針織毛衣',5940,0,0,0,'b71581','http://thumbnail.image.rakuten.co.jp/@0_mall/jeanasis/cabinet/item/581/b71581-01_1.jpg?_ex=400x537&s=2&r=1',6,8,2,0,0,'',1,NULL,1447664246,NULL),(893,'チェックキモウワイドP ','Checked Pants','方格裤子','方格褲子',7020,0,0,0,'b84870','http://thumbnail.image.rakuten.co.jp/@0_mall/jeanasis/cabinet/item/870/b84870-02_1.jpg?_ex=400x537&s=2&r=1',6,8,3,0,0,'',1,NULL,1447664246,NULL),(894,'リブタイトハイネックLS ','Cut and Sewn','长袖套衣','長袖套衣',3240,0,0,0,'b68930','http://thumbnail.image.rakuten.co.jp/@0_mall/jeanasis/cabinet/item/930/b68930-01_1.jpg?_ex=400x537&s=2&r=1',6,8,4,0,0,'',1,NULL,1447664246,NULL),(895,'カモフラージュクラッチバッグ','Clutch bag','迷彩手拿包','迷彩手拿包',17280,0,0,0,'b86283','http://thumbnail.image.rakuten.co.jp/@0_mall/stylife/cabinet/item/283/b86283-01_1.jpg?_ex=400x537&s=2&r=1',3,9,1,0,0,'',1,NULL,1447664245,NULL),(896,'フェイクカラードットスリーブドレス','Long Sleeved One-piece Dress','波点长袖连衣裙','波點長袖連衣裙',29160,0,0,0,'b93419','http://thumbnail.image.rakuten.co.jp/@0_mall/stylife/cabinet/item/419/b93419-01_1.jpg?_ex=400x537&s=2&r=1',3,9,2,0,0,'',1,NULL,1447664245,NULL),(897,'2015FWGジャン ','Denim Jacket','牛仔布夹克','牛仔布褸',8100,0,0,0,'b66107','http://thumbnail.image.rakuten.co.jp/@0_mall/jeanasis/cabinet/item/107/b66107-02_1.jpg?_ex=400x537&s=2&r=1',6,9,1,0,0,'',1,NULL,1447664246,NULL),(898,'ニットペンシルSK ','Knit Skirt','针织裙子','針織裙子',5940,0,0,0,'b78424','http://thumbnail.image.rakuten.co.jp/@0_mall/jeanasis/cabinet/item/424/b78424-02_1.jpg?_ex=400x537&s=2&r=1',6,9,2,0,0,'',1,NULL,1447664246,NULL),(899,'サイドゴアHブーツ ','Short Boots','高跟短皮靴','高跟短皮靴',9180,0,0,0,'b60283','http://thumbnail.image.rakuten.co.jp/@0_mall/jeanasis/cabinet/item/283/b60283-05_1.jpg?_ex=400x537&s=2&r=1',6,9,3,0,0,'',1,NULL,1447664246,NULL),(900,'ミリタリーオールインワン','Overall','连身军款套装','連身軍款套裝',47520,0,0,0,'b86910','http://thumbnail.image.rakuten.co.jp/@0_mall/stylife/cabinet/item/910/b86910-01_1.jpg?_ex=400x537&s=2&r=1',3,10,1,0,0,'',1,NULL,1447664245,NULL),(901,'ラクーンファーニットキャップ','Knit Hat','针织冷帽','針織冷帽',6372,0,0,0,'b86323','http://thumbnail.image.rakuten.co.jp/@0_mall/stylife/cabinet/item/323/b86323-02_1.jpg?_ex=400x537&s=2&r=1',3,10,2,0,0,'',1,NULL,1447664245,NULL),(902,'5GモヘアラメPOLS ','Sweater','圆领毛衣','圓領毛衣',5400,0,0,0,'b69645','http://thumbnail.image.rakuten.co.jp/@0_mall/jeanasis/cabinet/item/645/b69645-02_1.jpg?_ex=400x537&s=2&r=1',6,10,1,0,0,'',1,NULL,1447664246,NULL),(903,'tuckタイP ','Thai Pants','长裤','長褲',7020,0,0,0,'b74402','http://thumbnail.image.rakuten.co.jp/@0_mall/jeanasis/cabinet/item/402/b74402-02_1.jpg?_ex=400x537&s=2&r=1',6,10,2,0,0,'',1,NULL,1447664246,NULL),(904,'ムートンコート','Mouton Coat','染色羊皮大衣','染色羊皮大衣',199800,0,0,0,'b91841','http://thumbnail.image.rakuten.co.jp/@0_mall/stylife/cabinet/item/841/b91841-01_1.jpg?_ex=400x537&s=2&r=1',3,11,1,0,0,'',1,NULL,1447664245,NULL),(905,'ブラックコーデュロイショートパンツ','Shorts','灯芯绒短裤','燈芯絨短褲',11880,0,0,0,'http://item.rakuten.co.jp/stylife/b86921/','http://thumbnail.image.rakuten.co.jp/@0_mall/stylife/cabinet/item/921/b86921-01_1.jpg?_ex=400x537&s=2&r=1',3,11,2,0,0,'',1,NULL,1447664245,NULL),(906,'LOTTIE TARTAN','','','',17280,0,0,0,'b89564','http://thumbnail.image.rakuten.co.jp/@0_mall/stylife/cabinet/item/564/b89564-01_1.jpg?_ex=400x537&s=2&r=1',7,1,1,0,0,'',1,NULL,1447664248,NULL),(907,'ピンストライプグレースジャケット','Jacket','西装夹克','西裝外套',42120,0,0,0,'b86279','',8,1,1,0,0,'',1,NULL,1447664248,NULL),(908,'FLAT HANDLE BOSTON','','','',10476,0,0,0,'b85521','http://thumbnail.image.rakuten.co.jp/@0_mall/stylife/cabinet/item/521/b85521-03_1.jpg?_ex=400x537&s=2&r=1',7,1,2,0,0,'',1,NULL,1447664248,NULL),(909,'ピンストライプワイドパンツ','Wide Pants','条纹宽裤子','條紋寬褲子',19440,0,0,0,'b86370','http://thumbnail.image.rakuten.co.jp/@0_mall/stylife/cabinet/item/370/b86370-01_1.jpg?_ex=400x537&s=2&r=1',8,1,2,0,0,'',1,NULL,1447664248,NULL),(910,'スパンコールボウタイシャツ','Shirt','领带衬衣','領呔恤衫',17280,0,0,0,'b86355','http://thumbnail.image.rakuten.co.jp/@0_mall/stylife/cabinet/item/355/b86355-01_1.jpg?_ex=400x537&s=2&r=1',8,1,3,0,0,'',1,NULL,1447664248,NULL),(911,'AWニットワッチ','Hat','冷帽','冷帽',1944,0,0,0,'b69627','http://thumbnail.image.rakuten.co.jp/@0_mall/lowrysfarm/cabinet/item/627/b69627-07_1.jpg?_ex=400x537&s=2&r=1',9,1,1,0,0,'',1,NULL,1447664248,NULL),(912,'ROW OF THE JEWELS','','','',19440,0,0,0,'b89560','http://thumbnail.image.rakuten.co.jp/@0_mall/stylife/cabinet/item/560/b89560-01_1.jpg?_ex=400x537&s=2&r=1',7,2,1,0,0,'',1,NULL,1447664248,NULL),(913,'Vネックカラーピンストライプブラウス','Blouse','条纹衬衫','條紋恤衫',18360,0,0,0,'b86282','',8,2,1,0,0,'',1,NULL,1447664248,NULL),(914,'グレンチェックストレッチジャケット','Jacket','灰色西装夹克','灰色西裝外套',42120,0,0,0,'b86335','http://thumbnail.image.rakuten.co.jp/@0_mall/stylife/cabinet/item/335/b86335-01_1.jpg?_ex=400x537&s=2&r=1',8,2,2,0,0,'',1,NULL,1447664248,NULL),(915,'グレンチェックテーパ―ドパンツ','Tapered Pants','格纹西裤','格紋西褲',18360,0,0,0,'b86372','http://thumbnail.image.rakuten.co.jp/@0_mall/stylife/cabinet/item/372/b86372-01_1.jpg?_ex=400x537&s=2&r=1',8,2,3,0,0,'',1,NULL,1447664248,NULL),(916,'ビジューネックレスワンピ','','','',49680,0,0,0,'b39590','http://thumbnail.image.rakuten.co.jp/@0_mall/stylife/cabinet/item/590/b39590-01_1.jpg?_ex=400x537&s=2&r=1',10,1,1,0,0,'',1,NULL,1447664248,NULL),(917,'N3B','Outerwear','毛领大衣','毛領大衣',18360,0,0,0,'b71382','http://thumbnail.image.rakuten.co.jp/@0_mall/lowrysfarm/cabinet/item/382/b71382-03_1.jpg?_ex=400x537&s=2&r=1',9,2,1,0,0,'',1,NULL,1447664248,NULL),(918,'PUPLAM COCOON','','','',15984,0,0,0,'b89563','http://thumbnail.image.rakuten.co.jp/@0_mall/stylife/cabinet/item/563/b89563-03_1.jpg?_ex=400x537&s=2&r=1',7,3,1,0,0,'',1,NULL,1447664248,NULL),(919,'サイドゴアブーツ','Short Boots','短皮靴','短皮靴',6480,0,0,0,'b72023','http://thumbnail.image.rakuten.co.jp/@0_mall/lowrysfarm/cabinet/item/023/b72023-04_1.jpg?_ex=400x537&s=2&r=1',9,2,2,0,0,'',1,NULL,1447664248,NULL),(920,'グレンチェックオールインワン','Overall','连身套装','連身套裝',37800,0,0,0,'b86352','http://thumbnail.image.rakuten.co.jp/@0_mall/stylife/cabinet/item/352/b86352-01_1.jpg?_ex=400x537&s=2&r=1',8,3,1,0,0,'',1,NULL,1447664248,NULL),(921,'【CASUAL】モッサウールP/CT','Pea Coat','水兵短外衣','水兵短外衣',18360,0,0,0,'b93986','http://thumbnail.image.rakuten.co.jp/@0_mall/stylife/cabinet/item/986/b93986-01_1.jpg?_ex=400x537&s=2&r=1',11,1,1,0,0,'',1,NULL,1447664248,NULL),(922,'オーガンジープリーツスカート','','','',6372,0,0,0,'b86779','http://image.aubg.jp/mgen/web:scripts/resize.ms?img=stylife:/images/item/B86/B86779/B86779-03_1.jpg',12,1,1,0,0,'',1,NULL,1447664248,NULL),(923,'【CASUAL】ヘムクラッシュデニムフレアSK','Denim Skirt','牛仔布裙子','牛仔布裙子',11340,0,0,0,'b89855','http://thumbnail.image.rakuten.co.jp/@0_mall/stylife/cabinet/item/855/b89855-03_1.jpg?_ex=400x537&s=2&r=1',11,1,2,0,0,'',1,NULL,1447664248,NULL),(924,'【FEMININE】fitリブタートル','Turtle Neck Sweater','套头领毛衣','套頭領毛衣',5940,0,0,0,'b64677','http://thumbnail.image.rakuten.co.jp/@0_mall/stylife/cabinet/item/677/b64677-01_1.jpg?_ex=400x537&s=2&r=1',11,1,3,0,0,'',1,NULL,1447664248,NULL),(925,'ネックスカラップ細ケーブルプルオーバー','','','',3780,0,0,0,'b86785','http://image.aubg.jp/mgen/web:scripts/resize.ms?img=stylife:/images/item/B86/B86785/B86785-01_1.jpg',12,1,2,0,0,'',1,NULL,1447664248,NULL),(926,'【LIFE】FLUFFY SOX','Socks','袜子','襪子',3456,0,0,0,'b89858','http://thumbnail.image.rakuten.co.jp/@0_mall/stylife/cabinet/item/858/b89858-01_1.jpg?_ex=400x537&s=2&r=1',11,1,4,0,0,'',1,NULL,1447664248,NULL),(927,'衿取り外しノーカラーコート ','','','',9612,0,0,0,'b86797','http://image.aubg.jp/mgen/web:scripts/resize.ms?img=stylife:/images/item/B86/B86797/B86797-05_1.jpg',12,1,3,0,0,'',1,NULL,1447664248,NULL),(928,'【SHOES】ウエッジスエードパンプス','Pumps','圆头平底鞋','圓頭平底鞋',12960,0,0,0,'b93980','http://thumbnail.image.rakuten.co.jp/@0_mall/stylife/cabinet/item/980/b93980-01_1.jpg?_ex=400x537&s=2&r=1',11,1,5,0,0,'',1,NULL,1447664248,NULL),(929,'レースアップブーティ','','','',5292,0,0,0,'s34918','http://image.aubg.jp/mgen/web:scripts/resize.ms?img=stylife:/images/item/S34/S34918/S34918-08_1.jpg',12,1,4,0,0,'',1,NULL,1447664248,NULL),(930,'パールボリュームスリーブニット','','','',15984,0,0,0,'b68043','http://thumbnail.image.rakuten.co.jp/@0_mall/stylife/cabinet/item/043/b68043-01_1.jpg?_ex=400x537&s=2&r=1',10,2,1,0,0,'',1,NULL,1447664248,NULL),(931,'2WAY GAUCHO ROMPERES','','','',18360,0,0,0,'b89561','http://thumbnail.image.rakuten.co.jp/@0_mall/stylife/cabinet/item/561/b89561-01_1.jpg?_ex=400x537&s=2&r=1',7,4,1,0,0,'',1,NULL,1447664248,NULL),(932,'レースフレアパンツ','','','',11664,0,0,0,'b68091','http://thumbnail.image.rakuten.co.jp/@0_mall/stylife/cabinet/item/091/b68091-03_1.jpg?_ex=400x537&s=2&r=1',10,2,2,0,0,'',1,NULL,1447664248,NULL),(933,'WHIP COLOR FUR CLUTCH','','','',10476,0,0,0,'b88877','http://thumbnail.image.rakuten.co.jp/@0_mall/stylife/cabinet/item/877/b88877-02_1.jpg?_ex=400x537&s=2&r=1',7,4,2,0,0,'',1,NULL,1447664248,NULL),(934,'ストレッチツィードジャケット','Tweed Jacket','剪裁西装外套','剪裁西裝外套',42120,0,0,0,'b86338','http://thumbnail.image.rakuten.co.jp/@0_mall/stylife/cabinet/item/338/b86338-01_1.jpg?_ex=400x537&s=2&r=1',8,4,1,0,0,'',1,NULL,1447664248,NULL),(935,'ネルチェックシャツ','Shirt','格纹衬衣','格紋襯衫',3780,0,0,0,'b41007','http://thumbnail.image.rakuten.co.jp/@0_mall/lowrysfarm/cabinet/item/007/b41007-03_1.jpg?_ex=400x537&s=2&r=1',9,3,1,0,0,'',1,NULL,1447664248,NULL),(936,'ストレッチツィードワイドパンツ','Tweed Pants','剪裁西裤','剪裁西褲',19440,0,0,0,'b86371','http://thumbnail.image.rakuten.co.jp/@0_mall/stylife/cabinet/item/371/b86371-01_1.jpg?_ex=400x537&s=2&r=1',8,4,2,0,0,'',1,NULL,1447664248,NULL),(937,'アソートデニムミニスカート','Mini Skirt','牛仔迷你裙','牛仔迷你裙',5292,0,0,0,'b62403','http://thumbnail.image.rakuten.co.jp/@0_mall/lowrysfarm/cabinet/item/403/b62403-04_1.jpg?_ex=400x537&s=2&r=1',9,3,2,0,0,'',1,NULL,1447664248,NULL),(938,'ベーカーチェックモノグラムクラッチ','Clutch bag','图案条纹手拿包','圖案條紋手拿包',18360,0,0,0,'b93686','http://thumbnail.image.rakuten.co.jp/@0_mall/stylife/cabinet/item/686/b93686-01_1.jpg?_ex=400x537&s=2&r=1',8,4,3,0,0,'',1,NULL,1447664248,NULL),(939,'スクエアリュック','Rucksacks','休闲背包','休閒背包',4860,0,0,0,'b42824','http://thumbnail.image.rakuten.co.jp/@0_mall/lowrysfarm/cabinet/item/824/b42824-02_1.jpg?_ex=400x537&s=2&r=1',9,3,3,0,0,'',1,NULL,1447664248,NULL),(940,'【FEMININE】モッサウールステンカラーCT','Stain Color Coat','立领衬衫','立領襯衫',23220,0,0,0,'b93984','http://thumbnail.image.rakuten.co.jp/@0_mall/stylife/cabinet/item/984/b93984-07_1.jpg?_ex=400x537&s=2&r=1',11,2,1,0,0,'',1,NULL,1447664248,NULL),(941,'EMBELLISEHD COLLAR','','','',15984,0,0,0,'b89562','http://thumbnail.image.rakuten.co.jp/@0_mall/stylife/cabinet/item/562/b89562-06_1.jpg?_ex=400x537&s=2&r=1',7,6,1,0,0,'',1,NULL,1447664248,NULL),(942,'【CASUAL】ルーズニットタートルPO','Sweater','毛衣','毛衣',6264,0,0,0,'b70858','http://thumbnail.image.rakuten.co.jp/@0_mall/stylife/cabinet/item/858/b70858-01_1.jpg?_ex=400x537&s=2&r=1',11,2,2,0,0,'',1,NULL,1447664248,NULL),(943,'デニムバギーパンツ','','','',7452,0,0,0,'b86781','http://image.aubg.jp/mgen/web:scripts/resize.ms?img=stylife:/images/item/B86/B86781/B86781-01_1.jpg',12,2,1,0,0,'',1,NULL,1447664248,NULL),(944,'シンプルショルダーバッグ','','','',9396,0,0,0,'b88876','http://thumbnail.image.rakuten.co.jp/@0_mall/stylife/cabinet/item/876/b88876-03_1.jpg?_ex=400x537&s=2&r=1',7,6,2,0,0,'',1,NULL,1447664248,NULL),(945,'【SHOES】ウエッジスエードパンプス','Pumps','圆头平底鞋','圓頭平底鞋',12960,0,0,0,'b93980','http://thumbnail.image.rakuten.co.jp/@0_mall/stylife/cabinet/item/980/b93980-04_1.jpg?_ex=400x537&s=2&r=1',11,2,3,0,0,'',1,NULL,1447664248,NULL),(946,'ポケット付き刺繍ロゴTシャツ','','','',3132,0,0,0,'s38594','http://image.aubg.jp/mgen/web:scripts/resize.ms?img=stylife:/images/item/S38/S38594/S38594-02_1.jpg',12,2,2,0,0,'',1,NULL,1447664248,NULL),(947,'ビジュードルマンニット','','','',13824,0,0,0,'b68044','http://thumbnail.image.rakuten.co.jp/@0_mall/stylife/cabinet/item/044/b68044-01_1.jpg?_ex=400x537&s=2&r=1',10,3,1,0,0,'',1,NULL,1447664248,NULL),(948,'ケーブルロングカーディガン','Cardigans','开襟针织长毛衣','開襟針織長毛衣',6480,0,0,0,'b73835','http://thumbnail.image.rakuten.co.jp/@0_mall/lowrysfarm/cabinet/item/835/b73835-01_1.jpg?_ex=400x537&s=2&r=1',9,4,1,0,0,'',1,NULL,1447664248,NULL),(949,'ロングチェスターフィールドコート','Long Coat','长大衣','長大衣',59400,0,0,0,'b86332','http://thumbnail.image.rakuten.co.jp/@0_mall/stylife/cabinet/item/332/b86332-01_1.jpg?_ex=400x537&s=2&r=1',8,5,1,0,0,'',1,NULL,1447664248,NULL),(950,'チュールギャザースカート','','','',11664,0,0,0,'b68080','http://thumbnail.image.rakuten.co.jp/@0_mall/stylife/cabinet/item/080/b68080-03_2.jpg?_ex=400x537&s=2&r=1',10,3,2,0,0,'',1,NULL,1447664248,NULL),(951,'5Gケーブルプルオーバー','Knit','针织毛衣','針織毛衣',4320,0,0,0,'b73834','http://thumbnail.image.rakuten.co.jp/@0_mall/lowrysfarm/cabinet/item/834/b73834-01_1.jpg?_ex=400x537&s=2&r=1',9,4,2,0,0,'',1,NULL,1447664248,NULL),(952,'スタンダードスニーカー','Sneakers','高跟运动鞋','高跟運動鞋',4860,0,0,0,'b60262','http://thumbnail.image.rakuten.co.jp/@0_mall/lowrysfarm/cabinet/item/262/b60262-05_1.jpg?_ex=400x537&s=2&r=1',9,4,3,0,0,'',1,NULL,1447664248,NULL),(953,'ベーカーチェックモノグラムチェックシャツ','Long Sleeve Shirt','白领长袖条纹上衣','白領長袖條紋上衣',17280,0,0,0,'b86357','http://thumbnail.image.rakuten.co.jp/@0_mall/stylife/cabinet/item/357/b86357-01_1.jpg?_ex=400x537&s=2&r=1',8,5,2,0,0,'',1,NULL,1447664248,NULL),(954,'レザーフレアーミニスカート','Mini Skirt','皮革迷你裙','皮革迷你裙',38880,0,0,0,'b86380','http://thumbnail.image.rakuten.co.jp/@0_mall/stylife/cabinet/item/380/b86380-01_1.jpg?_ex=400x537&s=2&r=1',8,5,3,0,0,'',1,NULL,1447664248,NULL),(955,'中つばキャペリンハット ','','','',4212,0,0,0,'s40284','http://image.aubg.jp/mgen/web:scripts/resize.ms?img=stylife:/images/item/S40/S40284/S40284-01_1.jpg',12,3,1,0,0,'',1,NULL,1447664248,NULL),(956,'【MODE】マルチカラーMIXファーCT','Fur Coat','毛皮大衣','毛皮大衣',58320,0,0,0,'b64690','http://thumbnail.image.rakuten.co.jp/@0_mall/stylife/cabinet/item/690/b64690-01_1.jpg?_ex=400x537&s=2&r=1',11,3,1,0,0,'',1,NULL,1447664248,NULL),(957,'フェイクファーコンフォートシューズ','Sandals','毛皮凉鞋','毛皮涼鞋',4860,0,0,0,'b67187','http://thumbnail.image.rakuten.co.jp/@0_mall/lowrysfarm/cabinet/item/187/b67187-01_1.jpg?_ex=400x537&s=2&r=1',9,5,1,0,0,'',1,NULL,1447664248,NULL),(958,'レースパッチワークワンピ','','','',17064,0,0,0,'b86788','http://image.aubg.jp/mgen/web:scripts/resize.ms?img=stylife:/images/item/B86/B86788/B86788-01_1.jpg',12,3,2,0,0,'',1,NULL,1447664248,NULL),(959,'【CASUAL】ルーズタートルロングニットOP','Knit One-Piece Dress','编织洋装','編織洋装',6804,0,0,0,'b93982','http://thumbnail.image.rakuten.co.jp/@0_mall/stylife/cabinet/item/982/b93982-03_1.jpg?_ex=400x537&s=2&r=1',11,3,2,0,0,'',1,NULL,1447664248,NULL),(960,'【SHOES】アーバンミドルブーツ','Short Boots','短靴','短靴',13500,0,0,0,'b64689','http://thumbnail.image.rakuten.co.jp/@0_mall/stylife/cabinet/item/689/b64689-01_1.jpg?_ex=400x537&s=2&r=1',11,3,3,0,0,'',1,NULL,1447664248,NULL),(961,'ビジューボタンコート','','','',28944,0,0,0,'b68095','http://thumbnail.image.rakuten.co.jp/@0_mall/stylife/cabinet/item/095/b68095-01_1.jpg?_ex=400x537&s=2&r=1',10,4,1,0,0,'',1,NULL,1447664248,NULL),(962,'SWING TRAPEZE','','','',17280,0,0,0,'b89559','',7,7,1,0,0,'',1,NULL,1447664248,NULL),(963,'ラビットファーショートジャケット','Short Jacket','短身毛衣外套','短身毛衣外套',63720,0,0,0,'b86344','http://thumbnail.image.rakuten.co.jp/@0_mall/stylife/cabinet/item/344/b86344-01_1.jpg?_ex=400x537&s=2&r=1',8,6,1,0,0,'',1,NULL,1447664248,NULL),(964,'配色ストラップパンプス','','','',5292,0,0,0,'s35092','http://image.aubg.jp/mgen/web:scripts/resize.ms?img=stylife:/images/item/S35/S35092/S35092-11_1.jpg',12,3,3,0,0,'',1,NULL,1447664248,NULL),(965,'ショートブーツ','','','',14904,0,0,0,'b85522','http://thumbnail.image.rakuten.co.jp/@0_mall/stylife/cabinet/item/522/b85522-10_1.jpg?_ex=400x537&s=2&r=1',7,7,2,0,0,'',1,NULL,1447664248,NULL),(966,'ブラックコクーンスカート','Cocoon Fitted Skirt','迷你裙','迷你裙',19440,0,0,0,'b86383','http://thumbnail.image.rakuten.co.jp/@0_mall/stylife/cabinet/item/383/b86383-01_1.jpg?_ex=400x537&s=2&r=1',8,6,2,0,0,'',1,NULL,1447664248,NULL),(967,'ロゴ刺繍ロンT','','','',5940,0,0,0,'b68036','http://thumbnail.image.rakuten.co.jp/@0_mall/stylife/cabinet/item/036/b68036-03_1.jpg?_ex=400x537&s=2&r=1',10,4,2,0,0,'',1,NULL,1447664248,NULL),(968,'【MODE】モッサウールチェスターCT','Chester Coat','风衣','風衣',19980,0,0,0,'b93981','http://thumbnail.image.rakuten.co.jp/@0_mall/stylife/cabinet/item/981/b93981-01_1.jpg?_ex=400x537&s=2&r=1',11,4,1,0,0,'',1,NULL,1447664248,NULL),(969,'【FEMININE】fitリブタートル','Turtle Neck Sweater','套头领毛衣','套頭領毛衣',5940,0,0,0,'b64677','http://thumbnail.image.rakuten.co.jp/@0_mall/stylife/cabinet/item/677/b64677-02_1.jpg?_ex=400x537&s=2&r=1',11,4,2,0,0,'',1,NULL,1447664248,NULL),(970,'【SHOES】ウエッジスエードパンプス','Pumps','圆头平底鞋','圓頭平底鞋',12960,0,0,0,'b93980','http://thumbnail.image.rakuten.co.jp/@0_mall/stylife/cabinet/item/980/b93980-07_1.jpg?_ex=400x537&s=2&r=1',11,4,3,0,0,'',1,NULL,1447664248,NULL),(971,'フェイクファーロシアン帽 ','','','',3780,0,0,0,'s34935','http://image.aubg.jp/mgen/web:scripts/resize.ms?img=stylife:/images/item/S34/S34935/S34935-01_1.jpg',12,4,1,0,0,'',1,NULL,1447664248,NULL),(972,'リボン付テイアードスカート','','','',8100,0,0,0,'b86777','http://image.aubg.jp/mgen/web:scripts/resize.ms?img=stylife:/images/item/B86/B86777/B86777-01_1.jpg',12,4,2,0,0,'',1,NULL,1447664248,NULL),(973,'5Gケーブルワンピース','Knit One-Piece Dress','针织连身裙','針織連身裙',4860,0,0,0,'b73838','http://thumbnail.image.rakuten.co.jp/@0_mall/lowrysfarm/cabinet/item/838/b73838-01_1.jpg?_ex=400x537&s=2&r=1',9,6,1,0,0,'',1,NULL,1447664248,NULL),(974,'アンゴラニットプルオーバー','','','',7020,0,0,0,'b86783','http://image.aubg.jp/mgen/web:scripts/resize.ms?img=stylife:/images/item/B86/B86783/B86783-01_1.jpg',12,4,3,0,0,'',1,NULL,1447664248,NULL),(975,'チャッカーブーツ','','','',6372,0,0,0,'s34919','http://image.aubg.jp/mgen/web:scripts/resize.ms?img=stylife:/images/item/S34/S34919/S34919-01_1.jpg',12,4,4,0,0,'',1,NULL,1447664248,NULL),(976,'リボン付テイアードスカート','','','',8100,0,0,0,'b86777','http://image.aubg.jp/mgen/web:scripts/resize.ms?img=stylife:/images/item/B86/B86777/B86777-02_1.jpg',12,4,5,0,0,'',1,NULL,1447664248,NULL),(977,'DETCHABLE　BOTTLE','','','',15984,0,0,0,'b88857','http://thumbnail.image.rakuten.co.jp/@0_mall/stylife/cabinet/item/857/b88857-03_3.jpg?_ex=400x537&s=2&r=1',7,8,1,0,0,'',1,NULL,1447664248,NULL),(978,'アンゴラニットプルオーバー','','','',7020,0,0,0,'b86783','http://image.aubg.jp/mgen/web:scripts/resize.ms?img=stylife:/images/item/B86/B86783/B86783-02_1.jpg',12,4,6,0,0,'',1,NULL,1447664248,NULL),(979,'WHIP COLOR FUR CLUTCH','','','',15984,0,0,0,'b88877','http://thumbnail.image.rakuten.co.jp/@0_mall/stylife/cabinet/item/877/b88877-01_1.jpg?_ex=400x537&s=2&r=1',7,8,2,0,0,'',1,NULL,1447664248,NULL),(980,'レースフラワー切り替えワンピ','','','',14904,0,0,0,'b68069','http://thumbnail.image.rakuten.co.jp/@0_mall/stylife/cabinet/item/069/b68069-03_1.jpg?_ex=400x537&s=2&r=1',10,5,1,0,0,'',1,NULL,1447664248,NULL),(981,'パール付きクラッチバッグ','','','',9936,0,0,0,'b30488','http://thumbnail.image.rakuten.co.jp/@0_mall/stylife/cabinet/item/488/b30488-02_1.jpg?_ex=400x537&s=2&r=1',10,5,2,0,0,'',1,NULL,1447664248,NULL),(982,'モノグラムコンビドレス','Sleeveless One-piece Dress','无袖条纹连衣裙','無袖條紋連衣裙',29160,0,0,0,'b86351','http://thumbnail.image.rakuten.co.jp/@0_mall/stylife/cabinet/item/351/b86351-01_1.jpg?_ex=400x537&s=2&r=1',8,8,1,0,0,'',1,NULL,1447664248,NULL),(983,'ベーカーチェックモノグラムトートバッグ','Tote Bag','图案条纹手提袋','圖案條紋手提袋',29160,0,0,0,'b86324','http://thumbnail.image.rakuten.co.jp/@0_mall/stylife/cabinet/item/324/b86324-01_1.jpg?_ex=400x537&s=2&r=1',8,8,2,0,0,'',1,NULL,1447664248,NULL),(984,'SPファーコンビグローブ','Gloves','羊皮手套','羊皮手套',11880,0,0,0,'b93690','http://thumbnail.image.rakuten.co.jp/@0_mall/stylife/cabinet/item/690/b93690-01_1.jpg?_ex=400x537&s=2&r=1',8,8,3,0,0,'',1,NULL,1447664248,NULL),(985,'【MODE】マルチカラーMIXファーCT','Fur Coat','毛皮大衣','毛皮大衣',58320,0,0,0,'http://item.rakuten.co.jp/stylife/b64690/','http://thumbnail.image.rakuten.co.jp/@0_mall/stylife/cabinet/item/690/b64690-01_1.jpg?_ex=400x537&s=2&r=1',11,5,1,0,0,'',1,NULL,1447664248,NULL),(986,'【CASUAL】ラムレザーライダース','Riders Jacket','摇滚皮衣','騎士夾克',49680,0,0,0,'b62706','http://thumbnail.image.rakuten.co.jp/@0_mall/stylife/cabinet/item/706/b62706-01_1.jpg?_ex=400x537&s=2&r=1',11,5,2,0,0,'',1,NULL,1447664248,NULL),(987,'セーラークロップドパンツ','Pants','高腰裤子','高腰褲',6372,0,0,0,'b87519','http://thumbnail.image.rakuten.co.jp/@0_mall/lowrysfarm/cabinet/item/519/b87519-01_1.jpg?_ex=400x537&s=2&r=1',9,7,1,0,0,'',1,NULL,1447664248,NULL),(988,'【FEMININE】fitリブタートル','Turtle Neck Sweater','套头领毛衣','套頭領毛衣',5940,0,0,0,'http://item.rakuten.co.jp/stylife/b64677/','http://thumbnail.image.rakuten.co.jp/@0_mall/stylife/cabinet/item/677/b64677-01_1.jpg?_ex=400x537&s=2&r=1',11,5,3,0,0,'',1,NULL,1447664248,NULL),(989,'ケーブルニット切り替えワンピ','','','',14904,0,0,0,'b68077','http://thumbnail.image.rakuten.co.jp/@0_mall/stylife/cabinet/item/077/b68077-01_1.jpg?_ex=400x537&s=2&r=1',10,6,1,0,0,'',1,NULL,1447664248,NULL),(990,'スーパーストレッチスキニーパンツ ','','','',3780,0,0,0,'s38582','http://image.aubg.jp/mgen/web:scripts/resize.ms?img=stylife:/images/item/S38/S38582/S38582-07_1.jpg',12,5,1,0,0,'',1,NULL,1447664248,NULL),(991,'ブークレキュートチェックストール','','','',6912,0,0,0,'b85206','http://thumbnail.image.rakuten.co.jp/@0_mall/stylife/cabinet/item/206/b85206-01_1.jpg?_ex=400x537&s=2&r=1',10,6,2,0,0,'',1,NULL,1447664248,NULL),(992,'フェイクファーコンフォートシューズ','Sandals','毛皮凉鞋','毛皮涼鞋',4860,0,0,0,'http://item.rakuten.co.jp/stylife/b67187','http://thumbnail.image.rakuten.co.jp/@0_mall/lowrysfarm/cabinet/item/187/b67187-01_1.jpg?_ex=400x537&s=2&r=1',9,7,2,0,0,'',1,NULL,1447664248,NULL),(993,'ブラックセットアップショートパンツ','Shorts','短裤','短褲',16200,0,0,0,'b86373','http://thumbnail.image.rakuten.co.jp/@0_mall/stylife/cabinet/item/373/b86373-01_1.jpg?_ex=400x537&s=2&r=1',8,9,1,0,0,'',1,NULL,1447664248,NULL),(994,'ベーカーチェックポンチョ','Poncho','条纹斗篷衣','條紋斗篷衣',63720,0,0,0,'b93687','http://thumbnail.image.rakuten.co.jp/@0_mall/stylife/cabinet/item/687/b93687-01_1.jpg?_ex=400x537&s=2&r=1',8,9,2,0,0,'',1,NULL,1447664248,NULL),(995,'タートル裾レースチュニックニット','','','',5292,0,0,0,'b86793','http://image.aubg.jp/mgen/web:scripts/resize.ms?img=stylife:/images/item/B86/B86793/B86793-02_1.jpg',12,5,2,0,0,'',1,NULL,1447664248,NULL),(996,'SPファーコンビグローブ2','Gloves','羊皮手套','羊皮手套',11880,0,0,0,'b93691','http://thumbnail.image.rakuten.co.jp/@0_mall/stylife/cabinet/item/691/b93691-01_1.jpg?_ex=400x537&s=2&r=1',8,9,3,0,0,'',1,NULL,1447664248,NULL),(997,'ウィンドゥペンチェック２ＷＡＹバッグ','','','',4212,0,0,0,'s48498','http://image.aubg.jp/mgen/web:scripts/resize.ms?img=stylife:/images/item/S48/S48498/S48498-01_1.jpg',12,6,1,0,0,'',1,NULL,1447664248,NULL),(998,'カットワイドクロップドパンツ','Pants','阔身裤子','闊身褲',3780,0,0,0,'b63515','http://thumbnail.image.rakuten.co.jp/@0_mall/lowrysfarm/cabinet/item/515/b63515-03_1.jpg?_ex=400x537&s=2&r=1',9,8,1,0,0,'',1,NULL,1447664248,NULL),(999,'2WAYノーカラーロングダッフル','','','',12744,0,0,0,'b86795','http://image.aubg.jp/mgen/web:scripts/resize.ms?img=stylife:/images/item/B86/B86795/B86795-01_1.jpg',12,6,2,0,0,'',1,NULL,1447664248,NULL),(1000,'デニムタイトスカート','','','',6372,0,0,0,'b86778','http://image.aubg.jp/mgen/web:scripts/resize.ms?img=stylife:/images/item/B86/B86778/B86778-01_1.jpg',12,6,3,0,0,'',1,NULL,1447664248,NULL),(1001,'フェイクファーHAT','Hat','毛皮圆筒帽','毛皮圓筒帽',3780,0,0,0,'b88626','http://thumbnail.image.rakuten.co.jp/@0_mall/lowrysfarm/cabinet/item/626/b88626-02_1.jpg?_ex=400x537&s=2&r=1',9,8,2,0,0,'',1,NULL,1447664248,NULL),(1002,'レースボーダートップス','','','',11664,0,0,0,'b68062','http://thumbnail.image.rakuten.co.jp/@0_mall/stylife/cabinet/item/062/b68062-03_1.jpg?_ex=400x537&s=2&r=1',10,7,1,0,0,'',1,NULL,1447664248,NULL),(1003,'レースコンビホワイトシャツ','Blouse','蕾丝衬衫','蕾絲恤衫',17280,0,0,0,'b86354','http://thumbnail.image.rakuten.co.jp/@0_mall/stylife/cabinet/item/354/b86354-01_1.jpg?_ex=400x537&s=2&r=1',8,10,1,0,0,'',1,NULL,1447664248,NULL),(1004,'ネイティブジャガードストール','Stole','图案披肩','圖案披肩',3024,0,0,0,'b84856','http://thumbnail.image.rakuten.co.jp/@0_mall/lowrysfarm/cabinet/item/856/b84856-01_1.jpg?_ex=400x537&s=2&r=1',9,8,3,0,0,'',1,NULL,1447664248,NULL),(1005,'チュールギャザースカート','','','',11664,0,0,0,'b68080','http://thumbnail.image.rakuten.co.jp/@0_mall/stylife/cabinet/item/080/b68080-02_1.jpg?_ex=400x537&s=2&r=1',10,7,2,0,0,'',1,NULL,1447664248,NULL),(1006,'サイドゴアブーツ','Short Boots','短皮靴','短皮靴',6480,0,0,0,'b72023','http://thumbnail.image.rakuten.co.jp/@0_mall/lowrysfarm/cabinet/item/023/b72023-10_1.jpg?_ex=400x537&s=2&r=1',9,8,4,0,0,'',1,NULL,1447664248,NULL),(1007,'リゼスカート','Flare Skirt','白边喇叭裙','白邊喇叭裙',16200,0,0,0,'b86382','http://thumbnail.image.rakuten.co.jp/@0_mall/stylife/cabinet/item/382/b86382-01_1.jpg?_ex=400x537&s=2&r=1',8,10,2,0,0,'',1,NULL,1447664248,NULL),(1008,'ナイロンフラップリュック','','','',4212,0,0,0,'s48497','http://image.aubg.jp/mgen/web:scripts/resize.ms?img=stylife:/images/item/S48/S48497/S48497-02_1.jpg',12,7,1,0,0,'',1,NULL,1447664248,NULL),(1009,'ベーカーチェックショートジャケット','Short Jacket','条纹短外套','條紋短外套',49680,0,0,0,'b86345','http://thumbnail.image.rakuten.co.jp/@0_mall/stylife/cabinet/item/345/b86345-01_1.jpg?_ex=400x537&s=2&r=1',8,10,3,0,0,'',1,NULL,1447664248,NULL),(1010,'メルトン中ツバ中折れ帽 ','','','',3780,0,0,0,'s48501','http://image.aubg.jp/mgen/web:scripts/resize.ms?img=stylife:/images/item/S48/S48501/S48501-01_1.jpg',12,7,2,0,0,'',1,NULL,1447664248,NULL),(1011,'タートルロングスリットワンピース','','','',5292,0,0,0,'b86794','http://image.aubg.jp/mgen/web:scripts/resize.ms?img=stylife:/images/item/B86/B86794/B86794-01_1.jpg',12,7,3,0,0,'',1,NULL,1447664248,NULL),(1012,'アンゴラオフショルニット','','','',11664,0,0,0,'b68048','http://thumbnail.image.rakuten.co.jp/@0_mall/stylife/cabinet/item/048/b68048-02_1.jpg?_ex=400x537&s=2&r=1',10,8,1,0,0,'',1,NULL,1447664248,NULL),(1013,'Wフェイスモッサフードコート','Half Coat','连帽大衣','連帽大衣',14040,0,0,0,'b71381','http://thumbnail.image.rakuten.co.jp/@0_mall/lowrysfarm/cabinet/item/381/b71381-05_1.jpg?_ex=400x537&s=2&r=1',9,9,1,0,0,'',1,NULL,1447664248,NULL),(1014,'フラワーオーガンジースカート','','','',14904,0,0,0,'b68088','http://thumbnail.image.rakuten.co.jp/@0_mall/stylife/cabinet/item/088/b68088-01_3.jpg?_ex=400x537&s=2&r=1',10,8,2,0,0,'',1,NULL,1447664248,NULL),(1015,'ノーカラーGジャン','Jumper','圆领牛仔夹克','圓領牛仔褸',7560,0,0,0,'b41009','http://thumbnail.image.rakuten.co.jp/@0_mall/lowrysfarm/cabinet/item/009/b41009-01_1.jpg?_ex=400x537&s=2&r=1',9,9,2,0,0,'',1,NULL,1447664248,NULL),(1016,'イレブンビジューネックレス','','','',7992,0,0,0,'b59911','http://thumbnail.image.rakuten.co.jp/@0_mall/stylife/cabinet/item/911/b59911-01_1.jpg?_ex=400x537&s=2&r=1',10,8,3,0,0,'',1,NULL,1447664248,NULL),(1017,'ラップミディスカート','Skirts','高腰折叠裙子','高腰摺疊裙',6372,0,0,0,'b63510','http://thumbnail.image.rakuten.co.jp/@0_mall/lowrysfarm/cabinet/item/510/b63510-01_1.jpg?_ex=400x537&s=2&r=1',9,9,3,0,0,'',1,NULL,1447664248,NULL),(1018,'サイドゴアブーツ','Short Boots','短皮靴','短皮靴',7020,0,0,0,'b88627','http://thumbnail.image.rakuten.co.jp/@0_mall/lowrysfarm/cabinet/item/627/b88627-03_1.jpg?_ex=400x537&s=2&r=1',9,9,4,0,0,'',1,NULL,1447664248,NULL),(1019,'デニムバギーパンツ','','','',7452,0,0,0,'b86781','http://image.aubg.jp/mgen/web:scripts/resize.ms?img=stylife:/images/item/B86/B86781/B86781-02_1.jpg',12,8,1,0,0,'',1,NULL,1447664248,NULL),(1020,'サイドゴアブーティ','','','',6372,0,0,0,'s34917','http://image.aubg.jp/mgen/web:scripts/resize.ms?img=stylife:/images/item/S34/S34917/S34917-02_1.jpg',12,8,2,0,0,'',1,NULL,1447664248,NULL),(1021,'コサージュ付きベレー帽','','','',3780,0,0,0,'s40285','http://image.aubg.jp/mgen/web:scripts/resize.ms?img=stylife:/images/item/S40/S40285/S40285-04_1.jpg',12,8,3,0,0,'',1,NULL,1447664248,NULL),(1022,'フェイクファーカフコート','','','',25920,0,0,0,'b68094','http://thumbnail.image.rakuten.co.jp/@0_mall/stylife/cabinet/item/094/b68094-03_1.jpg?_ex=400x537&s=2&r=1',10,9,1,0,0,'',1,NULL,1447664248,NULL),(1023,'2連パールハイネックリブプルオーバー ','','','',3132,0,0,0,'s35006','http://image.aubg.jp/mgen/web:scripts/resize.ms?img=stylife:/images/item/S35/S35006/S35006-02_1.jpg',12,8,4,0,0,'',1,NULL,1447664248,NULL),(1024,'キルティングブルゾン','Blouson','绒心大衣','絨心大衣',7560,0,0,0,'b70623','http://thumbnail.image.rakuten.co.jp/@0_mall/lowrysfarm/cabinet/item/623/b70623-01_1.jpg?_ex=400x537&s=2&r=1',9,10,1,0,0,'',1,NULL,1447664248,NULL),(1025,'LOVEクラッチバッグ','','','',6912,0,0,0,'b85202','http://thumbnail.image.rakuten.co.jp/@0_mall/stylife/cabinet/item/202/b85202-01_1.jpg?_ex=400x537&s=2&r=1',10,9,2,0,0,'',1,NULL,1447664248,NULL),(1026,'Cギャザーシャツ','Shirt','真纹长身衬衫','真紋長身襯衫',5940,0,0,0,'b60265','http://thumbnail.image.rakuten.co.jp/@0_mall/lowrysfarm/cabinet/item/265/b60265-01_1.jpg?_ex=400x537&s=2&r=1',9,10,2,0,0,'',1,NULL,1447664248,NULL),(1027,'共リボン付ワイドパンツ','','','',6372,0,0,0,'b86780','http://image.aubg.jp/mgen/web:scripts/resize.ms?img=stylife:/images/item/B86/B86780/B86780-01_1.jpg',12,9,1,0,0,'',1,NULL,1447664248,NULL),(1028,'チュールレイヤードワンピ','','','',15984,0,0,0,'b68067','http://thumbnail.image.rakuten.co.jp/@0_mall/stylife/cabinet/item/067/b68067-02_1.jpg?_ex=400x537&s=2&r=1',10,10,1,0,0,'',1,NULL,1447664248,NULL),(1029,'Fムートンブーツ','Short Boots','短毛靴','短毛靴',4212,0,0,0,'b87523','http://thumbnail.image.rakuten.co.jp/@0_mall/lowrysfarm/cabinet/item/523/b87523-03_1.jpg?_ex=400x537&s=2&r=1',9,11,1,0,0,'',1,NULL,1447664248,NULL),(1030,'袖シャーリングスタンドプルオーバー','','','',4212,0,0,0,'b86787','http://image.aubg.jp/mgen/web:scripts/resize.ms?img=stylife:/images/item/B86/B86787/B86787-01_1.jpg',12,9,2,0,0,'',1,NULL,1447664248,NULL),(1031,'ロングチェスターコート','','','',9180,0,0,0,'b86796','http://image.aubg.jp/mgen/web:scripts/resize.ms?img=stylife:/images/item/B86/B86796/B86796-01_1.jpg',12,9,3,0,0,'',1,NULL,1447664248,NULL),(1032,'ビジュー刺繍ワンピ','','','',20952,0,0,0,'b68079','http://thumbnail.image.rakuten.co.jp/@0_mall/stylife/cabinet/item/079/b68079-01_1.jpg?_ex=400x537&s=2&r=1',10,11,1,0,0,'',1,NULL,1447664248,NULL),(1033,'フェイクファーコンフォートシューズ','Sandals','毛皮凉鞋','毛皮涼鞋',4860,0,0,0,'b67187','http://thumbnail.image.rakuten.co.jp/@0_mall/lowrysfarm/cabinet/item/187/b67187-05_1.jpg?_ex=400x537&s=2&r=1',9,12,1,0,0,'',1,NULL,1447664248,NULL),(1034,'レースアップブーティ','','','',5292,0,0,0,'s34918','http://image.aubg.jp/mgen/web:scripts/resize.ms?img=stylife:/images/item/S34/S34918/S34918-05_1.jpg',12,10,1,0,0,'',1,NULL,1447664248,NULL),(1035,'2連パールハイネックリブプルオーバー ','','','',3132,0,0,0,'s35006','http://image.aubg.jp/mgen/web:scripts/resize.ms?img=stylife:/images/item/S35/S35006/S35006-01_1.jpg',12,10,2,0,0,'',1,NULL,1447664248,NULL),(1036,'2WAY花柄ガウチョワンピース','','','',7452,0,0,0,'b86791','http://image.aubg.jp/mgen/web:scripts/resize.ms?img=stylife:/images/item/B86/B86791/B86791-01_1.jpg',12,10,3,0,0,'',1,NULL,1447664248,NULL),(1037,'裏起毛ニットソーBIGフードアウター','','','',8532,0,0,0,'b86798','http://image.aubg.jp/mgen/web:scripts/resize.ms?img=stylife:/images/item/B86/B86798/B86798-01_1.jpg',12,10,4,0,0,'',1,NULL,1447664248,NULL),(1038,'チャッカーブーツ','','','',6372,0,0,0,'s34919','http://image.aubg.jp/mgen/web:scripts/resize.ms?img=stylife:/images/item/S34/S34919/S34919-03_1.jpg',12,11,1,0,0,'',1,NULL,1447664248,NULL),(1039,'シャギーチェックショートパンツ','','','',6372,0,0,0,'b86782','http://image.aubg.jp/mgen/web:scripts/resize.ms?img=stylife:/images/item/B86/B86782/B86782-01_1.jpg',12,11,2,0,0,'',1,NULL,1447664248,NULL),(1040,'ショート丈オフタートルプルオーバー','','','',4212,0,0,0,'b86786','http://image.aubg.jp/mgen/web:scripts/resize.ms?img=stylife:/images/item/B86/B86786/B86786-01_1.jpg',12,11,3,0,0,'',1,NULL,1447664248,NULL),(1041,'サイドゴアブーティ','','','',6372,0,0,0,'s34917','http://image.aubg.jp/mgen/web:scripts/resize.ms?img=stylife:/images/item/S34/S34917/S34917-08_1.jpg',12,12,1,0,0,'',1,NULL,1447664248,NULL),(1042,'フリルハイネックもちもちニット','','','',4860,0,0,0,'b86784','http://image.aubg.jp/mgen/web:scripts/resize.ms?img=stylife:/images/item/B86/B86784/B86784-01_1.jpg',12,12,2,0,0,'',1,NULL,1447664248,NULL),(1043,'シャギーチェックジャンスカ','','','',8100,0,0,0,'b86790','http://image.aubg.jp/mgen/web:scripts/resize.ms?img=stylife:/images/item/B86/B86790/B86790-02_1.jpg',12,12,3,0,0,'',1,NULL,1447664248,NULL),(1044,'フリル袖フレアワンピ','','','',10584,0,0,0,'b86789','http://image.aubg.jp/mgen/web:scripts/resize.ms?img=stylife:/images/item/B86/B86789/B86789-02_1.jpg',12,14,1,0,0,'',1,NULL,1447664248,NULL),(1045,'リボン付キャミワンピ','','','',9612,0,0,0,'b86792','http://image.aubg.jp/mgen/web:scripts/resize.ms?img=stylife:/images/item/B86/B86792/B86792-01_1.jpg',12,15,1,0,0,'',1,NULL,1447664248,NULL),(1046,'配色ストラップパンプス','','','',5292,0,0,0,'s35092','http://image.aubg.jp/mgen/web:scripts/resize.ms?img=stylife:/images/item/S35/S35092/S35092-08_1.jpg',12,15,2,0,0,'',1,NULL,1447664248,NULL),(1047,'ウールレトロコクーンワンピース','','','',8900,0,0,0,'b96939','http://thumbnail.image.rakuten.co.jp/@0_mall/stylife/cabinet/item/939/b96939-05_1.jpg?_ex=400x537&s=2&r=1',13,1,1,0,0,'',1,NULL,1447664251,NULL),(1048,'厚底アンクルブーティ','','','',7900,0,0,0,'b96940','http://thumbnail.image.rakuten.co.jp/@0_mall/stylife/cabinet/item/940/b96940-03_1.jpg?_ex=400x537&s=2&r=1',13,1,2,0,0,'',1,NULL,1447664251,NULL),(1049,'ファーチェーンBAG','','','',6900,0,0,0,'b96941','http://thumbnail.image.rakuten.co.jp/@0_mall/stylife/cabinet/item/941/b96941-03_1.jpg?_ex=400x537&s=2&r=1',13,1,3,0,0,'',1,NULL,1447664251,NULL),(1050,'カッティングフェイクファーコート','Fur Coat','毛皮大衣','毛皮大衣',16189,0,0,0,'b72525','http://thumbnail.image.rakuten.co.jp/@0_mall/stylife/cabinet/item/525/b72525-05_1.jpg?_ex=400x537&s=2&r=1',14,1,1,0,0,'',1,NULL,1447664251,NULL),(1051,'モンスターコート','','','',17000,0,0,0,'b96934','http://thumbnail.image.rakuten.co.jp/@0_mall/stylife/cabinet/item/934/b96934-02_1.jpg?_ex=400x537&s=2&r=1',13,2,1,0,0,'',1,NULL,1447664251,NULL),(1052,'ダブルフェイススリットSK','','','',6900,0,0,0,'b96936','http://thumbnail.image.rakuten.co.jp/@0_mall/stylife/cabinet/item/936/b96936-01_1.jpg?_ex=400x537&s=2&r=1',13,2,2,0,0,'',1,NULL,1447664251,NULL),(1053,'ファィクスエードライダース','','','',11000,0,0,0,'b96937','http://thumbnail.image.rakuten.co.jp/@0_mall/stylife/cabinet/item/937/b96937-05_1.jpg?_ex=400x537&s=2&r=1',13,2,3,0,0,'',1,NULL,1447664251,NULL),(1054,'ウエストタックジョーゼットコンビネゾン','Overall','连身套装','連身套裝',8629,0,0,0,'b91435','http://thumbnail.image.rakuten.co.jp/@0_mall/stylife/cabinet/item/435/b91435-03_1.jpg?_ex=400x537&s=2&r=1',14,2,1,0,0,'',1,NULL,1447664251,NULL),(1055,'エムシュシュ　大','','','',38000,0,0,0,'364950','http://thumbnail.image.rakuten.co.jp/@0_mall/stylife/cabinet/item/950/364950-04_1.jpg?_ex=400x537&s=2&r=1',15,1,1,0,0,'',1,NULL,1447664251,NULL),(1056,'シンプルリブニットトップス','Turtle Neck Sweater','套头领毛衣','套頭領毛衣',4849,0,0,0,'b91433','http://thumbnail.image.rakuten.co.jp/@0_mall/stylife/cabinet/item/433/b91433-01_1.jpg?_ex=400x537&s=2&r=1',14,2,2,0,0,'',1,NULL,1447664251,NULL),(1057,'フロント釦スカート','','','',6900,0,0,0,'b96943','http://thumbnail.image.rakuten.co.jp/@0_mall/stylife/cabinet/item/943/b96943-01_1.jpg?_ex=400x537&s=2&r=1',13,3,1,0,0,'',1,NULL,1447664251,NULL),(1058,'ジャガードフリンジニットポンチョ','Knit','民族风披肩上衣','民族風披肩上衣',13490,0,0,0,'b65509','http://thumbnail.image.rakuten.co.jp/@0_mall/ungrid-by-stylife/cabinet/item/509/b65509-01_1.jpg?_ex=400x537&s=2&r=1',16,1,1,0,0,'',1,NULL,1447664251,NULL),(1059,'プチプライスショートブーツ','','','',5900,0,0,0,'b96933','http://thumbnail.image.rakuten.co.jp/@0_mall/stylife/cabinet/item/933/b96933-04_1.jpg?_ex=400x537&s=2&r=1',13,3,2,0,0,'',1,NULL,1447664251,NULL),(1060,'(L)knit long cardigan','Cardigans','开襟毛衣','開襟毛衣',4990,0,0,0,'b89925','http://thumbnail.image.rakuten.co.jp/@0_mall/wego/cabinet/item/925/b89925-02_1.jpg?_ex=400x537&s=2&r=1',17,1,1,0,0,'',1,NULL,1447664251,NULL),(1061,'リブコンビタートルニット','Knit','高领套头冷衫','高領套頭冷衫',5990,0,0,0,'b79296','http://thumbnail.image.rakuten.co.jp/@0_mall/ungrid-by-stylife/cabinet/item/296/b79296-01_1.jpg?_ex=400x537&s=2&r=1',16,1,2,0,0,'',1,NULL,1447664251,NULL),(1062,'(L)88パーカー','Parker','派克','派克',1990,0,0,0,'b84408','http://thumbnail.image.rakuten.co.jp/@0_mall/wego/cabinet/item/408/b84408-01_1.jpg?_ex=400x537&s=2&r=1',17,1,2,0,0,'',1,NULL,1447664251,NULL),(1063,'クラッシュブリーチストレートデニム','Jeans','牛仔裤','牛仔褲',15490,0,0,0,'b94622','http://thumbnail.image.rakuten.co.jp/@0_mall/ungrid-by-stylife/cabinet/item/622/b94622-01_1.jpg?_ex=400x537&s=2&r=1',16,1,3,0,0,'',1,NULL,1447664251,NULL),(1064,'ウエストレースポンチミディーワンピース','One-Piece Dress','洋装','洋装',7549,0,0,0,'b91430','http://thumbnail.image.rakuten.co.jp/@0_mall/stylife/cabinet/item/430/b91430-02_1.jpg?_ex=400x537&s=2&r=1',14,3,1,0,0,'',1,NULL,1447664251,NULL),(1065,'(L)フェルトベレー','Hats','帽子','帽子',1290,0,0,0,'b63010','http://thumbnail.image.rakuten.co.jp/@0_mall/wego/cabinet/item/010/b63010-06_1.jpg?_ex=400x537&s=2&r=1',17,1,3,0,0,'',1,NULL,1447664251,NULL),(1066,'【スッキリコラボ】シャンクルール','','','',38000,0,0,0,'364718','http://thumbnail.image.rakuten.co.jp/@0_mall/stylife/cabinet/item/718/364718-05_1.jpg?_ex=400x537&s=2&r=1',15,2,1,0,0,'',1,NULL,1447664251,NULL),(1067,'リアルスウェードショートブーツ','Booty','高跟短靴','高跟短靴',28990,0,0,0,'b91188','http://thumbnail.image.rakuten.co.jp/@0_mall/ungrid-by-stylife/cabinet/item/188/b91188-01_1.jpg?_ex=400x537&s=2&r=1',16,1,4,0,0,'',1,NULL,1447664251,NULL),(1068,'(L)トレッキングブーツ2','Boots','靴','靴',4990,0,0,0,'b66016','http://thumbnail.image.rakuten.co.jp/@0_mall/wego/cabinet/item/016/b66016-07_1.jpg?_ex=400x537&s=2&r=1',17,1,4,0,0,'',1,NULL,1447664251,NULL),(1069,'ボリュームネック2WAY　OP','','','',15000,0,0,0,'b96959','http://thumbnail.image.rakuten.co.jp/@0_mall/stylife/cabinet/item/959/b96959-02_1.jpg?_ex=400x537&s=2&r=1',13,4,1,0,0,'',1,NULL,1447664251,NULL),(1070,'ラウンドトゥ　ニ―ハイブーツ','','','',8900,0,0,0,'b96960','http://thumbnail.image.rakuten.co.jp/@0_mall/stylife/cabinet/item/960/b96960-05_1.jpg?_ex=400x537&s=2&r=1',13,4,2,0,0,'',1,NULL,1447664251,NULL),(1071,'リブコンビタートルニット','Knit','高领套头针织衫','高領套頭冷衫',5990,0,0,0,'b79296','http://thumbnail.image.rakuten.co.jp/@0_mall/ungrid-by-stylife/cabinet/item/296/b79296-01_1.jpg?_ex=400x537&s=2&r=1',16,2,1,0,0,'',1,NULL,1447664251,NULL),(1072,'ボリュームファーフードコート','Fur Coat','毛皮大衣','毛皮大衣',17269,0,0,0,'b91439','http://thumbnail.image.rakuten.co.jp/@0_mall/stylife/cabinet/item/439/b91439-05_1.jpg?_ex=400x537&s=2&r=1',14,4,1,0,0,'',1,NULL,1447664251,NULL),(1073,'カラー刺繍ブラウス','Blouses','民族风开领上衣','民族風開領上衣',9590,0,0,0,'b94623/','http://thumbnail.image.rakuten.co.jp/@0_mall/ungrid-by-stylife/cabinet/item/623/b94623-01_1.jpg?_ex=400x537&s=2&r=1',16,2,2,0,0,'',1,NULL,1447664251,NULL),(1074,'ワイドルーズカットオフデニム','Jeans','七分牛仔裤','七分牛仔褲',14490,0,0,0,'b94624','http://thumbnail.image.rakuten.co.jp/@0_mall/ungrid-by-stylife/cabinet/item/624/b94624-01_1.jpg?_ex=400x537&s=2&r=1',16,2,3,0,0,'',1,NULL,1447664251,NULL),(1075,'ウォームノースリフレアワンピース','One-Piece Dress','洋装','洋装',6469,0,0,0,'b72518','http://thumbnail.image.rakuten.co.jp/@0_mall/stylife/cabinet/item/518/b72518-02_1.jpg?_ex=400x537&s=2&r=1',14,4,2,0,0,'',1,NULL,1447664251,NULL),(1076,'(L)チュールスリーブパールスウェット','Sweat','运动裤','運動褲',2990,0,0,0,'b74553','http://thumbnail.image.rakuten.co.jp/@0_mall/wego/cabinet/item/553/b74553-01_1.jpg?_ex=400x537&s=2&r=1',17,2,1,0,0,'',1,NULL,1447664251,NULL),(1077,'アゼルラフィー　中','','','',40000,0,0,0,'364305','http://thumbnail.image.rakuten.co.jp/@0_mall/stylife/cabinet/item/305/364305-05_1.jpg?_ex=400x537&s=2&r=1',15,3,1,0,0,'',1,NULL,1447664251,NULL),(1078,'(L)ネルチェックシャツ','Shirt','衬衣','襯衫',1990,0,0,0,'b46009','http://thumbnail.image.rakuten.co.jp/@0_mall/wego/cabinet/item/009/b46009-07_1.jpg?_ex=400x537&s=2&r=1',17,2,2,0,0,'',1,NULL,1447664251,NULL),(1079,'(L)ダブルチュールプリーツスカート','Pleated Skirt','褶裙','褶裙',2990,0,0,0,'b74519','http://thumbnail.image.rakuten.co.jp/@0_mall/wego/cabinet/item/519/b74519-02_1.jpg?_ex=400x537&s=2&r=1',17,2,3,0,0,'',1,NULL,1447664251,NULL),(1080,'(L)ポンポン付ソックス','Socks','袜子','襪子',350,0,0,0,'b91215','http://thumbnail.image.rakuten.co.jp/@0_mall/wego/cabinet/item/215/b91215-01_1.jpg?_ex=400x537&s=2&r=1',17,2,4,0,0,'',1,NULL,1447664251,NULL),(1081,'中綿ボアZIPブルゾン','','','',13000,0,0,0,'b96947','http://thumbnail.image.rakuten.co.jp/@0_mall/stylife/cabinet/item/947/b96947-02_1.jpg?_ex=400x537&s=2&r=1',13,5,1,0,0,'',1,NULL,1447664251,NULL),(1082,'(L)ボリュームソールパンプス','Pumps','圆头平底鞋','圓頭平底鞋',3229,0,0,0,'b50597','http://thumbnail.image.rakuten.co.jp/@0_mall/wego/cabinet/item/597/b50597-01_1.jpg?_ex=400x537&s=2&r=1',17,2,5,0,0,'',1,NULL,1447664251,NULL),(1083,'タートルケーブルルーズニット','Knit','针织圆领毛衣','針織圓領毛衣',11490,0,0,0,'b73634','http://thumbnail.image.rakuten.co.jp/@0_mall/ungrid-by-stylife/cabinet/item/634/b73634-01_1.jpg?_ex=400x537&s=2&r=1',16,3,1,0,0,'',1,NULL,1447664251,NULL),(1084,'マルチボーダータイトスカート','','','',6900,0,0,0,'b96949','http://thumbnail.image.rakuten.co.jp/@0_mall/stylife/cabinet/item/949/b96949-01_1.jpg?_ex=400x537&s=2&r=1',13,5,2,0,0,'',1,NULL,1447664251,NULL),(1085,'カシミアタッチ長袖リブハイネック','','','',3900,0,0,0,'b96948','http://thumbnail.image.rakuten.co.jp/@0_mall/stylife/cabinet/item/948/b96948-02_1.jpg?_ex=400x537&s=2&r=1',13,5,3,0,0,'',1,NULL,1447664251,NULL),(1086,'エムシュシュ　大','','','',38000,0,0,0,'364950','http://thumbnail.image.rakuten.co.jp/@0_mall/stylife/cabinet/item/950/364950-07_1.jpg?_ex=400x537&s=2&r=1',15,4,1,0,0,'',1,NULL,1447664251,NULL),(1087,'(L)レースアップスウェット','Sweat','运动裤','運動褲',1990,0,0,0,'b74540','http://thumbnail.image.rakuten.co.jp/@0_mall/wego/cabinet/item/540/b74540-03_1.jpg?_ex=400x537&s=2&r=1',17,3,1,0,0,'',1,NULL,1447664251,NULL),(1088,'(L)リブハイネックセーター','Knit','针织衫','針織品',1990,0,0,0,'b65352','http://thumbnail.image.rakuten.co.jp/@0_mall/wego/cabinet/item/352/b65352-01_1.jpg?_ex=400x537&s=2&r=1',17,3,2,0,0,'',1,NULL,1447664251,NULL),(1089,'(L)チェックプリーツスカート','Pleated Skirt','褶裙','褶裙',2990,0,0,0,'b43128','http://thumbnail.image.rakuten.co.jp/@0_mall/wego/cabinet/item/128/b43128-04_1.jpg?_ex=400x537&s=2&r=1',17,3,3,0,0,'',1,NULL,1447664251,NULL),(1090,'ストレッチカラープレーンニット','Knit','圆领针织衫','針織圓領冷衫',7490,0,0,0,'b89409','http://thumbnail.image.rakuten.co.jp/@0_mall/ungrid-by-stylife/cabinet/item/409/b89409-03_1.jpg?_ex=400x537&s=2&r=1',16,4,1,0,0,'',1,NULL,1447664251,NULL),(1091,'ラグランチェスターコート','','','',27000,0,0,0,'b96955','http://thumbnail.image.rakuten.co.jp/@0_mall/stylife/cabinet/item/955/b96955-02_1.jpg?_ex=400x537&s=2&r=1',13,6,1,0,0,'',1,NULL,1447664251,NULL),(1092,'(L)PinkCarサガラトートバック','Tote Bags','手提袋','手提袋',2590,0,0,0,'b91245','http://thumbnail.image.rakuten.co.jp/@0_mall/wego/cabinet/item/245/b91245-03_1.jpg?_ex=400x537&s=2&r=1',17,3,4,0,0,'',1,NULL,1447664251,NULL),(1093,'(L)スリーラインソックス','Socks','袜子','襪子',350,0,0,0,'b67292','http://thumbnail.image.rakuten.co.jp/@0_mall/wego/cabinet/item/292/b67292-04_1.jpg?_ex=400x537&s=2&r=1',17,3,5,0,0,'',1,NULL,1447664251,NULL),(1094,'コーデュロイルーズサロペット','Overall','连身牛仔套装','連身牛仔套裝',12490,0,0,0,'b65508','http://thumbnail.image.rakuten.co.jp/@0_mall/ungrid-by-stylife/cabinet/item/508/b65508-03_1.jpg?_ex=400x537&s=2&r=1',16,4,2,0,0,'',1,NULL,1447664251,NULL),(1095,'サイクルカットデニムジャンスカ','','','',11000,0,0,0,'b96957','http://thumbnail.image.rakuten.co.jp/@0_mall/stylife/cabinet/item/957/b96957-02_1.jpg?_ex=400x537&s=2&r=1',13,6,2,0,0,'',1,NULL,1447664251,NULL),(1096,'(L)厚底ウェッジパンプス','Pumps','圆头平底鞋','圓頭平底鞋',2990,0,0,0,'b67605','http://thumbnail.image.rakuten.co.jp/@0_mall/wego/cabinet/item/605/b67605-07_1.jpg?_ex=400x537&s=2&r=1',17,3,6,0,0,'',1,NULL,1447664251,NULL),(1097,'厚底アンクルブーティ','','','',7900,0,0,0,'b96940','http://thumbnail.image.rakuten.co.jp/@0_mall/stylife/cabinet/item/940/b96940-03_1.jpg?_ex=400x537&s=2&r=1',13,6,3,0,0,'',1,NULL,1447664251,NULL),(1098,'エムシュシュ　小','','','',33000,0,0,0,'364949','http://thumbnail.image.rakuten.co.jp/@0_mall/stylife/cabinet/item/949/364949-05_1.jpg?_ex=400x537&s=2&r=1',15,5,1,0,0,'',1,NULL,1447664251,NULL),(1099,'フリンジデニムルーズSH','Shirt','牛仔布衬衫','牛仔布襯衫',10490,0,0,0,'b94627','http://thumbnail.image.rakuten.co.jp/@0_mall/ungrid-by-stylife/cabinet/item/627/b94627-01_1.jpg?_ex=400x537&s=2&r=1',16,4,3,0,0,'',1,NULL,1447664251,NULL),(1100,'フェイクスウェードカラーパンプス','Pumps','尖头高跟鞋','尖頭高跟鞋',13490,0,0,0,'b88965','http://thumbnail.image.rakuten.co.jp/@0_mall/ungrid-by-stylife/cabinet/item/965/b88965-01_1.jpg?_ex=400x537&s=2&r=1',16,4,4,0,0,'',1,NULL,1447664251,NULL),(1101,'パステルカラーロングコート','','','',36000,0,0,0,'b96951','http://thumbnail.image.rakuten.co.jp/@0_mall/stylife/cabinet/item/951/b96951-01_1.jpg?_ex=400x537&s=2&r=1',13,7,1,0,0,'',1,NULL,1447664251,NULL),(1102,'(L)レースアップスウェット','Sweat','运动裤','運動褲',1990,0,0,0,'b74540','http://thumbnail.image.rakuten.co.jp/@0_mall/wego/cabinet/item/540/b74540-02_1.jpg?_ex=400x537&s=2&r=1',17,4,1,0,0,'',1,NULL,1447664251,NULL),(1103,'変形ヘムニットトップスⅡ','','','',7900,0,0,0,'b96952','http://thumbnail.image.rakuten.co.jp/@0_mall/stylife/cabinet/item/952/b96952-02_1.jpg?_ex=400x537&s=2&r=1',13,7,2,0,0,'',1,NULL,1447664251,NULL),(1104,'(L)ベーシックシャツ','Shirt','衬衣','襯衫',1990,0,0,0,'b63395','http://thumbnail.image.rakuten.co.jp/@0_mall/wego/cabinet/item/395/b63395-02_1.jpg?_ex=400x537&s=2&r=1',17,4,2,0,0,'',1,NULL,1447664251,NULL),(1105,'変形ヘムロングスカートⅡ','','','',7900,0,0,0,'b96953','http://thumbnail.image.rakuten.co.jp/@0_mall/stylife/cabinet/item/953/b96953-02_1.jpg?_ex=400x537&s=2&r=1',13,7,3,0,0,'',1,NULL,1447664251,NULL),(1106,'(L)プリーツミニスカート','Pleated Skirt','褶裙','褶裙',2990,0,0,0,'b93439','http://thumbnail.image.rakuten.co.jp/@0_mall/wego/cabinet/item/439/b93439-01_1.jpg?_ex=400x537&s=2&r=1',17,4,3,0,0,'',1,NULL,1447664251,NULL),(1107,'(L)クシュクシュソックス','Socks','袜子','襪子',350,0,0,0,'b73953','http://thumbnail.image.rakuten.co.jp/@0_mall/wego/cabinet/item/953/b73953-06_1.jpg?_ex=400x537&s=2&r=1',17,4,4,0,0,'',1,NULL,1447664251,NULL),(1108,'【スッキリコラボ】シャンクルール','','','',38000,0,0,0,'364718','http://thumbnail.image.rakuten.co.jp/@0_mall/stylife/cabinet/item/718/364718-03_1.jpg?_ex=400x537&s=2&r=1',15,6,1,0,0,'',1,NULL,1447664251,NULL),(1109,'デニムボアGジャン','Denim Jacket','毛领牛仔夹克','毛領牛仔褸',16490,0,0,0,'b79294','http://thumbnail.image.rakuten.co.jp/@0_mall/ungrid-by-stylife/cabinet/item/294/b79294-01_1.jpg?_ex=400x537&s=2&r=1',16,5,1,0,0,'',1,NULL,1447664251,NULL),(1110,'OHIOスウェット','Sweat','圆领运动上衣','圓領運動上衣',7490,0,0,0,'b89410','http://thumbnail.image.rakuten.co.jp/@0_mall/ungrid-by-stylife/cabinet/item/410/b89410-03_2.jpg?_ex=400x537&s=2&r=1',16,5,2,0,0,'',1,NULL,1447664251,NULL),(1111,'(L)スウェットスタジャン','Award Jacket','运动夹克','運動夾克',2990,0,0,0,'b74555','http://thumbnail.image.rakuten.co.jp/@0_mall/wego/cabinet/item/555/b74555-02_1.jpg?_ex=400x537&s=2&r=1',17,5,1,0,0,'',1,NULL,1447664251,NULL),(1112,'千鳥柄インナーパンツ付きSK','','','',6900,0,0,0,'b96931','http://thumbnail.image.rakuten.co.jp/@0_mall/stylife/cabinet/item/931/b96931-01_1.jpg?_ex=400x537&s=2&r=1',13,8,1,0,0,'',1,NULL,1447664251,NULL),(1113,'(L)フェイクスエードロゴキャップ','Cap','运动帽','運動帽',1990,0,0,0,'b84412','http://thumbnail.image.rakuten.co.jp/@0_mall/wego/cabinet/item/412/b84412-04_1.jpg?_ex=400x537&s=2&r=1',17,5,2,0,0,'',1,NULL,1447664251,NULL),(1114,'プチプライスショートブーツ','','','',5900,0,0,0,'b96933','http://thumbnail.image.rakuten.co.jp/@0_mall/stylife/cabinet/item/933/b96933-04_1.jpg?_ex=400x537&s=2&r=1',13,8,2,0,0,'',1,NULL,1447664251,NULL),(1115,'ダブルフェイスウールガウンコート','Long Coats','剪裁长身大衣','剪裁長身大衣',16490,0,0,0,'b85606','http://thumbnail.image.rakuten.co.jp/@0_mall/ungrid-by-stylife/cabinet/item/606/b85606-01_2.jpg?_ex=400x537&s=2&r=1',16,6,1,0,0,'',1,NULL,1447664251,NULL),(1116,'(L)PINKパーカー','Parker','派克','派克',1990,0,0,0,'b85451','http://thumbnail.image.rakuten.co.jp/@0_mall/wego/cabinet/item/451/b85451-02_1.jpg?_ex=400x537&s=2&r=1',17,6,1,0,0,'',1,NULL,1447664251,NULL),(1117,'ミックスヤーンルーズニット','Knit','针织毛衣','針織毛衣',9990,0,0,0,'b94628','http://thumbnail.image.rakuten.co.jp/@0_mall/ungrid-by-stylife/cabinet/item/628/b94628-02_1.jpg?_ex=400x537&s=2&r=1',16,6,2,0,0,'',1,NULL,1447664251,NULL),(1118,'(L)ピストルイヤリング','Round Earrings','耳环','耳環',590,0,0,0,'b50933','http://thumbnail.image.rakuten.co.jp/@0_mall/wego/cabinet/item/933/b50933-01_1.jpg?_ex=400x537&s=2&r=1',17,6,2,0,0,'',1,NULL,1447664251,NULL),(1119,'リアルスウェードショートブーツ','Booty','高跟短靴','高跟短靴',28990,0,0,0,'b91188','http://thumbnail.image.rakuten.co.jp/@0_mall/ungrid-by-stylife/cabinet/item/188/b91188-01_1.jpg?_ex=400x537&s=2&r=1',16,6,3,0,0,'',1,NULL,1447664251,NULL),(1120,'ウールレトロコクーンワンピース','','','',8900,0,0,0,'b96939','http://thumbnail.image.rakuten.co.jp/@0_mall/stylife/cabinet/item/939/b96939-05_1.jpg?_ex=400x537&s=2&r=1',13,9,1,0,0,'',1,NULL,1447664251,NULL),(1121,'(L)ダブルベルトナイロンリュック','Rucksacks','背包','後背包',2990,0,0,0,'b91244','http://thumbnail.image.rakuten.co.jp/@0_mall/wego/cabinet/item/244/b91244-04_1.jpg?_ex=400x537&s=2&r=1',17,6,3,0,0,'',1,NULL,1447664251,NULL),(1122,'(L)3ラインソックス','Socks','袜子','襪子',350,0,0,0,'b67291','http://thumbnail.image.rakuten.co.jp/@0_mall/wego/cabinet/item/291/b67291-01_1.jpg?_ex=400x537&s=2&r=1',17,6,4,0,0,'',1,NULL,1447664251,NULL),(1123,'中折れハット','','','',5500,0,0,0,'b96965','http://thumbnail.image.rakuten.co.jp/@0_mall/stylife/cabinet/item/965/b96965-02_1.jpg?_ex=400x537&s=2&r=1',13,9,2,0,0,'',1,NULL,1447664251,NULL),(1124,'(L)ファーサボサンダル','Sandals','凉鞋','涼鞋',3877,0,0,0,'b64987','http://thumbnail.image.rakuten.co.jp/@0_mall/wego/cabinet/item/987/b64987-03_1.jpg?_ex=400x537&s=2&r=1',17,6,5,0,0,'',1,NULL,1447664251,NULL),(1125,'厚底アンクルブーティ','','','',7900,0,0,0,'b96940','http://thumbnail.image.rakuten.co.jp/@0_mall/stylife/cabinet/item/940/b96940-03_1.jpg?_ex=400x537&s=2&r=1',13,9,3,0,0,'',1,NULL,1447664251,NULL),(1126,'ウールレトロコクーンワンピース','','','',8900,0,0,0,'b96939','http://thumbnail.image.rakuten.co.jp/@0_mall/stylife/cabinet/item/939/b96939-05_1.jpg?_ex=400x537&s=2&r=1',13,10,1,0,0,'',1,NULL,1447664251,NULL),(1127,'(L)リブハイネックセーター','Knit','针织衫','針織品',1990,0,0,0,'b65352','http://thumbnail.image.rakuten.co.jp/@0_mall/wego/cabinet/item/352/b65352-06_1.jpg?_ex=400x537&s=2&r=1',17,7,1,0,0,'',1,NULL,1447664251,NULL),(1128,'(L)リメイクデニムマキシスカート','Maxi Skirt','長身連身大衣','',3590,0,0,0,'b74544','http://thumbnail.image.rakuten.co.jp/@0_mall/wego/cabinet/item/544/b74544-02_1.jpg?_ex=400x537&s=2&r=1',17,7,2,0,0,'',1,NULL,1447664251,NULL),(1129,'(L)厚底PUスニーカー','Sneakers','布鞋','布鞋',4309,0,0,0,'b60005','http://thumbnail.image.rakuten.co.jp/@0_mall/wego/cabinet/item/005/b60005-05_1.jpg?_ex=400x537&s=2&r=1',17,7,3,0,0,'',1,NULL,1447664251,NULL),(1130,'(L)ダブルベルトナイロンリュック','Rucksacks','背包','後背包',2990,0,0,0,'b91244','http://thumbnail.image.rakuten.co.jp/@0_mall/wego/cabinet/item/244/b91244-02_1.jpg?_ex=400x537&s=2&r=1',17,7,4,0,0,'',1,NULL,1447664251,NULL),(1131,'ハイネックセットアップトップス','','','',7900,0,0,0,'b96962','http://thumbnail.image.rakuten.co.jp/@0_mall/stylife/cabinet/item/962/b96962-01_1.jpg?_ex=400x537&s=2&r=1',13,11,1,0,0,'',1,NULL,1447664251,NULL),(1132,'セットアップフレアースカート','','','',7900,0,0,0,'b96963','http://thumbnail.image.rakuten.co.jp/@0_mall/stylife/cabinet/item/963/b96963-01_1.jpg?_ex=400x537&s=2&r=1',13,11,2,0,0,'',1,NULL,1447664251,NULL),(1133,'(L)バックロゴスタジャン','Award Jacket','运动夹克','運動夾克',5990,0,0,0,'b70891','http://thumbnail.image.rakuten.co.jp/@0_mall/wego/cabinet/item/891/b70891-03_1.jpg?_ex=400x537&s=2&r=1',17,8,1,0,0,'',1,NULL,1447664251,NULL),(1134,'(L)ハイネックT','T Shirt','T恤','T恤',1393,0,0,0,'b80189','http://thumbnail.image.rakuten.co.jp/@0_mall/wego/cabinet/item/189/b80189-02_1.jpg?_ex=400x537&s=2&r=1',17,8,2,0,0,'',1,NULL,1447664251,NULL),(1135,'(L)ボリュームシューズ','Sneakers','布鞋','布鞋',3229,0,0,0,'b69323','http://thumbnail.image.rakuten.co.jp/@0_mall/wego/cabinet/item/323/b69323-01_1.jpg?_ex=400x537&s=2&r=1',17,8,3,0,0,'',1,NULL,1447664251,NULL),(1136,'(L)クシュクシュソックス','Socks','袜子','襪子',350,0,0,0,'b03354','http://thumbnail.image.rakuten.co.jp/@0_mall/wego/cabinet/item/354/b03354-01_1.jpg?_ex=400x537&s=2&r=1',17,8,4,0,0,'',1,NULL,1447664251,NULL),(1137,'ハイネックセットアップトップス','','','',7900,0,0,0,'b96962','http://thumbnail.image.rakuten.co.jp/@0_mall/stylife/cabinet/item/962/b96962-01_1.jpg?_ex=400x537&s=2&r=1',13,12,1,0,0,'',1,NULL,1447664251,NULL),(1138,'セットアップフレアースカート','','','',7900,0,0,0,'b96963','http://thumbnail.image.rakuten.co.jp/@0_mall/stylife/cabinet/item/963/b96963-01_1.jpg?_ex=400x537&s=2&r=1',13,12,2,0,0,'',1,NULL,1447664251,NULL),(1139,'(L)バックロゴスタジャン','Award Jacket','运动夹克','運動夾克',5990,0,0,0,'b70891','http://thumbnail.image.rakuten.co.jp/@0_mall/wego/cabinet/item/891/b70891-09_1.jpg?_ex=400x537&s=2&r=1',17,9,1,0,0,'',1,NULL,1447664251,NULL),(1140,'(L)ハートクロップドPO','Pullover','套衫','套衫',2990,0,0,0,'b74552','http://thumbnail.image.rakuten.co.jp/@0_mall/wego/cabinet/item/552/b74552-02_1.jpg?_ex=400x537&s=2&r=1',17,9,2,0,0,'',1,NULL,1447664251,NULL),(1141,'(L)サイドレースアップショートパンツ','Shorts','短裤','短褲',2990,0,0,0,'b75577','http://thumbnail.image.rakuten.co.jp/@0_mall/wego/cabinet/item/577/b75577-03_1.jpg?_ex=400x537&s=2&r=1',17,9,3,0,0,'',1,NULL,1447664251,NULL),(1142,'(L)クシュクシュソックス','Socks','袜子','襪子',350,0,0,0,'b03354','http://thumbnail.image.rakuten.co.jp/@0_mall/wego/cabinet/item/354/b03354-05_1.jpg?_ex=400x537&s=2&r=1',17,9,4,0,0,'',1,NULL,1447664251,NULL),(1143,'(L)ボリュームシューズ','Sneakers','布鞋','布鞋',3229,0,0,0,'b69323','http://thumbnail.image.rakuten.co.jp/@0_mall/wego/cabinet/item/323/b69323-03_1.jpg?_ex=400x537&s=2&r=1',17,9,5,0,0,'',1,NULL,1447664251,NULL),(1144,'(L)MA-1','Blouson','夹克','夾克',4990,0,0,0,'b86388','http://thumbnail.image.rakuten.co.jp/@0_mall/wego/cabinet/item/388/b86388-02_1.jpg?_ex=400x537&s=2&r=1',17,10,1,0,0,'',1,NULL,1447664251,NULL),(1145,'(L)オーガンジーラインスウェット','Sweat','运动裤','運動褲',2149,0,0,0,'b74554','http://thumbnail.image.rakuten.co.jp/@0_mall/wego/cabinet/item/554/b74554-01_1.jpg?_ex=400x537&s=2&r=1',17,10,2,0,0,'',1,NULL,1447664251,NULL),(1146,'(L)チャンキーニットスヌード','Snood','发网','脖圍',1717,0,0,0,'b91208','http://thumbnail.image.rakuten.co.jp/@0_mall/wego/cabinet/item/208/b91208-02_1.jpg?_ex=400x537&s=2&r=1',17,10,3,0,0,'',1,NULL,1447664251,NULL),(1147,'(L)クシュクシュソックス','Socks','袜子','襪子',350,0,0,0,'b73953','http://thumbnail.image.rakuten.co.jp/@0_mall/wego/cabinet/item/953/b73953-07_1.jpg?_ex=400x537&s=2&r=1',17,10,4,0,0,'',1,NULL,1447664251,NULL),(1148,'(L)厚底ベーシックスニーカー','Sneakers','布鞋','布鞋',4309,0,0,0,'b69320','http://thumbnail.image.rakuten.co.jp/@0_mall/wego/cabinet/item/320/b69320-03_1.jpg?_ex=400x537&s=2&r=1',17,10,5,0,0,'',1,NULL,1447664251,NULL),(1149,'(L)フェザーゴム','Hair accessories','发饰','髮飾',390,0,0,0,'b83647','http://thumbnail.image.rakuten.co.jp/@0_mall/wego/cabinet/item/647/b83647-02_1.jpg?_ex=400x537&s=2&r=1',17,10,6,0,0,'',1,NULL,1447664251,NULL),(1150,'(L)ロングダッフルコート','','','',6990,0,0,0,'b89415','http://thumbnail.image.rakuten.co.jp/@0_mall/wego/cabinet/item/415/b89415-02_1.jpg?_ex=400x537&s=2&r=1',17,11,1,0,0,'',1,NULL,1447664251,NULL),(1151,'(L)フェルトベレー','','','',1290,0,0,0,'b63010','http://thumbnail.image.rakuten.co.jp/@0_mall/wego/cabinet/item/010/b63010-03_1.jpg?_ex=400x537&s=2&r=1',17,11,2,0,0,'',1,NULL,1447664251,NULL),(1152,'(L)厚底ウェッジパンプス','','','',2990,0,0,0,'b67605','http://thumbnail.image.rakuten.co.jp/@0_mall/wego/cabinet/item/605/b67605-03_1.jpg?_ex=400x537&s=2&r=1',17,11,3,0,0,'',1,NULL,1447664251,NULL),(1153,'(L)チェックチェスターコート','','','',6990,0,0,0,'b92850','http://thumbnail.image.rakuten.co.jp/@0_mall/wego/cabinet/item/850/b92850-01_1.jpg?_ex=400x537&s=2&r=1',17,12,1,0,0,'',1,NULL,1447664251,NULL),(1154,'(L)メロウフリルリブタートルセーター','','','',1990,0,0,0,'b93820','http://thumbnail.image.rakuten.co.jp/@0_mall/wego/cabinet/item/820/b93820-02_1.jpg?_ex=400x537&s=2&r=1',17,12,2,0,0,'',1,NULL,1447664251,NULL),(1155,'(L)サイドレースアップショートパンツ','','','',2990,0,0,0,'b75577','http://thumbnail.image.rakuten.co.jp/@0_mall/wego/cabinet/item/577/b75577-01_1.jpg?_ex=400x537&s=2&r=1',17,12,3,0,0,'',1,NULL,1447664251,NULL),(1156,'(L)riders jacket','','','',5990,0,0,0,'b73362','http://thumbnail.image.rakuten.co.jp/@0_mall/wego/cabinet/item/362/b73362-01_1.jpg?_ex=400x537&s=2&r=1',17,13,1,0,0,'',1,NULL,1447664251,NULL),(1157,'(L)101セーター','','','',3990,0,0,0,'b91246','http://thumbnail.image.rakuten.co.jp/@0_mall/wego/cabinet/item/246/b91246-02_1.jpg?_ex=400x537&s=2&r=1',17,13,2,0,0,'',1,NULL,1447664251,NULL),(1158,'(L)プリーツミニスカート','','','',2990,0,0,0,'b93439','http://thumbnail.image.rakuten.co.jp/@0_mall/wego/cabinet/item/439/b93439-02_1.jpg?_ex=400x537&s=2&r=1',17,13,3,0,0,'',1,NULL,1447664251,NULL),(1159,'(L)ベーシックシャツ','','','',1990,0,0,0,'b63395','http://thumbnail.image.rakuten.co.jp/@0_mall/wego/cabinet/item/395/b63395-04_1.jpg?_ex=400x537&s=2&r=1',17,13,4,0,0,'',1,NULL,1447664251,NULL),(1160,'(L)チャンキーニットキャップ','','','',1990,0,0,0,'b91207','http://thumbnail.image.rakuten.co.jp/@0_mall/wego/cabinet/item/207/b91207-02_1.jpg?_ex=400x537&s=2&r=1',17,13,5,0,0,'',1,NULL,1447664251,NULL),(1161,'(L)ボリュームソールパンプス','','','',3229,0,0,0,'b50597','http://thumbnail.image.rakuten.co.jp/@0_mall/wego/cabinet/item/597/b50597-03_1.jpg?_ex=400x537&s=2&r=1',17,13,6,0,0,'',1,NULL,1447664251,NULL);
/*!40000 ALTER TABLE `items` ENABLE KEYS */;
UNLOCK TABLES;

--
-- Table structure for table `migration`
--

DROP TABLE IF EXISTS `migration`;
/*!40101 SET @saved_cs_client     = @@character_set_client */;
/*!40101 SET character_set_client = utf8 */;
CREATE TABLE `migration` (
  `type` varchar(25) NOT NULL,
  `name` varchar(50) NOT NULL,
  `migration` varchar(100) NOT NULL DEFAULT ''
) ENGINE=InnoDB DEFAULT CHARSET=utf8;
/*!40101 SET character_set_client = @saved_cs_client */;

--
-- Dumping data for table `migration`
--

LOCK TABLES `migration` WRITE;
/*!40000 ALTER TABLE `migration` DISABLE KEYS */;
INSERT INTO `migration` VALUES ('package','auth','001_auth_create_usertables'),('package','auth','002_auth_create_grouptables'),('package','auth','003_auth_create_roletables'),('package','auth','004_auth_create_permissiontables'),('package','auth','005_auth_create_authdefaults'),('package','auth','006_auth_add_authactions'),('package','auth','007_auth_add_permissionsfilter'),('package','auth','008_auth_create_providers'),('package','auth','009_auth_create_oauth2tables'),('package','auth','010_auth_fix_jointables'),('app','default','001_create_models'),('app','default','002_create_brands'),('app','default','003_create_items'),('app','default','004_create_memos'),('app','default','005_create_categories'),('app','default','006_create_modelstatuses'),('app','default','007_create_grandtops'),('app','default','008_create_brandtops');
/*!40000 ALTER TABLE `migration` ENABLE KEYS */;
UNLOCK TABLES;

--
-- Table structure for table `models`
--

DROP TABLE IF EXISTS `models`;
/*!40101 SET @saved_cs_client     = @@character_set_client */;
/*!40101 SET character_set_client = utf8 */;
CREATE TABLE `models` (
  `id` int(11) unsigned NOT NULL AUTO_INCREMENT,
  `name_kana` varchar(50) NOT NULL,
  `name_ja` varchar(50) NOT NULL,
  `name_en` varchar(50) NOT NULL,
  `img` varchar(255) DEFAULT NULL,
  `status` int(11) NOT NULL DEFAULT '1',
  `remarks` text,
  `last_updated_by` int(11) unsigned NOT NULL,
  `deleted_at` int(11) DEFAULT NULL,
  `created_at` int(11) DEFAULT NULL,
  `updated_at` int(11) DEFAULT NULL,
  PRIMARY KEY (`id`),
  KEY `last_updated_by` (`last_updated_by`),
  CONSTRAINT `models_ibfk_1` FOREIGN KEY (`last_updated_by`) REFERENCES `users` (`id`) ON DELETE CASCADE ON UPDATE CASCADE
) ENGINE=InnoDB AUTO_INCREMENT=139 DEFAULT CHARSET=utf8;
/*!40101 SET character_set_client = @saved_cs_client */;

--
-- Dumping data for table `models`
--

LOCK TABLES `models` WRITE;
/*!40000 ALTER TABLE `models` DISABLE KEYS */;
INSERT INTO `models` VALUES (1,'あかたになおこ','赤谷奈緒子','AKATANI NAOKO','',0,'',1,NULL,1443177881,NULL),(2,'あさみやさき','麻宮彩希','ASAMIYA SAKI','',0,'',1,NULL,1443177881,NULL),(3,'あべななみ','阿部菜渚美','ABE NANAMI','',0,'',1,NULL,1443177881,NULL),(4,'あも','AMO','AMO','http://event.rakuten.co.jp/fashion/rba/girlsaward/img/2015aw/model/amo.jpg',0,'',1,NULL,1443177881,NULL),(5,'あらいひとみ','新井ひとみ(東京女子流)','ARAI HITOMI','',0,'',1,NULL,1443177881,NULL),(6,'ありすえまゆこ','有末麻祐子','ARISUE MAYUKO','http://event.rakuten.co.jp/fashion/rba/girlsaward/img/2015aw/model/arisuemayuko.jpg',0,'',1,NULL,1443177881,NULL),(7,'あんどうみなみ','安藤みなみ','ANDO MINAMI','',0,'',1,NULL,1443177881,NULL),(8,'いいとよまりえ','飯豊まりえ','IITOYO MARIE','http://event.rakuten.co.jp/fashion/rba/girlsaward/img/2015aw/model/itoyo_marie.jpg',0,'',1,NULL,1443177881,NULL),(9,'いけだえらいざ','池田エライザ','IKEDA ELAIZA','http://event.rakuten.co.jp/fashion/rba/girlsaward/img/2015aw/model/ikeda_elaiza.jpg',0,'',1,NULL,1443177881,NULL),(10,'いけだみゆう','池田美優','IKEDA MIYUU','http://event.rakuten.co.jp/fashion/rba/girlsaward/img/2015aw/model/ikeda_miyuu.jpg',0,'',1,NULL,1443177881,NULL),(11,'いしだにこる','石田ニコル','ISHIDA NICOLE','',0,'',1,NULL,1443177881,NULL),(12,'いずみはる','泉はる','IZUMI HARU','http://event.rakuten.co.jp/fashion/rba/girlsaward/img/2015aw/model/izumi_haru.jpg',0,'',1,NULL,1443177881,NULL),(13,'いずみりか','泉里香','IZUMI RIKA','http://event.rakuten.co.jp/fashion/rba/girlsaward/img/2015aw/model/izumi_rika.jpg',0,'',1,NULL,1443177881,NULL),(14,'いとうにーな','伊藤ニーナ','ITO NINA','',0,'',1,NULL,1443177881,NULL),(15,'うえだせりな','植田せりな','UEDA SERINA','',0,'',1,NULL,1443177881,NULL),(16,'うえだまお','上田眞央','UEDA MAO','',0,'',1,NULL,1443177881,NULL),(17,'うらはまありさ','浦浜アリサ','URAHAMA ALISA','http://event.rakuten.co.jp/fashion/rba/girlsaward/img/2015aw/model/urahama_arisa.jpg',0,'',1,NULL,1443177881,NULL),(18,'えのさわまなみ','江野沢愛美','ENOSAWA MANAMI','http://event.rakuten.co.jp/fashion/rba/girlsaward/img/2015aw/model/enosawa_manami.jpg',0,'',1,NULL,1443177881,NULL),(19,'えま','emma','emma','',0,'',1,NULL,1443177881,NULL),(20,'えみり','絵美里','EMIRI','http://event.rakuten.co.jp/fashion/rba/girlsaward/img/2015aw/model/emiri.jpg',0,'',1,NULL,1443177881,NULL),(21,'えんどうにいな','遠藤新菜','ENDO NINA','http://event.rakuten.co.jp/fashion/rba/girlsaward/img/2015aw/model/endo_nina.jpg',0,'',1,NULL,1443177881,NULL),(22,'おおいしみつき','大石参月','OISHI MITSUKI','http://event.rakuten.co.jp/fashion/rba/girlsaward/img/2015aw/model/ohishi_mitsuki.jpg',0,'',1,NULL,1443177881,NULL),(23,'おおかわあい','大川藍','OKAWA AI','http://event.rakuten.co.jp/fashion/rba/girlsaward/img/2015aw/model/okawa_ai.jpg',0,'',1,NULL,1443177881,NULL),(24,'おおともかれん','大友花恋','OTOMO KAREN','',0,'',1,NULL,1443177881,NULL),(25,'おおやかな','大屋夏南','OYA KANA','http://event.rakuten.co.jp/fashion/rba/girlsaward/img/2015aw/model/ooya_kana.jpg',0,'',1,NULL,1443177881,NULL),(26,'おかださやか','岡田紗佳','OKADA SAYAKA','http://event.rakuten.co.jp/fashion/rba/girlsaward/img/2015aw/model/okada_sayaka.jpg',0,'',1,NULL,1443177881,NULL),(27,'おかもとなつみ','岡本夏美','OKAMOTO NATSUMI','',0,'',1,NULL,1443177881,NULL),(28,'おさないかりん','小山内花凜','OSANAI KARIN','',0,'',1,NULL,1443177881,NULL),(29,'おざわなななか','小澤奈々花(X21)','OZAWA NANAKA','',0,'',1,NULL,1443177881,NULL),(30,'かがわさや','香川沙耶','KAGAWA SAYA','http://event.rakuten.co.jp/fashion/rba/girlsaward/img/2015aw/model/kagawa_saya.jpg',0,'',1,NULL,1443177881,NULL),(31,'かけいみわこ','筧美和子','KAKEI MIWAKO','http://event.rakuten.co.jp/fashion/rba/girlsaward/img/2015aw/model/kakei_miwako.jpg',0,'',1,NULL,1443177881,NULL),(32,'かとうなな','加藤ナナ','KATO NANA','http://event.rakuten.co.jp/fashion/rba/girlsaward/img/2015aw/model/kato_nana.jpg',0,'',1,NULL,1443177881,NULL),(33,'きたがわけいこ','北川景子','KITAGAWA KEIKO','',0,'',1,NULL,1443177881,NULL),(34,'きたがわときこ','北川富紀子','KITAGAWA TOKICO','http://event.rakuten.co.jp/fashion/rba/girlsaward/img/2015aw/model/kitagawa_tokiko.jpg',0,'',1,NULL,1443177881,NULL),(35,'きづれいな','木津レイナ','KIZU REINA','',0,'',1,NULL,1443177881,NULL),(36,'きのしたひなこ','木下ひなこ','KINOSHITA HINAKO','http://event.rakuten.co.jp/fashion/rba/girlsaward/img/2015aw/model/kinoshita_hinako.jpg',0,'',1,NULL,1443177881,NULL),(37,'きわ','季葉','KIWA','http://event.rakuten.co.jp/fashion/rba/girlsaward/img/2015aw/model/kiwa.jpg',0,'',1,NULL,1443177881,NULL),(38,'きんじょうまな','金城茉奈','KINJO MANA','',0,'',1,NULL,1443177881,NULL),(39,'くじあきこ','久慈暁子','KUJI AKIKO','http://event.rakuten.co.jp/fashion/rba/girlsaward/img/2015aw/model/kuzi_akiko.jpg',0,'',1,NULL,1443177881,NULL),(40,'くらっせんるりか','クラッセン瑠里香','KLAUSEN RURIKA','',0,'',1,NULL,1443177881,NULL),(41,'くろさきれいな','黒崎レイナ','KUROSAKI REINA','',0,'',1,NULL,1443177881,NULL),(42,'さかたりかこ','坂田梨香子','SAKATA RIKAKO','',0,'',1,NULL,1443177881,NULL),(43,'さかもとれみ','坂本礼美','SAKAMOTO REMI','',0,'',1,NULL,1443177881,NULL),(44,'さくまゆい','佐久間由衣','SAKUMA YUI','http://event.rakuten.co.jp/fashion/rba/girlsaward/img/2015aw/model/sakuma_yui.jpg',0,'',1,NULL,1443177881,NULL),(45,'さとうありさ','佐藤ありさ','SATO ARISA','http://event.rakuten.co.jp/fashion/rba/girlsaward/img/2015aw/model/sato_arisa.jpg',0,'',1,NULL,1443177881,NULL),(46,'さとうみ','里海','SATOUMI','http://event.rakuten.co.jp/fashion/rba/girlsaward/img/2015aw/model/satoumi.jpg',0,'',1,NULL,1443177881,NULL),(47,'さとうみき','佐藤美希','SATO MIKI','http://event.rakuten.co.jp/fashion/rba/girlsaward/img/2015aw/model/sato_miki.jpg',0,'',1,NULL,1443177881,NULL),(48,'さのひなこ','佐野ひなこ','SANO HINAKO','http://event.rakuten.co.jp/fashion/rba/girlsaward/img/2015aw/model/sano_hinako.jpg',0,'',1,NULL,1443177881,NULL),(49,'さはらもにか','佐原モニカ','SAHARA MONICA','http://event.rakuten.co.jp/fashion/rba/girlsaward/img/2015aw/model/sahara_monica.jpg',0,'',1,NULL,1443177881,NULL),(50,'さやどみな','佐谷戸ミナ','SAYADO MINA','http://event.rakuten.co.jp/fashion/rba/girlsaward/img/2015aw/model/sayado_mina.jpg',0,'',1,NULL,1443177881,NULL),(51,'さわだしおね','澤田汐音','SAWADA SHIONE','',0,'',1,NULL,1443177881,NULL),(52,'しかぬまゆき','鹿沼憂妃','SHIKANUMA YUKI','http://event.rakuten.co.jp/fashion/rba/girlsaward/img/2015aw/model/shikanuma_yuki.jpg',0,'',1,NULL,1443177881,NULL),(53,'しだゆうみ','志田友美','SHIDA YUUMI','',0,'',1,NULL,1443177881,NULL),(54,'しまぶくろせいな','島袋聖南','SHIMABUKURO SEINA','',0,'',1,NULL,1443177881,NULL),(55,'しもむらみき','下村実生','SHIMOMURA MIKI','',0,'',1,NULL,1443177881,NULL),(56,'しんかわゆあ','新川優愛','SHINKAWA YUA','http://event.rakuten.co.jp/fashion/rba/girlsaward/img/2015aw/model/shinkawa_yua.jpg',0,'',1,NULL,1443177881,NULL),(57,'すぎえだまゆ','杉枝真結','SUGIEDA MAYU','',0,'',1,NULL,1443177881,NULL),(58,'すぎさきえり','杉崎衣里','SUGISAKI ERI','',0,'',1,NULL,1443177881,NULL),(59,'すずかわひろき','鈴川博紀','SUZUKAWA HIROKI','',0,'',1,NULL,1443177881,NULL),(60,'すずきゆうか','鈴木優華','SUZUKI YUUKA','',0,'',1,NULL,1443177881,NULL),(61,'すずきゆうな','鈴木友菜','SUZUKI YUUNA','http://event.rakuten.co.jp/fashion/rba/girlsaward/img/2015aw/model/suzuki_yuna.jpg',0,'',1,NULL,1443177881,NULL),(62,'せきぐちはるな','関口春菜','SEKIGUCHI HARUNA','',0,'',1,NULL,1443177881,NULL),(63,'そんみ','ソンミ','SONMI','http://event.rakuten.co.jp/fashion/rba/girlsaward/img/2015aw/model/sonmi.jpg',0,'',1,NULL,1443177881,NULL),(64,'たかだりほ','高田里穂','TAKADA RIHO','http://event.rakuten.co.jp/fashion/rba/girlsaward/img/2015aw/model/takada_riho.jpg',0,'',1,NULL,1443177881,NULL),(65,'たかはしあい','高橋愛','TAKAHASHI AI','',0,'',1,NULL,1443177881,NULL),(66,'だこたろーず','ダコタローズ','DAKOTA ROSE','http://event.rakuten.co.jp/fashion/rba/girlsaward/img/2015aw/model/dakotakoti.jpg',0,'',1,NULL,1443177881,NULL),(67,'たましろてぃな','玉城ティナ','TAMASHIRO TINA','http://event.rakuten.co.jp/fashion/rba/girlsaward/img/2015aw/model/tamashiro_tina.jpg',0,'',1,NULL,1443177881,NULL),(68,'つげ りょうた','つげ りょうた','TSUGE RYOTA','',0,'',1,NULL,1443177881,NULL),(69,'つちやはずき','土屋巴瑞季','TSUCHIYA HAZUKI','http://event.rakuten.co.jp/fashion/rba/girlsaward/img/2015aw/model/tsuchiya_hazuki.jpg',0,'',1,NULL,1443177881,NULL),(70,'ときたれいこ','土岐田麗子','TOKITA REIKO','http://event.rakuten.co.jp/fashion/rba/girlsaward/img/2015aw/model/tokita_reiko.jpg',0,'',1,NULL,1443177881,NULL),(71,'としみずつばさ','利水翔','TOSHIMIZU TSUBASA','http://event.rakuten.co.jp/fashion/rba/girlsaward/img/2015aw/model/toshimizu_tsubasa.jpg',0,'',1,NULL,1443177881,NULL),(72,'とりんどるれいな','トリンドル玲奈','TRIENDL REINA','http://event.rakuten.co.jp/fashion/rba/girlsaward/img/2015aw/model/triendle.jpg',0,'',1,NULL,1443177881,NULL),(73,'とれまそわゆりあ','トレマソワ ユリア','TREMASOVA YURIA','http://event.rakuten.co.jp/fashion/rba/girlsaward/img/2015aw/model/toremasowa.jpg',0,'',1,NULL,1443177881,NULL),(74,'なかじょうあやみ','中条あやみ','NAKAJO AYAMI','',0,'',1,NULL,1443177881,NULL),(75,'なかだみのり','中田みのり','NAKADA MINORI','',0,'',1,NULL,1443177881,NULL),(76,'なな','Nana','NANA','',0,'',1,NULL,1443177881,NULL),(77,'ななお','菜々緒','NANAO','http://event.rakuten.co.jp/fashion/rba/girlsaward/img/2015aw/model/nanao.jpg',0,'',1,NULL,1443177881,NULL),(78,'のざきともこ','野崎智子','NOZAKI TOMOCO','',0,'',1,NULL,1443177881,NULL),(79,'のざきもえか','野崎萌香','NOZAKI MOEKA','http://event.rakuten.co.jp/fashion/rba/girlsaward/img/2015aw/model/nozaki_moeka.jpg',0,'',1,NULL,1443177881,NULL),(80,'はしづめあい','橋爪愛','HASHIZUME AI','',0,'',1,NULL,1443177881,NULL),(81,'はしもとまなみ','橋本マナミ','HASHIMOTO MANAMI','',0,'',1,NULL,1443177881,NULL),(82,'ばばふみか','馬場ふみか','BABA FUMIKA','http://event.rakuten.co.jp/fashion/rba/girlsaward/img/2015aw/model/baba_fumika.jpg',0,'',1,NULL,1443177881,NULL),(83,'ひらやまなみ','平山奈美','HIRAYAMA NAMI','http://event.rakuten.co.jp/fashion/rba/girlsaward/img/2015aw/model/hirayama_nami.jpg',0,'',1,NULL,1443177881,NULL),(84,'ふじいさち','藤井サチ','FUJI SACHI','',0,'',1,NULL,1443177881,NULL),(85,'ふじたえみり','藤田エミリ','FUJITA EMIRI','http://event.rakuten.co.jp/fashion/rba/girlsaward/img/2015aw/model/fujita_emiri.jpg',0,'',1,NULL,1443177881,NULL),(86,'べいかーえりさ','ベイカー恵利沙','BAKER ELISA','http://event.rakuten.co.jp/fashion/rba/girlsaward/img/2015aw/model/bakerelisa.jpg',0,'',1,NULL,1443177881,NULL),(87,'ほったあかね','堀田茜','HOTTA AKANE','',0,'',1,NULL,1443177881,NULL),(88,'まーく','Mark','Mark','',0,'',1,NULL,1443177881,NULL),(89,'まえだゆう','前田ゆう','MAEDA YUU','http://event.rakuten.co.jp/fashion/rba/girlsaward/img/2015aw/model/maeda_yuu.jpg',0,'',1,NULL,1443177881,NULL),(90,'まぎー','マギー','MAGGY','http://event.rakuten.co.jp/fashion/rba/girlsaward/img/2015aw/model/maggy.jpg',0,'',1,NULL,1443177881,NULL),(91,'まつもとえりか','松元絵里花','MATSUMOTO ERIKA','http://event.rakuten.co.jp/fashion/rba/girlsaward/img/2015aw/model/matsumoto_erika.jpg',0,'',1,NULL,1443177881,NULL),(92,'まのえりな','真野恵里菜','MANO ERINA','',0,'',1,NULL,1443177881,NULL),(93,'ままれいな','真間玲奈','MAMA REINA','http://event.rakuten.co.jp/fashion/rba/girlsaward/img/2015aw/model/mama_reina.jpg',0,'',1,NULL,1443177881,NULL),(94,'まりー','マリー','MARIE','NULL',0,'',1,NULL,1443177881,NULL),(95,'みずはらゆか','水原佑果','MIZUHARA YUKA','http://event.rakuten.co.jp/fashion/rba/girlsaward/img/2015aw/model/mizuhara_yuka.jpg',0,'',1,NULL,1443177881,NULL),(96,'みなとじゅりあな','湊ジュリアナ','MINATO JULIANA','http://event.rakuten.co.jp/fashion/rba/girlsaward/img/2015aw/model/minato_juliana.jpg',0,'',1,NULL,1443177881,NULL),(97,'みなみあきな','南明奈','MINAMI AKINA','http://event.rakuten.co.jp/fashion/rba/girlsaward/img/2015aw/model/minami_akina.jpg',0,'',1,NULL,1443177881,NULL),(98,'みやぎかりん','宮城夏鈴','MIYAGI KARIN','',0,'',1,NULL,1443177881,NULL),(99,'みやぎまい','宮城舞','MIYAGI MAI','',0,'',1,NULL,1443177881,NULL),(100,'みゆ','美優','MIYU','',0,'',1,NULL,1443177881,NULL),(101,'めろでぃーようこ','メロディー洋子','MELODY YOKO','http://event.rakuten.co.jp/fashion/rba/girlsaward/img/2015aw/model/melody_yoko.jpg',0,'',1,NULL,1443177881,NULL),(102,'もりひかり','森星','MORI HIKARI','http://event.rakuten.co.jp/fashion/rba/girlsaward/img/2015aw/model/mori_hikari.jpg',0,'',1,NULL,1443177881,NULL),(103,'もりまや',' 森摩耶','MORI MAYA','',0,'',1,NULL,1443177881,NULL),(104,'やぎありさ','八木アリサ','YAGI ALISSA','http://event.rakuten.co.jp/fashion/rba/girlsaward/img/2015aw/model/yagi_arisa.jpg',0,'',1,NULL,1443177881,NULL),(105,'やまざきひろな','山崎紘菜','YAMAZAKI HIRONA','http://event.rakuten.co.jp/fashion/rba/girlsaward/img/2015aw/model/yamazaki_hirona.jpg',0,'',1,NULL,1443177881,NULL),(106,'やましたはるか','山下永夏','YAMASHITA HARUKA','http://event.rakuten.co.jp/fashion/rba/girlsaward/img/2015aw/model/yamashita_haruka.jpg',0,'',1,NULL,1443177881,NULL),(107,'やまだあいな','山田愛奈','YAMADA AINA','',0,'',1,NULL,1443177881,NULL),(108,'やまだあかり','山田朱莉','YAMADA AKARI','',0,'',1,NULL,1443177881,NULL),(109,'やまだゆう','山田優','YAMADA YU','',0,'',1,NULL,1443177881,NULL),(110,'やまもとそにあ','山本ソニア','YAMAMOTO SONIA','http://event.rakuten.co.jp/fashion/rba/girlsaward/img/2015aw/model/yamamoto_sonia.jpg',0,'',1,NULL,1443177881,NULL),(111,'やまもとゆうき','山本優希','YAMAMOTO YUUKI','',0,'',1,NULL,1443177881,NULL),(112,'よこたまゆう','横田真悠','YOKOTA MAYUU','',0,'',1,NULL,1443177881,NULL),(113,'よしきちさと','吉木千沙都','YOSHIKI CHISATO','http://event.rakuten.co.jp/fashion/rba/girlsaward/img/2015aw/model/yoshiki_chisato.jpg',0,'',1,NULL,1443177881,NULL),(114,'よしだなつみ','吉田夏海','YOSHIDA NATSUMI','http://event.rakuten.co.jp/fashion/rba/girlsaward/img/2015aw/model/yoshida_natsumi.jpg',0,'',1,NULL,1443177881,NULL),(115,'らぶり','ラブリ','LOVELI','http://event.rakuten.co.jp/fashion/rba/girlsaward/img/2015aw/model/loveli.jpg',0,'',1,NULL,1443177881,NULL),(116,'わたなべまい','渡辺舞','WATANABE MAI','http://event.rakuten.co.jp/fashion/rba/girlsaward/img/2015aw/model/watanabe_mai.jpg',0,'',1,NULL,1443177881,NULL),(117,'なかむらあん','中村アン','NAKAMURA ANN','',0,'',1,NULL,1445310333,NULL),(118,'かわきたまゆこ','河北麻友子','KAWAKITA MAYUKO','',0,'',1,NULL,1445310824,NULL),(119,'たちばなえり','立花恵理','TACHIBANA ERI','',0,'',1,NULL,1445310886,NULL),(120,'えりーろーず','エリーローズ','ELLIE ROSE','',0,'',1,NULL,1445310932,NULL),(121,'ふじいりな','藤井リナ','FUJII RINA','',0,'',1,NULL,1445311341,NULL),(123,'みよしあやか','三吉彩花','MIYOSHI AYAKA','',0,'',1,NULL,1445311641,NULL),(124,'まついえり','松井愛莉','MATSUI ERI','',0,'',1,NULL,1445312846,NULL),(125,'あらきゆうこ','新木優子','ARAKI YUKO','',0,'',1,NULL,1445312957,NULL),(126,'あさひなあや','朝比奈彩','ASAHINA AYA','',0,'',1,NULL,1445315313,NULL),(128,'たなべももこ','田辺桃子','TANABE MOMOKO','',0,'',1,NULL,1445316567,NULL),(129,'ちばゆうだい','千葉雄大','CHIBA YUDAI','',0,'',1,NULL,1445316850,NULL),(130,'おかもとあずさ','岡本あずさ','OKAMOTO AZUSA','',0,'',1,NULL,1445317831,NULL),(131,'おかださやか&さとうみき','岡田紗佳&佐藤美希','OKADA SYAKA&SATO MIKI','',1,'',1,NULL,1445317926,1445318339),(132,'うえだまお&きのしたひなこ','上田眞央&木下ひなこ','UEDA MAO&KINOSHITA HINAKO','',1,'',1,NULL,1445317987,1445318234),(133,'ふじいかれん','藤井夏恋','FUJII KAREN','',0,'',1,NULL,1445402190,NULL),(134,'さとうはるみ','佐藤晴美','SATO HARUMI','',0,'',1,NULL,1445402241,NULL),(135,'かえで','楓','KAEDE','',0,'',1,NULL,1445402275,NULL),(136,'ふじいしゅうか','藤井萩花','FUJII SHUKA','',0,'',1,NULL,1445402362,NULL);
/*!40000 ALTER TABLE `models` ENABLE KEYS */;
UNLOCK TABLES;

--
-- Table structure for table `users`
--

DROP TABLE IF EXISTS `users`;
/*!40101 SET @saved_cs_client     = @@character_set_client */;
/*!40101 SET character_set_client = utf8 */;
CREATE TABLE `users` (
  `id` int(11) unsigned NOT NULL AUTO_INCREMENT,
  `username` varchar(50) NOT NULL,
  `password` varchar(255) NOT NULL,
  `group` int(11) NOT NULL DEFAULT '1',
  `email` varchar(255) NOT NULL,
  `last_login` varchar(25) NOT NULL,
  `login_hash` varchar(255) NOT NULL,
  `profile_fields` text NOT NULL,
  `created_at` int(11) NOT NULL DEFAULT '0',
  `updated_at` int(11) NOT NULL DEFAULT '0',
  PRIMARY KEY (`id`),
  UNIQUE KEY `username` (`username`,`email`)
) ENGINE=InnoDB AUTO_INCREMENT=4 DEFAULT CHARSET=utf8;
/*!40101 SET character_set_client = @saved_cs_client */;

--
-- Dumping data for table `users`
--

LOCK TABLES `users` WRITE;
/*!40000 ALTER TABLE `users` DISABLE KEYS */;
INSERT INTO `users` VALUES (1,'admin','mFTwQ2/AJGG7UZBkziYB2KQh4PSivuFQwh6RSBckSCQ=',100,'admin@rakuten.com','1447657336','ae875cc12b0af393134b93004a7db27be354da5c','a:0:{}',1434681019,1443150387),(2,'moderator','XPlOBIGZmYBYnnaEvL8C5gv4NEUbmf0SxcVUAoozpbg=',50,'moderator@rakuten.com','1447656339','6e974b39768007f86a287dd46191ed6b40b1015e','a:0:{}',1442292960,1447656363),(3,'user','RwafobLantCkRZ8GbCIL/La5S5N7UYAmcHGgAbhbm3o=',1,'guest@rakuten.com','1447657316','fbd9498775e6592a79950ab5aacd4da675f36876','a:0:{}',1444027478,1447656319);
/*!40000 ALTER TABLE `users` ENABLE KEYS */;
UNLOCK TABLES;

--
-- Table structure for table `users_clients`
--

DROP TABLE IF EXISTS `users_clients`;
/*!40101 SET @saved_cs_client     = @@character_set_client */;
/*!40101 SET character_set_client = utf8 */;
CREATE TABLE `users_clients` (
  `id` int(11) NOT NULL AUTO_INCREMENT,
  `name` varchar(32) NOT NULL DEFAULT '',
  `client_id` varchar(32) NOT NULL DEFAULT '',
  `client_secret` varchar(32) NOT NULL DEFAULT '',
  `redirect_uri` varchar(255) NOT NULL DEFAULT '',
  `auto_approve` tinyint(1) NOT NULL DEFAULT '0',
  `autonomous` tinyint(1) NOT NULL DEFAULT '0',
  `status` enum('development','pending','approved','rejected') NOT NULL DEFAULT 'development',
  `suspended` tinyint(1) NOT NULL DEFAULT '0',
  `notes` tinytext NOT NULL,
  PRIMARY KEY (`id`),
  UNIQUE KEY `client_id` (`client_id`)
) ENGINE=InnoDB DEFAULT CHARSET=utf8;
/*!40101 SET character_set_client = @saved_cs_client */;

--
-- Dumping data for table `users_clients`
--

LOCK TABLES `users_clients` WRITE;
/*!40000 ALTER TABLE `users_clients` DISABLE KEYS */;
/*!40000 ALTER TABLE `users_clients` ENABLE KEYS */;
UNLOCK TABLES;

--
-- Table structure for table `users_providers`
--

DROP TABLE IF EXISTS `users_providers`;
/*!40101 SET @saved_cs_client     = @@character_set_client */;
/*!40101 SET character_set_client = utf8 */;
CREATE TABLE `users_providers` (
  `id` int(11) NOT NULL AUTO_INCREMENT,
  `parent_id` int(11) NOT NULL DEFAULT '0',
  `provider` varchar(50) NOT NULL,
  `uid` varchar(255) NOT NULL,
  `secret` varchar(255) DEFAULT NULL,
  `access_token` varchar(255) DEFAULT NULL,
  `expires` int(12) DEFAULT '0',
  `refresh_token` varchar(255) DEFAULT NULL,
  `user_id` int(11) NOT NULL DEFAULT '0',
  `created_at` int(11) NOT NULL DEFAULT '0',
  `updated_at` int(11) NOT NULL DEFAULT '0',
  PRIMARY KEY (`id`),
  KEY `parent_id` (`parent_id`)
) ENGINE=InnoDB DEFAULT CHARSET=utf8;
/*!40101 SET character_set_client = @saved_cs_client */;

--
-- Dumping data for table `users_providers`
--

LOCK TABLES `users_providers` WRITE;
/*!40000 ALTER TABLE `users_providers` DISABLE KEYS */;
/*!40000 ALTER TABLE `users_providers` ENABLE KEYS */;
UNLOCK TABLES;

--
-- Table structure for table `users_scopes`
--

DROP TABLE IF EXISTS `users_scopes`;
/*!40101 SET @saved_cs_client     = @@character_set_client */;
/*!40101 SET character_set_client = utf8 */;
CREATE TABLE `users_scopes` (
  `id` int(11) NOT NULL AUTO_INCREMENT,
  `scope` varchar(64) NOT NULL DEFAULT '',
  `name` varchar(64) NOT NULL DEFAULT '',
  `description` varchar(255) NOT NULL DEFAULT '',
  PRIMARY KEY (`id`),
  UNIQUE KEY `scope` (`scope`)
) ENGINE=InnoDB DEFAULT CHARSET=utf8;
/*!40101 SET character_set_client = @saved_cs_client */;

--
-- Dumping data for table `users_scopes`
--

LOCK TABLES `users_scopes` WRITE;
/*!40000 ALTER TABLE `users_scopes` DISABLE KEYS */;
/*!40000 ALTER TABLE `users_scopes` ENABLE KEYS */;
UNLOCK TABLES;

--
-- Table structure for table `users_sessions`
--

DROP TABLE IF EXISTS `users_sessions`;
/*!40101 SET @saved_cs_client     = @@character_set_client */;
/*!40101 SET character_set_client = utf8 */;
CREATE TABLE `users_sessions` (
  `id` int(11) NOT NULL AUTO_INCREMENT,
  `client_id` varchar(32) NOT NULL DEFAULT '',
  `redirect_uri` varchar(255) NOT NULL DEFAULT '',
  `type_id` varchar(64) NOT NULL,
  `type` enum('user','auto') NOT NULL DEFAULT 'user',
  `code` text NOT NULL,
  `access_token` varchar(50) NOT NULL DEFAULT '',
  `stage` enum('request','granted') NOT NULL DEFAULT 'request',
  `first_requested` int(11) NOT NULL,
  `last_updated` int(11) NOT NULL,
  `limited_access` tinyint(1) NOT NULL DEFAULT '0',
  PRIMARY KEY (`id`),
  KEY `oauth_sessions_ibfk_1` (`client_id`),
  CONSTRAINT `oauth_sessions_ibfk_1` FOREIGN KEY (`client_id`) REFERENCES `users_clients` (`client_id`) ON DELETE CASCADE
) ENGINE=InnoDB DEFAULT CHARSET=utf8;
/*!40101 SET character_set_client = @saved_cs_client */;

--
-- Dumping data for table `users_sessions`
--

LOCK TABLES `users_sessions` WRITE;
/*!40000 ALTER TABLE `users_sessions` DISABLE KEYS */;
/*!40000 ALTER TABLE `users_sessions` ENABLE KEYS */;
UNLOCK TABLES;

--
-- Table structure for table `users_sessionscopes`
--

DROP TABLE IF EXISTS `users_sessionscopes`;
/*!40101 SET @saved_cs_client     = @@character_set_client */;
/*!40101 SET character_set_client = utf8 */;
CREATE TABLE `users_sessionscopes` (
  `id` int(11) NOT NULL AUTO_INCREMENT,
  `session_id` int(11) NOT NULL,
  `access_token` varchar(50) NOT NULL DEFAULT '',
  `scope` varchar(64) NOT NULL DEFAULT '',
  PRIMARY KEY (`id`),
  KEY `session_id` (`session_id`),
  KEY `access_token` (`access_token`),
  KEY `scope` (`scope`),
  CONSTRAINT `oauth_sessionscopes_ibfk_1` FOREIGN KEY (`scope`) REFERENCES `users_scopes` (`scope`),
  CONSTRAINT `oauth_sessionscopes_ibfk_2` FOREIGN KEY (`session_id`) REFERENCES `users_sessions` (`id`) ON DELETE CASCADE
) ENGINE=InnoDB DEFAULT CHARSET=utf8;
/*!40101 SET character_set_client = @saved_cs_client */;

--
-- Dumping data for table `users_sessionscopes`
--

LOCK TABLES `users_sessionscopes` WRITE;
/*!40000 ALTER TABLE `users_sessionscopes` DISABLE KEYS */;
/*!40000 ALTER TABLE `users_sessionscopes` ENABLE KEYS */;
UNLOCK TABLES;
/*!40103 SET TIME_ZONE=@OLD_TIME_ZONE */;

/*!40101 SET SQL_MODE=@OLD_SQL_MODE */;
/*!40014 SET FOREIGN_KEY_CHECKS=@OLD_FOREIGN_KEY_CHECKS */;
/*!40014 SET UNIQUE_CHECKS=@OLD_UNIQUE_CHECKS */;
/*!40101 SET CHARACTER_SET_CLIENT=@OLD_CHARACTER_SET_CLIENT */;
/*!40101 SET CHARACTER_SET_RESULTS=@OLD_CHARACTER_SET_RESULTS */;
/*!40101 SET COLLATION_CONNECTION=@OLD_COLLATION_CONNECTION */;
/*!40111 SET SQL_NOTES=@OLD_SQL_NOTES */;

-- Dump completed on 2015-11-16 18:35:47
