CREATE DATABASE  IF NOT EXISTS `ga_admin` /*!40100 DEFAULT CHARACTER SET utf8 */;
USE `ga_admin`;
-- MySQL dump 10.13  Distrib 5.6.24, for osx10.8 (x86_64)
--
-- Host: cwd-web    Database: ga_admin
-- ------------------------------------------------------
-- Server version	5.5.24-log

/*!40101 SET @OLD_CHARACTER_SET_CLIENT=@@CHARACTER_SET_CLIENT */;
/*!40101 SET @OLD_CHARACTER_SET_RESULTS=@@CHARACTER_SET_RESULTS */;
/*!40101 SET @OLD_COLLATION_CONNECTION=@@COLLATION_CONNECTION */;
/*!40101 SET NAMES utf8 */;
/*!40103 SET @OLD_TIME_ZONE=@@TIME_ZONE */;
/*!40103 SET TIME_ZONE='+00:00' */;
/*!40014 SET @OLD_UNIQUE_CHECKS=@@UNIQUE_CHECKS, UNIQUE_CHECKS=0 */;
/*!40014 SET @OLD_FOREIGN_KEY_CHECKS=@@FOREIGN_KEY_CHECKS, FOREIGN_KEY_CHECKS=0 */;
/*!40101 SET @OLD_SQL_MODE=@@SQL_MODE, SQL_MODE='NO_AUTO_VALUE_ON_ZERO' */;
/*!40111 SET @OLD_SQL_NOTES=@@SQL_NOTES, SQL_NOTES=0 */;

--
-- Table structure for table `brand_top`
--

DROP TABLE IF EXISTS `brand_top`;
/*!40101 SET @saved_cs_client     = @@character_set_client */;
/*!40101 SET character_set_client = utf8 */;
CREATE TABLE `brand_top` (
  `id` int(11) unsigned NOT NULL AUTO_INCREMENT,
  `brand_id` int(11) unsigned NOT NULL,
  `model_id` int(11) unsigned NOT NULL,
  `item_1` int(11) unsigned DEFAULT NULL,
  `item_2` int(11) unsigned DEFAULT NULL,
  `item_3` int(11) unsigned DEFAULT NULL,
  `item_4` int(11) unsigned DEFAULT NULL,
  `item_5` int(11) unsigned DEFAULT NULL,
  `item_6` int(11) unsigned DEFAULT NULL,
  `item_7` int(11) unsigned DEFAULT NULL,
  `item_8` int(11) unsigned DEFAULT NULL,
  `item_9` int(11) unsigned DEFAULT NULL,
  `item_10` int(11) unsigned DEFAULT NULL,
  `item_11` int(11) unsigned DEFAULT NULL,
  `item_12` int(11) unsigned DEFAULT NULL,
  `item_13` int(11) unsigned DEFAULT NULL,
  `item_14` int(11) unsigned DEFAULT NULL,
  `item_15` int(11) unsigned DEFAULT NULL,
  `img` varchar(255) NOT NULL,
  `order` int(11) NOT NULL,
  `photo_status` int(11) unsigned NOT NULL,
  `remarks` text,
  `last_updated_by` int(11) unsigned NOT NULL,
  `deleted_at` int(11) DEFAULT NULL,
  `created_at` int(11) DEFAULT NULL,
  `updated_at` int(11) DEFAULT NULL,
  PRIMARY KEY (`id`),
  KEY `brand_id` (`brand_id`),
  KEY `model_id` (`model_id`),
  KEY `status` (`photo_status`),
  KEY `last_updated_by` (`last_updated_by`),
  KEY `brand_top_ibfk_3` (`item_1`),
  KEY `brand_top_ibfk_4` (`item_2`),
  KEY `brand_top_ibfk_5` (`item_3`),
  KEY `brand_top_ibfk_6` (`item_4`),
  KEY `brand_top_ibfk_7` (`item_5`),
  KEY `brand_top_ibfk_8` (`item_6`),
  KEY `brand_top_ibfk_9` (`item_7`),
  KEY `brand_top_ibfk_10` (`item_8`),
  KEY `brand_top_ibfk_11` (`item_9`),
  KEY `brand_top_ibfk_12` (`item_10`),
  KEY `brand_top_ibfk_13` (`item_11`),
  KEY `brand_top_ibfk_14` (`item_12`),
  KEY `brand_top_ibfk_15` (`item_13`),
  KEY `brand_top_ibfk_16` (`item_14`),
  KEY `brand_top_ibfk_17` (`item_15`),
  CONSTRAINT `brand_top_ibfk_1` FOREIGN KEY (`brand_id`) REFERENCES `brands` (`id`) ON DELETE CASCADE ON UPDATE CASCADE,
  CONSTRAINT `brand_top_ibfk_10` FOREIGN KEY (`item_8`) REFERENCES `items` (`id`) ON DELETE CASCADE ON UPDATE CASCADE,
  CONSTRAINT `brand_top_ibfk_11` FOREIGN KEY (`item_9`) REFERENCES `items` (`id`) ON DELETE CASCADE ON UPDATE CASCADE,
  CONSTRAINT `brand_top_ibfk_12` FOREIGN KEY (`item_10`) REFERENCES `items` (`id`) ON DELETE CASCADE ON UPDATE CASCADE,
  CONSTRAINT `brand_top_ibfk_13` FOREIGN KEY (`item_11`) REFERENCES `items` (`id`) ON DELETE CASCADE ON UPDATE CASCADE,
  CONSTRAINT `brand_top_ibfk_14` FOREIGN KEY (`item_12`) REFERENCES `items` (`id`) ON DELETE CASCADE ON UPDATE CASCADE,
  CONSTRAINT `brand_top_ibfk_15` FOREIGN KEY (`item_13`) REFERENCES `items` (`id`) ON DELETE CASCADE ON UPDATE CASCADE,
  CONSTRAINT `brand_top_ibfk_16` FOREIGN KEY (`item_14`) REFERENCES `items` (`id`) ON DELETE CASCADE ON UPDATE CASCADE,
  CONSTRAINT `brand_top_ibfk_17` FOREIGN KEY (`item_15`) REFERENCES `items` (`id`) ON DELETE CASCADE ON UPDATE CASCADE,
  CONSTRAINT `brand_top_ibfk_18` FOREIGN KEY (`last_updated_by`) REFERENCES `users` (`id`) ON DELETE CASCADE ON UPDATE CASCADE,
  CONSTRAINT `brand_top_ibfk_2` FOREIGN KEY (`model_id`) REFERENCES `models` (`id`) ON DELETE CASCADE ON UPDATE CASCADE,
  CONSTRAINT `brand_top_ibfk_3` FOREIGN KEY (`item_1`) REFERENCES `items` (`id`) ON DELETE CASCADE ON UPDATE CASCADE,
  CONSTRAINT `brand_top_ibfk_4` FOREIGN KEY (`item_2`) REFERENCES `items` (`id`) ON DELETE CASCADE ON UPDATE CASCADE,
  CONSTRAINT `brand_top_ibfk_5` FOREIGN KEY (`item_3`) REFERENCES `items` (`id`) ON DELETE CASCADE ON UPDATE CASCADE,
  CONSTRAINT `brand_top_ibfk_6` FOREIGN KEY (`item_4`) REFERENCES `items` (`id`) ON DELETE CASCADE ON UPDATE CASCADE,
  CONSTRAINT `brand_top_ibfk_7` FOREIGN KEY (`item_5`) REFERENCES `items` (`id`) ON DELETE CASCADE ON UPDATE CASCADE,
  CONSTRAINT `brand_top_ibfk_8` FOREIGN KEY (`item_6`) REFERENCES `items` (`id`) ON DELETE CASCADE ON UPDATE CASCADE,
  CONSTRAINT `brand_top_ibfk_9` FOREIGN KEY (`item_7`) REFERENCES `items` (`id`) ON DELETE CASCADE ON UPDATE CASCADE
) ENGINE=InnoDB AUTO_INCREMENT=197 DEFAULT CHARSET=utf8;
/*!40101 SET character_set_client = @saved_cs_client */;

--
-- Dumping data for table `brand_top`
--

LOCK TABLES `brand_top` WRITE;
/*!40000 ALTER TABLE `brand_top` DISABLE KEYS */;
INSERT INTO `brand_top` VALUES (15,5,67,301,302,NULL,NULL,NULL,NULL,NULL,NULL,NULL,NULL,NULL,NULL,NULL,NULL,NULL,'http://event.rakuten.co.jp/fashion/rba/girlsaward/img/2015aw/cord/jillbyjillstuart_01.jpg',1,0,'',2,NULL,1445306549,1445673554),(16,5,104,303,NULL,NULL,NULL,NULL,NULL,NULL,NULL,NULL,NULL,NULL,NULL,NULL,NULL,NULL,'http://event.rakuten.co.jp/fashion/rba/girlsaward/img/2015aw/cord/jillbyjillstuart_02.jpg',2,0,'',2,NULL,1445306580,1445673564),(17,5,13,304,NULL,NULL,NULL,NULL,NULL,NULL,NULL,NULL,NULL,NULL,NULL,NULL,NULL,NULL,'http://event.rakuten.co.jp/fashion/rba/girlsaward/img/2015aw/cord/jillbyjillstuart_03.jpg',3,0,'',2,NULL,1445306598,1445673575),(18,5,75,305,306,NULL,NULL,NULL,NULL,NULL,NULL,NULL,NULL,NULL,NULL,NULL,NULL,NULL,'http://event.rakuten.co.jp/fashion/rba/girlsaward/img/2015aw/cord/jillbyjillstuart_04.jpg',4,0,'',2,NULL,1445306632,1445673585),(19,5,45,NULL,NULL,NULL,NULL,NULL,NULL,NULL,NULL,NULL,NULL,NULL,NULL,NULL,NULL,NULL,'',5,0,'',1,1445392039,1445306652,1445392039),(20,5,23,307,308,NULL,NULL,NULL,NULL,NULL,NULL,NULL,NULL,NULL,NULL,NULL,NULL,NULL,'http://event.rakuten.co.jp/fashion/rba/girlsaward/img/2015aw/cord/jillbyjillstuart_06.jpg',6,0,'',2,NULL,1445306680,1445673596),(21,5,9,309,310,NULL,NULL,NULL,NULL,NULL,NULL,NULL,NULL,NULL,NULL,NULL,NULL,NULL,'http://event.rakuten.co.jp/fashion/rba/girlsaward/img/2015aw/cord/jillbyjillstuart_07.jpg',7,0,'',2,NULL,1445306706,1445673609),(22,5,19,311,312,NULL,NULL,NULL,NULL,NULL,NULL,NULL,NULL,NULL,NULL,NULL,NULL,NULL,'http://event.rakuten.co.jp/fashion/rba/girlsaward/img/2015aw/cord/jillbyjillstuart_08.jpg',8,0,'',2,NULL,1445306735,1445673620),(23,5,102,NULL,NULL,NULL,NULL,NULL,NULL,NULL,NULL,NULL,NULL,NULL,NULL,NULL,NULL,NULL,'',9,0,'',1,1445392057,1445306765,1445392057),(24,6,125,178,179,180,181,NULL,NULL,NULL,NULL,NULL,NULL,NULL,NULL,NULL,NULL,NULL,'http://event.rakuten.co.jp/fashion/rba/girlsaward/img/2015aw/cord/olivedesolive_01.jpg',1,0,'',3,NULL,1445306927,1445476696),(25,6,130,182,183,NULL,NULL,NULL,NULL,NULL,NULL,NULL,NULL,NULL,NULL,NULL,NULL,NULL,'http://event.rakuten.co.jp/fashion/rba/girlsaward/img/2015aw/cord/olivedesolive_02.jpg',2,0,'',3,NULL,1445306994,1445476710),(26,6,12,184,185,186,NULL,NULL,NULL,NULL,NULL,NULL,NULL,NULL,NULL,NULL,NULL,NULL,'http://event.rakuten.co.jp/fashion/rba/girlsaward/img/2015aw/cord/olivedesolive_03.jpg',3,0,'',3,NULL,1445307026,1445476729),(27,6,131,187,188,189,190,191,192,NULL,NULL,NULL,NULL,NULL,NULL,NULL,NULL,NULL,'http://event.rakuten.co.jp/fashion/rba/girlsaward/img/2015aw/cord/olivedesolive_04.jpg',4,0,'',9,NULL,1445307093,1445580745),(28,6,82,193,194,NULL,NULL,NULL,NULL,NULL,NULL,NULL,NULL,NULL,NULL,NULL,NULL,NULL,'http://event.rakuten.co.jp/fashion/rba/girlsaward/img/2015aw/cord/olivedesolive_05.jpg',5,0,'',3,NULL,1445307129,1445476763),(29,6,21,195,196,197,NULL,NULL,NULL,NULL,NULL,NULL,NULL,NULL,NULL,NULL,NULL,NULL,'http://event.rakuten.co.jp/fashion/rba/girlsaward/img/2015aw/cord/olivedesolive_06.jpg',6,0,'',3,NULL,1445307211,1445476780),(30,6,60,198,199,200,NULL,NULL,NULL,NULL,NULL,NULL,NULL,NULL,NULL,NULL,NULL,NULL,'http://event.rakuten.co.jp/fashion/rba/girlsaward/img/2015aw/cord/olivedesolive_07.jpg',7,0,'',3,NULL,1445307257,1445476795),(31,6,132,201,202,203,204,NULL,NULL,NULL,NULL,NULL,NULL,NULL,NULL,NULL,NULL,NULL,'http://event.rakuten.co.jp/fashion/rba/girlsaward/img/2015aw/cord/olivedesolive_08.jpg',8,0,'',3,NULL,1445307333,1445476811),(32,6,64,205,206,207,NULL,NULL,NULL,NULL,NULL,NULL,NULL,NULL,NULL,NULL,NULL,NULL,'http://event.rakuten.co.jp/fashion/rba/girlsaward/img/2015aw/cord/olivedesolive_09.jpg',9,0,'',3,NULL,1445307378,1445476828),(33,6,50,208,209,210,211,NULL,NULL,NULL,NULL,NULL,NULL,NULL,NULL,NULL,NULL,NULL,'http://event.rakuten.co.jp/fashion/rba/girlsaward/img/2015aw/cord/olivedesolive_10.jpg',10,0,'',3,NULL,1445307441,1445476844),(34,6,39,212,213,214,NULL,NULL,NULL,NULL,NULL,NULL,NULL,NULL,NULL,NULL,NULL,NULL,'http://event.rakuten.co.jp/fashion/rba/girlsaward/img/2015aw/cord/olivedesolive_11.jpg',11,0,'',3,NULL,1445307524,1445476859),(35,6,138,215,216,217,NULL,NULL,NULL,NULL,NULL,NULL,NULL,NULL,NULL,NULL,NULL,NULL,'http://event.rakuten.co.jp/fashion/rba/girlsaward/img/2015aw/cord/olivedesolive_12.jpg',12,0,'',3,NULL,1445307608,1445476883),(36,6,61,218,NULL,NULL,NULL,NULL,NULL,NULL,NULL,NULL,NULL,NULL,NULL,NULL,NULL,NULL,'http://event.rakuten.co.jp/fashion/rba/girlsaward/img/2015aw/cord/olivedesolive_13.jpg',13,0,'',3,1445581257,1445307721,1445581257),(37,6,61,219,NULL,NULL,NULL,NULL,NULL,NULL,NULL,NULL,NULL,NULL,NULL,NULL,NULL,NULL,'http://event.rakuten.co.jp/fashion/rba/girlsaward/img/2015aw/cord/olivedesolive_14.jpg',14,0,'',3,NULL,1445307748,1445476927),(38,6,56,220,221,NULL,NULL,NULL,NULL,NULL,NULL,NULL,NULL,NULL,NULL,NULL,NULL,NULL,'http://event.rakuten.co.jp/fashion/rba/girlsaward/img/2015aw/cord/olivedesolive_15.jpg',15,0,'',3,NULL,1445307784,1445476942),(39,14,117,169,NULL,NULL,NULL,NULL,NULL,NULL,NULL,NULL,NULL,NULL,NULL,NULL,NULL,NULL,'http://event.rakuten.co.jp/fashion/rba/girlsaward/img/2015aw/cord/samanthathavasa_01.jpg',1,0,'',3,NULL,1445310439,1445477315),(40,14,31,170,NULL,NULL,NULL,NULL,NULL,NULL,NULL,NULL,NULL,NULL,NULL,NULL,NULL,NULL,'',2,0,'',1,1445392097,1445310453,1445392097),(41,14,19,171,NULL,NULL,NULL,NULL,NULL,NULL,NULL,NULL,NULL,NULL,NULL,NULL,NULL,NULL,'http://event.rakuten.co.jp/fashion/rba/girlsaward/img/2015aw/cord/samanthathavasa_02.jpg',2,0,'',3,NULL,1445310469,1445478360),(42,14,104,172,NULL,NULL,NULL,NULL,NULL,NULL,NULL,NULL,NULL,NULL,NULL,NULL,NULL,NULL,'http://event.rakuten.co.jp/fashion/rba/girlsaward/img/2015aw/cord/samanthathavasa_03.jpg',3,0,'',3,NULL,1445310491,1445478376),(43,14,87,173,NULL,NULL,NULL,NULL,NULL,NULL,NULL,NULL,NULL,NULL,NULL,NULL,NULL,NULL,'',5,0,'',1,1445392710,1445310521,1445392710),(44,14,45,174,NULL,NULL,NULL,NULL,NULL,NULL,NULL,NULL,NULL,NULL,NULL,NULL,NULL,NULL,'http://event.rakuten.co.jp/fashion/rba/girlsaward/img/2015aw/cord/samanthathavasa_04.jpg',4,0,'',3,NULL,1445310575,1445478385),(45,14,22,175,NULL,NULL,NULL,NULL,NULL,NULL,NULL,NULL,NULL,NULL,NULL,NULL,NULL,NULL,'',7,0,'',1,1445392763,1445310595,1445392763),(46,14,42,176,NULL,NULL,NULL,NULL,NULL,NULL,NULL,NULL,NULL,NULL,NULL,NULL,NULL,NULL,'http://event.rakuten.co.jp/fashion/rba/girlsaward/img/2015aw/cord/samanthathavasa_05.jpg',5,0,'',3,NULL,1445310615,1445478395),(47,14,72,177,NULL,NULL,NULL,NULL,NULL,NULL,NULL,NULL,NULL,NULL,NULL,NULL,NULL,NULL,'http://event.rakuten.co.jp/fashion/rba/girlsaward/img/2015aw/cord/samanthathavasa_06.jpg',6,0,'',3,NULL,1445310638,1445478405),(58,9,121,22,NULL,NULL,NULL,NULL,NULL,NULL,NULL,NULL,NULL,NULL,NULL,NULL,NULL,NULL,'http://event.rakuten.co.jp/fashion/rba/girlsaward/img/2015aw/cord/resexxy_01.jpg',1,0,'',3,NULL,1445311478,1445477228),(59,9,43,23,24,NULL,NULL,NULL,NULL,NULL,NULL,NULL,NULL,NULL,NULL,NULL,NULL,NULL,'http://event.rakuten.co.jp/fashion/rba/girlsaward/img/2015aw/cord/resexxy_02.jpg',2,0,'',3,NULL,1445311499,1445477243),(60,9,34,25,NULL,NULL,NULL,NULL,NULL,NULL,NULL,NULL,NULL,NULL,NULL,NULL,NULL,NULL,'http://event.rakuten.co.jp/fashion/rba/girlsaward/img/2015aw/cord/resexxy_03.jpg',3,0,'',4,NULL,1445311521,1445690294),(61,9,101,26,27,NULL,NULL,NULL,NULL,NULL,NULL,NULL,NULL,NULL,NULL,NULL,NULL,NULL,'http://event.rakuten.co.jp/fashion/rba/girlsaward/img/2015aw/cord/resexxy_04.jpg',4,0,'',3,NULL,1445311542,1445477278),(62,11,49,222,223,224,225,226,227,NULL,NULL,NULL,NULL,NULL,NULL,NULL,NULL,NULL,'',1,0,'',1,1445394147,1445311682,1445394147),(63,11,118,228,229,230,NULL,NULL,NULL,NULL,NULL,NULL,NULL,NULL,NULL,NULL,NULL,NULL,'http://event.rakuten.co.jp/fashion/rba/girlsaward/img/2015aw/cord/murua_02.jpg',2,0,'',3,NULL,1445311712,1445476616),(64,11,115,231,232,233,NULL,NULL,NULL,NULL,NULL,NULL,NULL,NULL,NULL,NULL,NULL,NULL,'http://event.rakuten.co.jp/fashion/rba/girlsaward/img/2015aw/cord/murua_03.jpg',3,0,'',3,NULL,1445311743,1445476631),(65,11,123,234,235,236,NULL,NULL,NULL,NULL,NULL,NULL,NULL,NULL,NULL,NULL,NULL,NULL,'http://event.rakuten.co.jp/fashion/rba/girlsaward/img/2015aw/cord/murua_04.jpg',4,0,'',3,NULL,1445311780,1445476647),(66,11,11,231,237,225,NULL,NULL,NULL,NULL,NULL,NULL,NULL,NULL,NULL,NULL,NULL,NULL,'http://event.rakuten.co.jp/fashion/rba/girlsaward/img/2015aw/cord/murua_05.jpg',5,0,'',3,NULL,1445311851,1445476661),(67,17,81,238,NULL,NULL,NULL,NULL,NULL,NULL,NULL,NULL,NULL,NULL,NULL,NULL,NULL,NULL,'http://event.rakuten.co.jp/fashion/rba/girlsaward/img/2015aw/cord/million_01.jpg',1,0,'',3,NULL,1445311995,1445656508),(68,17,100,239,240,NULL,NULL,NULL,NULL,NULL,NULL,NULL,NULL,NULL,NULL,NULL,NULL,NULL,'http://event.rakuten.co.jp/fashion/rba/girlsaward/img/2015aw/cord/million_02.jpg',2,0,'',3,NULL,1445312024,1445656522),(69,17,58,241,242,NULL,NULL,NULL,NULL,NULL,NULL,NULL,NULL,NULL,NULL,NULL,NULL,NULL,'http://event.rakuten.co.jp/fashion/rba/girlsaward/img/2015aw/cord/million_03.jpg',3,0,'',3,NULL,1445312080,1445656534),(70,17,57,243,244,NULL,NULL,NULL,NULL,NULL,NULL,NULL,NULL,NULL,NULL,NULL,NULL,NULL,'http://event.rakuten.co.jp/fashion/rba/girlsaward/img/2015aw/cord/million_04.jpg',4,0,'',3,NULL,1445312108,1445656548),(71,17,1,245,246,NULL,NULL,NULL,NULL,NULL,NULL,NULL,NULL,NULL,NULL,NULL,NULL,NULL,'http://event.rakuten.co.jp/fashion/rba/girlsaward/img/2015aw/cord/million_05.jpg',5,0,'',3,NULL,1445312131,1445656564),(72,17,45,247,248,NULL,NULL,NULL,NULL,NULL,NULL,NULL,NULL,NULL,NULL,NULL,NULL,NULL,'http://event.rakuten.co.jp/fashion/rba/girlsaward/img/2015aw/cord/million_06.jpg',6,0,'',3,NULL,1445312157,1445656578),(73,17,63,249,250,NULL,NULL,NULL,NULL,NULL,NULL,NULL,NULL,NULL,NULL,NULL,NULL,NULL,'http://event.rakuten.co.jp/fashion/rba/girlsaward/img/2015aw/cord/million_07.jpg',7,0,'',3,NULL,1445312186,1445656611),(74,17,70,251,252,253,NULL,NULL,NULL,NULL,NULL,NULL,NULL,NULL,NULL,NULL,NULL,NULL,'http://event.rakuten.co.jp/fashion/rba/girlsaward/img/2015aw/cord/million_08.jpg',8,0,'',3,NULL,1445312221,1445656625),(75,17,106,254,255,NULL,NULL,NULL,NULL,NULL,NULL,NULL,NULL,NULL,NULL,NULL,NULL,NULL,'http://event.rakuten.co.jp/fashion/rba/girlsaward/img/2015aw/cord/million_09.jpg',9,0,'',3,NULL,1445312254,1445656641),(76,17,91,256,NULL,NULL,NULL,NULL,NULL,NULL,NULL,NULL,NULL,NULL,NULL,NULL,NULL,NULL,'http://event.rakuten.co.jp/fashion/rba/girlsaward/img/2015aw/cord/million_10.jpg',10,0,'',3,NULL,1445312279,1445656656),(77,17,31,257,NULL,NULL,NULL,NULL,NULL,NULL,NULL,NULL,NULL,NULL,NULL,NULL,NULL,NULL,'http://event.rakuten.co.jp/fashion/rba/girlsaward/img/2015aw/cord/million_11.jpg',11,0,'',3,NULL,1445312303,1445656669),(78,10,2,393,394,395,NULL,NULL,NULL,NULL,NULL,NULL,NULL,NULL,NULL,NULL,NULL,NULL,'http://event.rakuten.co.jp/fashion/rba/girlsaward/img/2015aw/cord/emoda_01.jpg',1,0,'',2,NULL,1445312639,1445672622),(79,10,120,396,397,NULL,NULL,NULL,NULL,NULL,NULL,NULL,NULL,NULL,NULL,NULL,NULL,NULL,'http://event.rakuten.co.jp/fashion/rba/girlsaward/img/2015aw/cord/emoda_02.jpg',2,0,'',2,NULL,1445312662,1445672638),(80,10,90,398,399,NULL,NULL,NULL,NULL,NULL,NULL,NULL,NULL,NULL,NULL,NULL,NULL,NULL,'http://event.rakuten.co.jp/fashion/rba/girlsaward/img/2015aw/cord/emoda_03.jpg',3,0,'',2,NULL,1445312689,1445672650),(81,10,19,400,NULL,NULL,NULL,NULL,NULL,NULL,NULL,NULL,NULL,NULL,NULL,NULL,NULL,NULL,'http://event.rakuten.co.jp/fashion/rba/girlsaward/img/2015aw/cord/emoda_04.jpg',4,0,'',2,NULL,1445312709,1445672662),(82,10,118,401,NULL,NULL,NULL,NULL,NULL,NULL,NULL,NULL,NULL,NULL,NULL,NULL,NULL,NULL,'http://event.rakuten.co.jp/fashion/rba/girlsaward/img/2015aw/cord/emoda_05.jpg',5,0,'',2,NULL,1445312725,1445672673),(83,10,95,402,NULL,NULL,NULL,NULL,NULL,NULL,NULL,NULL,NULL,NULL,NULL,NULL,NULL,NULL,'http://event.rakuten.co.jp/fashion/rba/girlsaward/img/2015aw/cord/emoda_06.jpg',6,0,'',2,NULL,1445312748,1445672684),(84,1,19,403,NULL,NULL,NULL,NULL,NULL,NULL,NULL,NULL,NULL,NULL,NULL,NULL,NULL,NULL,'http://event.rakuten.co.jp/fashion/rba/girlsaward/img/2015aw/cord/lowrysfarm_01.jpg',1,0,'',2,NULL,1445313190,1445673761),(85,1,124,404,405,NULL,NULL,NULL,NULL,NULL,NULL,NULL,NULL,NULL,NULL,NULL,NULL,NULL,'http://event.rakuten.co.jp/fashion/rba/girlsaward/img/2015aw/cord/lowrysfarm_02.jpg',2,0,'',2,NULL,1445313212,1445673793),(86,1,48,406,407,408,NULL,NULL,NULL,NULL,NULL,NULL,NULL,NULL,NULL,NULL,NULL,NULL,'http://event.rakuten.co.jp/fashion/rba/girlsaward/img/2015aw/cord/lowrysfarm_03.jpg',3,0,'',2,NULL,1445313242,1445673804),(87,1,105,409,410,411,NULL,NULL,NULL,NULL,NULL,NULL,NULL,NULL,NULL,NULL,NULL,NULL,'http://event.rakuten.co.jp/fashion/rba/girlsaward/img/2015aw/cord/lowrysfarm_04.jpg',4,0,'',3,NULL,1445313272,1445475932),(88,1,123,412,NULL,NULL,NULL,NULL,NULL,NULL,NULL,NULL,NULL,NULL,NULL,NULL,NULL,NULL,'http://event.rakuten.co.jp/fashion/rba/girlsaward/img/2015aw/cord/lowrysfarm_05.jpg',5,0,'',3,NULL,1445313307,1445475961),(89,1,118,413,NULL,NULL,NULL,NULL,NULL,NULL,NULL,NULL,NULL,NULL,NULL,NULL,NULL,NULL,'http://event.rakuten.co.jp/fashion/rba/girlsaward/img/2015aw/cord/lowrysfarm_06.jpg',6,0,'',3,NULL,1445313329,1445475977),(90,1,104,414,NULL,NULL,NULL,NULL,NULL,NULL,NULL,NULL,NULL,NULL,NULL,NULL,NULL,NULL,'http://event.rakuten.co.jp/fashion/rba/girlsaward/img/2015aw/cord/lowrysfarm_07.jpg',7,0,'',4,NULL,1445313382,1445681609),(91,1,72,415,416,417,418,NULL,NULL,NULL,NULL,NULL,NULL,NULL,NULL,NULL,NULL,NULL,'http://event.rakuten.co.jp/fashion/rba/girlsaward/img/2015aw/cord/lowrysfarm_08.jpg',8,0,'',3,NULL,1445313441,1445476217),(92,1,13,419,420,421,422,NULL,NULL,NULL,NULL,NULL,NULL,NULL,NULL,NULL,NULL,NULL,'http://event.rakuten.co.jp/fashion/rba/girlsaward/img/2015aw/cord/lowrysfarm_09.jpg',9,0,'',3,NULL,1445313485,1445476269),(93,1,65,423,424,NULL,NULL,NULL,NULL,NULL,NULL,NULL,NULL,NULL,NULL,NULL,NULL,NULL,'http://event.rakuten.co.jp/fashion/rba/girlsaward/img/2015aw/cord/lowrysfarm_10.jpg',10,0,'',3,NULL,1445313516,1445476294),(94,1,125,425,NULL,NULL,NULL,NULL,NULL,NULL,NULL,NULL,NULL,NULL,NULL,NULL,NULL,NULL,'http://event.rakuten.co.jp/fashion/rba/girlsaward/img/2015aw/cord/lowrysfarm_11.jpg',11,0,'',3,NULL,1445313534,1445476317),(95,1,119,426,NULL,NULL,NULL,NULL,NULL,NULL,NULL,NULL,NULL,NULL,NULL,NULL,NULL,NULL,'http://event.rakuten.co.jp/fashion/rba/girlsaward/img/2015aw/cord/lowrysfarm_12.jpg',12,0,'',3,NULL,1445313556,1445476337),(99,2,99,436,437,438,439,NULL,NULL,NULL,NULL,NULL,NULL,NULL,NULL,NULL,NULL,NULL,'http://event.rakuten.co.jp/fashion/rba/girlsaward/img/2015aw/cord/heather_01.jpg',1,0,'',2,NULL,1445313994,1445672889),(100,2,95,440,441,NULL,NULL,NULL,NULL,NULL,NULL,NULL,NULL,NULL,NULL,NULL,NULL,NULL,'http://event.rakuten.co.jp/fashion/rba/girlsaward/img/2015aw/cord/heather_02.jpg',2,0,'',2,NULL,1445314016,1445672900),(101,2,124,442,443,NULL,NULL,NULL,NULL,NULL,NULL,NULL,NULL,NULL,NULL,NULL,NULL,NULL,'http://event.rakuten.co.jp/fashion/rba/girlsaward/img/2015aw/cord/heather_03.jpg',3,0,'',4,NULL,1445314045,1445674300),(102,2,91,445,446,NULL,NULL,NULL,NULL,NULL,NULL,NULL,NULL,NULL,NULL,NULL,NULL,NULL,'http://event.rakuten.co.jp/fashion/rba/girlsaward/img/2015aw/cord/heather_04.jpg',4,0,'',2,NULL,1445314069,1445672921),(103,2,69,438,447,448,NULL,NULL,NULL,NULL,NULL,NULL,NULL,NULL,NULL,NULL,NULL,NULL,'http://event.rakuten.co.jp/fashion/rba/girlsaward/img/2015aw/cord/heather_05.jpg',5,0,'',4,NULL,1445314169,1445674251),(104,2,9,450,451,452,NULL,NULL,NULL,NULL,NULL,NULL,NULL,NULL,NULL,NULL,NULL,NULL,'http://event.rakuten.co.jp/fashion/rba/girlsaward/img/2015aw/cord/heather_06.jpg',6,0,'',2,NULL,1445314200,1445672946),(105,7,90,277,278,279,NULL,NULL,NULL,NULL,NULL,NULL,NULL,NULL,NULL,NULL,NULL,NULL,'http://event.rakuten.co.jp/fashion/rba/girlsaward/img/2015aw/cord/loveless_01.jpg',1,0,'',2,NULL,1445314679,1445673642),(106,7,123,280,281,282,NULL,NULL,NULL,NULL,NULL,NULL,NULL,NULL,NULL,NULL,NULL,NULL,'http://event.rakuten.co.jp/fashion/rba/girlsaward/img/2015aw/cord/loveless_02.jpg',2,0,'',2,NULL,1445314709,1445673654),(107,7,44,283,NULL,NULL,NULL,NULL,NULL,NULL,NULL,NULL,NULL,NULL,NULL,NULL,NULL,NULL,'http://event.rakuten.co.jp/fashion/rba/girlsaward/img/2015aw/cord/loveless_03.jpg',3,0,'',2,NULL,1445314734,1445673666),(108,7,17,284,285,286,NULL,NULL,NULL,NULL,NULL,NULL,NULL,NULL,NULL,NULL,NULL,NULL,'http://event.rakuten.co.jp/fashion/rba/girlsaward/img/2015aw/cord/loveless_04.jpg',4,0,'',2,NULL,1445314765,1445673677),(109,7,76,287,288,289,NULL,NULL,NULL,NULL,NULL,NULL,NULL,NULL,NULL,NULL,NULL,NULL,'http://event.rakuten.co.jp/fashion/rba/girlsaward/img/2015aw/cord/loveless_05.jpg',5,0,'',2,NULL,1445314812,1445673687),(110,7,52,290,291,NULL,NULL,NULL,NULL,NULL,NULL,NULL,NULL,NULL,NULL,NULL,NULL,NULL,'http://event.rakuten.co.jp/fashion/rba/girlsaward/img/2015aw/cord/loveless_06.jpg',6,0,'',2,NULL,1445314845,1445673700),(111,7,46,NULL,NULL,NULL,NULL,NULL,NULL,NULL,NULL,NULL,NULL,NULL,NULL,NULL,NULL,NULL,'',7,0,'',1,1445391820,1445314861,1445391820),(112,7,124,292,293,294,NULL,NULL,NULL,NULL,NULL,NULL,NULL,NULL,NULL,NULL,NULL,NULL,'http://event.rakuten.co.jp/fashion/rba/girlsaward/img/2015aw/cord/loveless_08.jpg',8,0,'',2,NULL,1445314902,1445673713),(113,7,105,295,296,297,NULL,NULL,NULL,NULL,NULL,NULL,NULL,NULL,NULL,NULL,NULL,NULL,'http://event.rakuten.co.jp/fashion/rba/girlsaward/img/2015aw/cord/loveless_09.jpg',9,0,'',2,NULL,1445314958,1445673727),(114,7,77,298,299,300,NULL,NULL,NULL,NULL,NULL,NULL,NULL,NULL,NULL,NULL,NULL,NULL,'http://event.rakuten.co.jp/fashion/rba/girlsaward/img/2015aw/cord/loveless_10.jpg',10,0,'',2,NULL,1445314992,1445673743),(115,8,33,355,356,357,NULL,NULL,NULL,NULL,NULL,NULL,NULL,NULL,NULL,NULL,NULL,NULL,'http://event.rakuten.co.jp/fashion/rba/girlsaward/img/2015aw/cord/guildprime_01.jpg',1,0,'',3,NULL,1445315084,1445672465),(116,8,118,358,359,360,361,NULL,NULL,NULL,NULL,NULL,NULL,NULL,NULL,NULL,NULL,NULL,'http://event.rakuten.co.jp/fashion/rba/girlsaward/img/2015aw/cord/guildprime_02.jpg',2,0,'',3,NULL,1445315116,1445672477),(117,8,67,362,363,364,365,NULL,NULL,NULL,NULL,NULL,NULL,NULL,NULL,NULL,NULL,NULL,'http://event.rakuten.co.jp/fashion/rba/girlsaward/img/2015aw/cord/guildprime_03.jpg',3,0,'',3,NULL,1445315182,1445672487),(118,8,13,366,367,NULL,NULL,NULL,NULL,NULL,NULL,NULL,NULL,NULL,NULL,NULL,NULL,NULL,'http://event.rakuten.co.jp/fashion/rba/girlsaward/img/2015aw/cord/guildprime_04.jpg',4,0,'',3,NULL,1445315213,1445672503),(119,8,79,368,369,370,NULL,NULL,NULL,NULL,NULL,NULL,NULL,NULL,NULL,NULL,NULL,NULL,'http://event.rakuten.co.jp/fashion/rba/girlsaward/img/2015aw/cord/guildprime_05.jpg',5,0,'',3,NULL,1445315258,1445672515),(120,8,126,371,372,370,NULL,NULL,NULL,NULL,NULL,NULL,NULL,NULL,NULL,NULL,NULL,NULL,'http://event.rakuten.co.jp/fashion/rba/girlsaward/img/2015aw/cord/guildprime_06.jpg',6,0,'',3,NULL,1445315422,1445672528),(121,8,69,373,374,375,NULL,NULL,NULL,NULL,NULL,NULL,NULL,NULL,NULL,NULL,NULL,NULL,'http://event.rakuten.co.jp/fashion/rba/girlsaward/img/2015aw/cord/guildprime_07.jpg',7,0,'',3,NULL,1445315496,1445672539),(122,8,35,376,377,378,NULL,NULL,NULL,NULL,NULL,NULL,NULL,NULL,NULL,NULL,NULL,NULL,'http://event.rakuten.co.jp/fashion/rba/girlsaward/img/2015aw/cord/guildprime_08.jpg',8,0,'',3,NULL,1445315542,1445672552),(123,8,105,379,380,NULL,NULL,NULL,NULL,NULL,NULL,NULL,NULL,NULL,NULL,NULL,NULL,NULL,'http://event.rakuten.co.jp/fashion/rba/girlsaward/img/2015aw/cord/guildprime_09.jpg',9,0,'',3,NULL,1445315578,1445672564),(124,8,44,381,382,NULL,NULL,NULL,NULL,NULL,NULL,NULL,NULL,NULL,NULL,NULL,NULL,NULL,'http://event.rakuten.co.jp/fashion/rba/girlsaward/img/2015aw/cord/guildprime_10.jpg',10,0,'',3,NULL,1445315614,1445672577),(125,8,90,383,370,NULL,NULL,NULL,NULL,NULL,NULL,NULL,NULL,NULL,NULL,NULL,NULL,NULL,'http://event.rakuten.co.jp/fashion/rba/girlsaward/img/2015aw/cord/guildprime_11.jpg',11,0,'',3,NULL,1445315662,1445672588),(126,4,18,510,511,512,513,NULL,NULL,NULL,NULL,NULL,NULL,NULL,NULL,NULL,NULL,NULL,'http://event.rakuten.co.jp/fashion/rba/girlsaward/img/2015aw/cord/wego_01.jpg',1,0,'',3,NULL,1445316425,1445477645),(127,4,3,514,515,516,517,518,NULL,NULL,NULL,NULL,NULL,NULL,NULL,NULL,NULL,NULL,'http://event.rakuten.co.jp/fashion/rba/girlsaward/img/2015aw/cord/wego_02.jpg',2,0,'',3,NULL,1445316458,1445477676),(128,4,128,519,520,521,522,523,524,NULL,NULL,NULL,NULL,NULL,NULL,NULL,NULL,NULL,'http://event.rakuten.co.jp/fashion/rba/girlsaward/img/2015aw/cord/wego_03.jpg',3,0,'',3,NULL,1445316939,1445477690),(129,4,24,525,526,527,528,NULL,NULL,NULL,NULL,NULL,NULL,NULL,NULL,NULL,NULL,NULL,'http://event.rakuten.co.jp/fashion/rba/girlsaward/img/2015aw/cord/wego_04.jpg',4,0,'',3,NULL,1445317013,1445477707),(130,4,112,529,530,NULL,NULL,NULL,NULL,NULL,NULL,NULL,NULL,NULL,NULL,NULL,NULL,NULL,'http://event.rakuten.co.jp/fashion/rba/girlsaward/img/2015aw/cord/wego_05.jpg',5,0,'',3,NULL,1445317048,1445477720),(131,4,8,531,532,533,534,535,NULL,NULL,NULL,NULL,NULL,NULL,NULL,NULL,NULL,NULL,'http://event.rakuten.co.jp/fashion/rba/girlsaward/img/2015aw/cord/wego_06.jpg',6,0,'',3,NULL,1445317114,1445477736),(132,4,80,536,537,538,539,NULL,NULL,NULL,NULL,NULL,NULL,NULL,NULL,NULL,NULL,NULL,'http://event.rakuten.co.jp/fashion/rba/girlsaward/img/2015aw/cord/wego_07.jpg',7,0,'',3,NULL,1445317196,1445477757),(133,4,41,540,541,542,543,NULL,NULL,NULL,NULL,NULL,NULL,NULL,NULL,NULL,NULL,NULL,'http://event.rakuten.co.jp/fashion/rba/girlsaward/img/2015aw/cord/wego_08.jpg',8,0,'',3,NULL,1445317257,1445477772),(134,4,27,544,545,546,547,548,NULL,NULL,NULL,NULL,NULL,NULL,NULL,NULL,NULL,NULL,'http://event.rakuten.co.jp/fashion/rba/girlsaward/img/2015aw/cord/wego_09.jpg',9,0,'',3,NULL,1445317334,1445477788),(135,4,74,549,550,551,552,553,554,NULL,NULL,NULL,NULL,NULL,NULL,NULL,NULL,NULL,'http://event.rakuten.co.jp/fashion/rba/girlsaward/img/2015aw/cord/wego_10.jpg',10,0,'',3,NULL,1445317405,1445477805),(136,4,84,555,556,557,NULL,NULL,NULL,NULL,NULL,NULL,NULL,NULL,NULL,NULL,NULL,NULL,'http://event.rakuten.co.jp/fashion/rba/girlsaward/img/2015aw/cord/wego_11.jpg',11,0,'',3,NULL,1445317484,1445477820),(137,4,123,558,559,560,NULL,NULL,NULL,NULL,NULL,NULL,NULL,NULL,NULL,NULL,NULL,NULL,'http://event.rakuten.co.jp/fashion/rba/girlsaward/img/2015aw/cord/wego_12.jpg',12,0,'',3,NULL,1445317538,1445477835),(138,4,55,561,562,563,564,565,566,NULL,NULL,NULL,NULL,NULL,NULL,NULL,NULL,NULL,'http://event.rakuten.co.jp/fashion/rba/girlsaward/img/2015aw/cord/wego_13.jpg',13,0,'',3,NULL,1445317617,1445477852),(139,4,129,567,NULL,NULL,NULL,NULL,NULL,NULL,NULL,NULL,NULL,NULL,NULL,NULL,NULL,NULL,'http://event.rakuten.co.jp/fashion/rba/girlsaward/img/2015aw/cord/wego_14.jpg',14,0,'',3,1445583162,1445317644,1445583162),(140,14,48,NULL,NULL,NULL,NULL,NULL,NULL,NULL,NULL,NULL,NULL,NULL,NULL,NULL,NULL,NULL,'',2,0,'',4,1445392686,1445392671,1445392686),(141,16,117,568,569,570,NULL,NULL,NULL,NULL,NULL,NULL,NULL,NULL,NULL,NULL,NULL,NULL,'http://event.rakuten.co.jp/fashion/rba/girlsaward/img/2015aw/cord/redyazel_01.jpg',1,0,'',3,NULL,1445401586,1445476971),(142,16,119,571,NULL,574,NULL,NULL,NULL,NULL,NULL,NULL,NULL,NULL,NULL,NULL,NULL,NULL,'http://event.rakuten.co.jp/fashion/rba/girlsaward/img/2015aw/cord/redyazel_02.jpg',2,0,'',4,1445603864,1445401622,1445603864),(143,16,123,NULL,577,NULL,NULL,580,NULL,NULL,NULL,NULL,NULL,NULL,NULL,NULL,NULL,NULL,'http://event.rakuten.co.jp/fashion/rba/girlsaward/img/2015aw/cord/redyazel_03.jpg',3,0,'',9,1445604053,1445401659,1445604053),(144,16,67,581,NULL,583,NULL,NULL,NULL,NULL,NULL,NULL,NULL,NULL,NULL,NULL,NULL,NULL,'http://event.rakuten.co.jp/fashion/rba/girlsaward/img/2015aw/cord/redyazel_04.jpg',4,0,'',9,1445604159,1445401701,1445604159),(145,16,115,584,585,NULL,587,NULL,NULL,NULL,NULL,NULL,NULL,NULL,NULL,NULL,NULL,NULL,'http://event.rakuten.co.jp/fashion/rba/girlsaward/img/2015aw/cord/redyazel_05.jpg',5,0,'',9,1445604254,1445401745,1445604254),(146,16,13,588,NULL,590,NULL,592,NULL,NULL,NULL,NULL,NULL,NULL,NULL,NULL,NULL,NULL,'http://event.rakuten.co.jp/fashion/rba/girlsaward/img/2015aw/cord/redyazel_06.jpg',6,0,'',9,1445604349,1445401874,1445604349),(147,16,6,594,595,596,NULL,NULL,NULL,NULL,NULL,NULL,NULL,NULL,NULL,NULL,NULL,NULL,'http://event.rakuten.co.jp/fashion/rba/girlsaward/img/2015aw/cord/redyazel_07.jpg',7,0,'',9,1445604468,1445402001,1445604468),(148,16,104,NULL,600,NULL,602,NULL,NULL,NULL,NULL,NULL,NULL,NULL,NULL,NULL,NULL,NULL,'http://event.rakuten.co.jp/fashion/rba/girlsaward/img/2015aw/cord/redyazel_08.jpg',8,0,'',9,1445604793,1445402090,1445604793),(149,16,136,603,604,605,NULL,NULL,NULL,NULL,NULL,NULL,NULL,NULL,NULL,NULL,NULL,NULL,'http://event.rakuten.co.jp/fashion/rba/girlsaward/img/2015aw/cord/redyazel_09.jpg',9,0,'',3,NULL,1445402521,1445477117),(150,16,133,606,NULL,NULL,NULL,NULL,NULL,NULL,NULL,NULL,NULL,NULL,NULL,NULL,NULL,NULL,'http://event.rakuten.co.jp/fashion/rba/girlsaward/img/2015aw/cord/redyazel_10.jpg',10,0,'',9,NULL,1445402572,1445581584),(151,16,134,608,609,NULL,NULL,NULL,NULL,NULL,NULL,NULL,NULL,NULL,NULL,NULL,NULL,NULL,'http://event.rakuten.co.jp/fashion/rba/girlsaward/img/2015aw/cord/redyazel_11.jpg',11,0,'',9,NULL,1445402636,1445581604),(152,16,135,611,612,NULL,NULL,NULL,NULL,NULL,NULL,NULL,NULL,NULL,NULL,NULL,NULL,NULL,'http://event.rakuten.co.jp/fashion/rba/girlsaward/img/2015aw/cord/redyazel_12.jpg',12,0,'',9,NULL,1445402670,1445581618),(153,13,109,614,615,616,617,NULL,NULL,NULL,NULL,NULL,NULL,NULL,NULL,NULL,NULL,NULL,'http://event.rakuten.co.jp/fashion/rba/girlsaward/img/2015aw/cord/ungrid_01.jpg',1,0,'',3,NULL,1445403712,1445477523),(154,13,12,618,619,620,NULL,NULL,NULL,NULL,NULL,NULL,NULL,NULL,NULL,NULL,NULL,NULL,'http://event.rakuten.co.jp/fashion/rba/girlsaward/img/2015aw/cord/ungrid_02.jpg',2,0,'',3,NULL,1445403737,1445477537),(155,13,98,621,NULL,NULL,NULL,NULL,NULL,NULL,NULL,NULL,NULL,NULL,NULL,NULL,NULL,NULL,'http://event.rakuten.co.jp/fashion/rba/girlsaward/img/2015aw/cord/ungrid_03.jpg',3,0,'',3,NULL,1445403764,1445477552),(156,13,125,622,623,624,625,NULL,NULL,NULL,NULL,NULL,NULL,NULL,NULL,NULL,NULL,NULL,'http://event.rakuten.co.jp/fashion/rba/girlsaward/img/2015aw/cord/ungrid_04.jpg',4,0,'',3,NULL,1445403828,1445477566),(157,13,124,626,627,NULL,NULL,NULL,NULL,NULL,NULL,NULL,NULL,NULL,NULL,NULL,NULL,NULL,'http://event.rakuten.co.jp/fashion/rba/girlsaward/img/2015aw/cord/ungrid_05.jpg',5,0,'',3,NULL,1445403866,1445477580),(158,13,117,628,629,NULL,NULL,NULL,NULL,NULL,NULL,NULL,NULL,NULL,NULL,NULL,NULL,NULL,'http://event.rakuten.co.jp/fashion/rba/girlsaward/img/2015aw/cord/ungrid_06.jpg',6,0,'',4,NULL,1445403903,1445689947),(159,12,25,631,632,633,634,NULL,NULL,NULL,NULL,NULL,NULL,NULL,NULL,NULL,NULL,NULL,'http://event.rakuten.co.jp/fashion/rba/girlsaward/img/2015aw/cord/gyda_01.jpg',1,0,'',2,NULL,1445404429,1445672798),(160,12,56,635,636,NULL,NULL,NULL,NULL,NULL,NULL,NULL,NULL,NULL,NULL,NULL,NULL,NULL,'http://event.rakuten.co.jp/fashion/rba/girlsaward/img/2015aw/cord/gyda_02.jpg',2,0,'',2,NULL,1445404463,1445672809),(161,12,105,637,638,639,NULL,NULL,NULL,NULL,NULL,NULL,NULL,NULL,NULL,NULL,NULL,NULL,'http://event.rakuten.co.jp/fashion/rba/girlsaward/img/2015aw/cord/gyda_03.jpg',3,0,'',2,NULL,1445404496,1445672820),(162,12,37,640,641,642,643,NULL,NULL,NULL,NULL,NULL,NULL,NULL,NULL,NULL,NULL,NULL,'http://event.rakuten.co.jp/fashion/rba/girlsaward/img/2015aw/cord/gyda_04.jpg',4,0,'',2,NULL,1445404549,1445672835),(163,12,6,644,645,646,NULL,NULL,NULL,NULL,NULL,NULL,NULL,NULL,NULL,NULL,NULL,NULL,'http://event.rakuten.co.jp/fashion/rba/girlsaward/img/2015aw/cord/gyda_05.jpg',5,0,'',2,NULL,1445404581,1445672850),(164,12,44,648,649,650,NULL,NULL,NULL,NULL,NULL,NULL,NULL,NULL,NULL,NULL,NULL,NULL,'http://event.rakuten.co.jp/fashion/rba/girlsaward/img/2015aw/cord/gyda_06.jpg',6,0,'',4,NULL,1445404617,1445690043),(165,11,49,222,224,225,226,227,NULL,NULL,NULL,NULL,NULL,NULL,NULL,NULL,NULL,NULL,'http://event.rakuten.co.jp/fashion/rba/girlsaward/img/2015aw/cord/murua_01.jpg',1,0,'',4,NULL,1445425708,1445597851),(170,18,11,651,652,NULL,NULL,NULL,NULL,NULL,NULL,NULL,NULL,NULL,NULL,NULL,NULL,NULL,'http://event.rakuten.co.jp/fashion/rba/girlsaward/img/2015aw/cord/dickies_01.jpg',1,0,'',2,NULL,1445472600,1445672460),(171,18,97,653,654,NULL,NULL,NULL,NULL,NULL,NULL,NULL,NULL,NULL,NULL,NULL,NULL,NULL,'http://event.rakuten.co.jp/fashion/rba/girlsaward/img/2015aw/cord/dickies_02.jpg',2,0,'',2,NULL,1445472631,1445672481),(172,18,87,655,NULL,NULL,NULL,NULL,NULL,NULL,NULL,NULL,NULL,NULL,NULL,NULL,NULL,NULL,'http://event.rakuten.co.jp/fashion/rba/girlsaward/img/2015aw/cord/dickies_03.jpg',3,0,'',2,NULL,1445472658,1445672495),(173,18,111,659,657,NULL,NULL,NULL,NULL,NULL,NULL,NULL,NULL,NULL,NULL,NULL,NULL,NULL,'http://event.rakuten.co.jp/fashion/rba/girlsaward/img/2015aw/cord/dickies_04.jpg',4,0,'',2,NULL,1445472704,1445672514),(174,18,29,658,659,660,NULL,NULL,NULL,NULL,NULL,NULL,NULL,NULL,NULL,NULL,NULL,NULL,'http://event.rakuten.co.jp/fashion/rba/girlsaward/img/2015aw/cord/dickies_05.jpg',5,0,'',2,NULL,1445472765,1445672527),(175,18,66,661,662,NULL,NULL,NULL,NULL,NULL,NULL,NULL,NULL,NULL,NULL,NULL,NULL,NULL,'http://event.rakuten.co.jp/fashion/rba/girlsaward/img/2015aw/cord/dickies_06.jpg',6,0,'',2,NULL,1445472803,1445672538),(176,18,108,663,664,665,666,NULL,NULL,NULL,NULL,NULL,NULL,NULL,NULL,NULL,NULL,NULL,'http://event.rakuten.co.jp/fashion/rba/girlsaward/img/2015aw/cord/dickies_07.jpg',7,0,'',2,NULL,1445472877,1445672550),(177,18,8,668,669,670,NULL,NULL,NULL,NULL,NULL,NULL,NULL,NULL,NULL,NULL,NULL,NULL,'http://event.rakuten.co.jp/fashion/rba/girlsaward/img/2015aw/cord/dickies_08.jpg',8,0,'',2,NULL,1445472930,1445672562),(178,3,117,671,672,673,674,NULL,NULL,NULL,NULL,NULL,NULL,NULL,NULL,NULL,NULL,NULL,'http://event.rakuten.co.jp/fashion/rba/girlsaward/img/2015aw/cord/jeanasis_01.jpg',1,0,'',3,1445603431,1445507782,1445603431),(179,3,77,675,676,677,NULL,NULL,NULL,NULL,NULL,NULL,NULL,NULL,NULL,NULL,NULL,NULL,'http://event.rakuten.co.jp/fashion/rba/girlsaward/img/2015aw/cord/jeanasis_02.jpg',2,0,'',2,NULL,1445507804,1445672983),(180,3,118,679,NULL,NULL,NULL,NULL,NULL,NULL,NULL,NULL,NULL,NULL,NULL,NULL,NULL,NULL,'http://event.rakuten.co.jp/fashion/rba/girlsaward/img/2015aw/cord/jeanasis_03.jpg',3,0,'',4,NULL,1445507835,1445694511),(181,3,11,680,681,682,NULL,NULL,NULL,NULL,NULL,NULL,NULL,NULL,NULL,NULL,NULL,NULL,'http://event.rakuten.co.jp/fashion/rba/girlsaward/img/2015aw/cord/jeanasis_04.jpg',4,0,'',2,NULL,1445507872,1445673006),(182,3,104,683,684,685,686,687,NULL,NULL,NULL,NULL,NULL,NULL,NULL,NULL,NULL,NULL,'http://event.rakuten.co.jp/fashion/rba/girlsaward/img/2015aw/cord/jeanasis_05.jpg',5,0,'',2,NULL,1445508035,1445673019),(183,3,96,688,689,690,691,692,NULL,NULL,NULL,NULL,NULL,NULL,NULL,NULL,NULL,NULL,'http://event.rakuten.co.jp/fashion/rba/girlsaward/img/2015aw/cord/jeanasis_06.jpg',6,0,'',2,NULL,1445508097,1445673030),(184,3,119,693,694,NULL,NULL,NULL,NULL,NULL,NULL,NULL,NULL,NULL,NULL,NULL,NULL,NULL,'http://event.rakuten.co.jp/fashion/rba/girlsaward/img/2015aw/cord/jeanasis_07.jpg',7,0,'',2,NULL,1445508132,1445673046),(185,3,9,695,696,697,698,NULL,NULL,NULL,NULL,NULL,NULL,NULL,NULL,NULL,NULL,NULL,'http://event.rakuten.co.jp/fashion/rba/girlsaward/img/2015aw/cord/jeanasis_08.jpg',8,0,'',2,NULL,1445508188,1445673059),(186,3,120,699,700,701,702,NULL,NULL,NULL,NULL,NULL,NULL,NULL,NULL,NULL,NULL,NULL,'http://event.rakuten.co.jp/fashion/rba/girlsaward/img/2015aw/cord/jeanasis_09.jpg',9,0,'',3,1445603748,1445508234,1445603748),(187,3,95,703,704,NULL,NULL,NULL,NULL,NULL,NULL,NULL,NULL,NULL,NULL,NULL,NULL,NULL,'http://event.rakuten.co.jp/fashion/rba/girlsaward/img/2015aw/cord/jeanasis_10.jpg',10,0,'',2,NULL,1445508268,1445673087),(188,3,117,672,673,674,NULL,NULL,NULL,NULL,NULL,NULL,NULL,NULL,NULL,NULL,NULL,NULL,'http://event.rakuten.co.jp/fashion/rba/girlsaward/img/2015aw/cord/jeanasis_01.jpg',1,0,'',2,NULL,1445603684,1445672970),(189,3,120,700,701,702,NULL,NULL,NULL,NULL,NULL,NULL,NULL,NULL,NULL,NULL,NULL,NULL,'http://event.rakuten.co.jp/fashion/rba/girlsaward/img/2015aw/cord/jeanasis_09.jpg',9,0,'',2,NULL,1445603806,1445673072),(190,16,119,571,573,574,NULL,NULL,NULL,NULL,NULL,NULL,NULL,NULL,NULL,NULL,NULL,NULL,'http://event.rakuten.co.jp/fashion/rba/girlsaward/img/2015aw/cord/redyazel_02.jpg',2,0,'',4,NULL,1445604044,NULL),(191,16,123,577,580,NULL,NULL,NULL,NULL,NULL,NULL,NULL,NULL,NULL,NULL,NULL,NULL,NULL,'http://event.rakuten.co.jp/fashion/rba/girlsaward/img/2015aw/cord/redyazel_03.jpg',3,0,'',4,NULL,1445604121,1445604138),(192,16,67,581,583,NULL,NULL,NULL,NULL,NULL,NULL,NULL,NULL,NULL,NULL,NULL,NULL,NULL,'http://event.rakuten.co.jp/fashion/rba/girlsaward/img/2015aw/cord/redyazel_04.jpg',4,0,'',4,NULL,1445604205,1445604243),(193,16,115,584,585,587,NULL,NULL,NULL,NULL,NULL,NULL,NULL,NULL,NULL,NULL,NULL,NULL,'http://event.rakuten.co.jp/fashion/rba/girlsaward/img/2015aw/cord/redyazel_05.jpg',5,0,'',4,NULL,1445604335,NULL),(194,16,13,588,590,592,NULL,NULL,NULL,NULL,NULL,NULL,NULL,NULL,NULL,NULL,NULL,NULL,'http://event.rakuten.co.jp/fashion/rba/girlsaward/img/2015aw/cord/redyazel_06.jpg',6,0,'',4,NULL,1445604407,NULL),(195,16,6,594,595,596,NULL,NULL,NULL,NULL,NULL,NULL,NULL,NULL,NULL,NULL,NULL,NULL,'http://event.rakuten.co.jp/fashion/rba/girlsaward/img/2015aw/cord/redyazel_07.jpg',7,0,'',4,NULL,1445604543,NULL),(196,16,104,600,602,NULL,NULL,NULL,NULL,NULL,NULL,NULL,NULL,NULL,NULL,NULL,NULL,NULL,'http://event.rakuten.co.jp/fashion/rba/girlsaward/img/2015aw/cord/redyazel_08.jpg',8,0,'',4,NULL,1445605125,NULL);
/*!40000 ALTER TABLE `brand_top` ENABLE KEYS */;
UNLOCK TABLES;

--
-- Table structure for table `brands`
--

DROP TABLE IF EXISTS `brands`;
/*!40101 SET @saved_cs_client     = @@character_set_client */;
/*!40101 SET character_set_client = utf8 */;
CREATE TABLE `brands` (
  `id` int(11) unsigned NOT NULL AUTO_INCREMENT,
  `name_ja` varchar(50) NOT NULL,
  `name_en` varchar(50) NOT NULL,
  `label` varchar(50) NOT NULL,
  `img` varchar(255) NOT NULL,
  `img_sp` varchar(255) NOT NULL,
  `up_status` int(11) NOT NULL DEFAULT '1',
  `new_status` int(11) NOT NULL DEFAULT '1',
  `global_status` int(11) NOT NULL,
  `remarks` text,
  `last_updated_by` int(11) unsigned NOT NULL,
  `deleted_at` int(11) DEFAULT NULL,
  `created_at` int(11) DEFAULT NULL,
  `updated_at` int(11) DEFAULT NULL,
  PRIMARY KEY (`id`),
  KEY `last_updated_by` (`last_updated_by`),
  CONSTRAINT `brands_ibfk_1` FOREIGN KEY (`last_updated_by`) REFERENCES `users` (`id`) ON DELETE CASCADE ON UPDATE CASCADE
) ENGINE=InnoDB AUTO_INCREMENT=19 DEFAULT CHARSET=utf8;
/*!40101 SET character_set_client = @saved_cs_client */;

--
-- Dumping data for table `brands`
--

LOCK TABLES `brands` WRITE;
/*!40000 ALTER TABLE `brands` DISABLE KEYS */;
INSERT INTO `brands` VALUES (1,'LOWRYS FARM','LOWRYS FARM','lowrysfarm','http://event.rakuten.co.jp/fashion/rba/girlsaward/img/2015aw/brand/lowrysfarm.jpg','http://event.rakuten.co.jp/fashion/rba/girlsaward/img/2015aw/brand/lowrysfarm-s.jpg',0,1,0,'',2,NULL,1444015969,1445678881),(2,'Heather','Heather','heather','http://event.rakuten.co.jp/fashion/rba/girlsaward/img/2015aw/brand/heather.jpg','http://event.rakuten.co.jp/fashion/rba/girlsaward/img/2015aw/brand/heather-s.jpg',0,1,0,'',2,NULL,1444016002,1445667629),(3,'JEANASIS','JEANASIS','jeanasis','http://event.rakuten.co.jp/fashion/rba/girlsaward/img/2015aw/brand/jeanasis.jpg','http://event.rakuten.co.jp/fashion/rba/girlsaward/img/2015aw/brand/jeanasis-s.jpg',0,1,0,'',1,NULL,1444016035,1445686500),(4,'WEGO','WEGO','wego','http://event.rakuten.co.jp/fashion/rba/girlsaward/img/2015aw/brand/wego.jpg','http://event.rakuten.co.jp/fashion/rba/girlsaward/img/2015aw/brand/wego-s.jpg',0,1,1,'',1,NULL,1444016084,1445682387),(5,'JILL by JILLSTUART','JILL by JILLSTUART','jillbyjillstuart','http://event.rakuten.co.jp/fashion/rba/girlsaward/img/2015aw/brand/jill.jpg','http://event.rakuten.co.jp/fashion/rba/girlsaward/img/2015aw/brand/jill-s.jpg',0,1,1,'',2,NULL,1444016111,1445671325),(6,'OLIVE des OLIVE','OLIVE des OLIVE','olivedesolive','http://event.rakuten.co.jp/fashion/rba/girlsaward/img/2015aw/brand/olive_des_olive.jpg','http://event.rakuten.co.jp/fashion/rba/girlsaward/img/2015aw/brand/olive-s.jpg',0,1,1,'',1,NULL,1444016148,1445682345),(7,'LOVELESS','LOVELESS','loveless','http://event.rakuten.co.jp/fashion/rba/girlsaward/img/2015aw/brand/loveless.jpg','http://event.rakuten.co.jp/fashion/rba/girlsaward/img/2015aw/brand/loveless-s.jpg',0,1,0,'',1,NULL,1444016166,1445692345),(8,'GUILD PRIME','GUILD PRIME','guildprime','http://event.rakuten.co.jp/fashion/rba/girlsaward/img/2015aw/brand/guildprime.jpg','http://event.rakuten.co.jp/fashion/rba/girlsaward/img/2015aw/brand/guildprime-s.jpg',0,1,0,'',2,NULL,1444016184,1445667621),(9,'RESEXXY','RESEXXY','resexxy','http://event.rakuten.co.jp/fashion/rba/girlsaward/img/2015aw/brand/resexy.jpg','http://event.rakuten.co.jp/fashion/rba/girlsaward/img/2015aw/brand/resexxy-s.jpg',0,1,0,'',2,NULL,1444016205,1445684102),(10,'EMODA','EMODA','emoda','http://event.rakuten.co.jp/fashion/rba/girlsaward/img/2015aw/brand/emoda.jpg','http://event.rakuten.co.jp/fashion/rba/girlsaward/img/2015aw/brand/emoda-s.jpg',0,1,0,'',2,NULL,1444016228,1445684075),(11,'MURUA','MURUA','murua','http://event.rakuten.co.jp/fashion/rba/girlsaward/img/2015aw/brand/murua.jpg','http://event.rakuten.co.jp/fashion/rba/girlsaward/img/2015aw/brand/murua-s.jpg',0,1,0,'',2,NULL,1444016247,1445684132),(12,'GYDA','GYDA','gyda','http://event.rakuten.co.jp/fashion/rba/girlsaward/img/2015aw/brand/gyda.jpg','http://event.rakuten.co.jp/fashion/rba/girlsaward/img/2015aw/brand/gyda-s.jpg',0,1,0,'',2,NULL,1444016263,1445684087),(13,'Ungrid','Ungrid','ungrid','http://event.rakuten.co.jp/fashion/rba/girlsaward/img/2015aw/brand/ungrid.jpg','http://event.rakuten.co.jp/fashion/rba/girlsaward/img/2015aw/brand/ungrid-s.jpg',0,1,0,'',2,NULL,1444016286,1445684113),(14,'Samantha Thavasa','Samantha Thavasa','samanthathavasa','http://event.rakuten.co.jp/fashion/rba/girlsaward/img/2015aw/brand/thavasa.jpg','http://event.rakuten.co.jp/fashion/rba/girlsaward/img/2015aw/brand/thavasa-s.jpg',0,1,1,'',1,NULL,1444016311,1445686510),(15,'Samantha Vega','Samantha Vega','samanthavega','http://event.rakuten.co.jp/fashion/rba/girlsaward/img/2015aw/brand/vega.jpg','',1,1,0,'',3,1445221235,1444016331,1445221235),(16,'REDYAZEL','REDYAZEL','redyazel','http://event.rakuten.co.jp/fashion/rba/girlsaward/img/2015aw/brand/redyazel.jpg','http://event.rakuten.co.jp/fashion/rba/girlsaward/img/2015aw/brand/redyazel-s.jpg',0,1,1,'',1,NULL,1444016349,1445682372),(17,'MillionCarats','MillionCarats','million','http://event.rakuten.co.jp/fashion/rba/girlsaward/img/2015aw/brand/million.jpg','http://event.rakuten.co.jp/fashion/rba/girlsaward/img/2015aw/brand/million-s.jpg',0,1,1,'',1,NULL,1444016400,1445682360),(18,'Dickies','Dickies','dickies','http://event.rakuten.co.jp/fashion/rba/girlsaward/img/2015aw/brand/dickies.jpg','http://event.rakuten.co.jp/fashion/rba/girlsaward/img/2015aw/brand/dickies-s.jpg',0,1,1,'',2,NULL,1445220958,1445667636);
/*!40000 ALTER TABLE `brands` ENABLE KEYS */;
UNLOCK TABLES;

--
-- Table structure for table `grand_top`
--

DROP TABLE IF EXISTS `grand_top`;
/*!40101 SET @saved_cs_client     = @@character_set_client */;
/*!40101 SET character_set_client = utf8 */;
CREATE TABLE `grand_top` (
  `id` int(11) unsigned NOT NULL AUTO_INCREMENT,
  `brand_id` int(11) unsigned NOT NULL,
  `item_1` int(11) unsigned DEFAULT NULL,
  `item_2` int(11) unsigned DEFAULT NULL,
  `item_3` int(11) unsigned DEFAULT NULL,
  `item_4` int(11) unsigned DEFAULT NULL,
  `item_5` int(11) unsigned DEFAULT NULL,
  `item_6` int(11) unsigned DEFAULT NULL,
  `model_id` int(11) unsigned NOT NULL,
  `img` varchar(255) NOT NULL,
  `order` int(11) NOT NULL,
  `photo_status` int(11) unsigned NOT NULL,
  `remarks` text,
  `last_updated_by` int(11) unsigned NOT NULL,
  `deleted_at` int(11) DEFAULT NULL,
  `created_at` int(11) DEFAULT NULL,
  `updated_at` int(11) DEFAULT NULL,
  PRIMARY KEY (`id`),
  KEY `brand_id` (`brand_id`),
  KEY `model_id` (`model_id`),
  KEY `status` (`photo_status`),
  KEY `last_updated_by` (`last_updated_by`),
  KEY `grand_top_ibfk_3` (`item_1`),
  KEY `grand_top_ibfk_4` (`item_2`),
  KEY `grand_top_ibfk_5` (`item_3`),
  KEY `grand_top_ibfk_6` (`item_4`),
  KEY `grand_top_ibfk_7` (`item_5`),
  KEY `grand_top_ibfk_8` (`item_6`),
  CONSTRAINT `grand_top_ibfk_1` FOREIGN KEY (`brand_id`) REFERENCES `brands` (`id`) ON DELETE CASCADE ON UPDATE CASCADE,
  CONSTRAINT `grand_top_ibfk_2` FOREIGN KEY (`model_id`) REFERENCES `models` (`id`) ON DELETE CASCADE ON UPDATE CASCADE,
  CONSTRAINT `grand_top_ibfk_3` FOREIGN KEY (`item_1`) REFERENCES `items` (`id`) ON DELETE CASCADE ON UPDATE CASCADE,
  CONSTRAINT `grand_top_ibfk_4` FOREIGN KEY (`item_2`) REFERENCES `items` (`id`) ON DELETE CASCADE ON UPDATE CASCADE,
  CONSTRAINT `grand_top_ibfk_5` FOREIGN KEY (`item_3`) REFERENCES `items` (`id`) ON DELETE CASCADE ON UPDATE CASCADE,
  CONSTRAINT `grand_top_ibfk_6` FOREIGN KEY (`item_4`) REFERENCES `items` (`id`) ON DELETE CASCADE ON UPDATE CASCADE,
  CONSTRAINT `grand_top_ibfk_7` FOREIGN KEY (`item_5`) REFERENCES `items` (`id`) ON DELETE CASCADE ON UPDATE CASCADE,
  CONSTRAINT `grand_top_ibfk_8` FOREIGN KEY (`item_6`) REFERENCES `items` (`id`) ON DELETE CASCADE ON UPDATE CASCADE,
  CONSTRAINT `grand_top_ibfk_9` FOREIGN KEY (`last_updated_by`) REFERENCES `users` (`id`) ON DELETE CASCADE ON UPDATE CASCADE
) ENGINE=InnoDB AUTO_INCREMENT=19 DEFAULT CHARSET=utf8;
/*!40101 SET character_set_client = @saved_cs_client */;

--
-- Dumping data for table `grand_top`
--

LOCK TABLES `grand_top` WRITE;
/*!40000 ALTER TABLE `grand_top` DISABLE KEYS */;
INSERT INTO `grand_top` VALUES (1,1,403,NULL,NULL,NULL,NULL,NULL,19,'http://event.rakuten.co.jp/fashion/rba/girlsaward/img/2015aw/cord/lowrysfarm_01.jpg',5,0,'',1,NULL,1445396439,1445682444),(2,10,393,394,395,NULL,NULL,NULL,2,'http://event.rakuten.co.jp/fashion/rba/girlsaward/img/2015aw/cord/emoda_01.jpg',10,0,'',1,NULL,1445420037,1445689221),(3,8,355,356,357,NULL,NULL,NULL,33,'http://event.rakuten.co.jp/fashion/rba/girlsaward/img/2015aw/cord/guildprime_01.jpg',1,0,'',2,NULL,1445420105,1445673103),(4,12,631,632,633,NULL,NULL,NULL,25,'http://event.rakuten.co.jp/fashion/rba/girlsaward/img/2015aw/cord/gyda_01.jpg',11,0,'',4,NULL,1445420342,1445693903),(5,2,436,437,438,NULL,NULL,NULL,99,'http://event.rakuten.co.jp/fashion/rba/girlsaward/img/2015aw/cord/heather_01.jpg',3,0,'',4,NULL,1445420430,1445693710),(7,5,301,302,NULL,NULL,NULL,NULL,67,'http://event.rakuten.co.jp/fashion/rba/girlsaward/img/2015aw/cord/jillbyjillstuart_01.jpg',4,0,'',2,NULL,1445420620,1445675624),(8,7,277,278,279,NULL,NULL,NULL,90,'http://event.rakuten.co.jp/fashion/rba/girlsaward/img/2015aw/cord/loveless_01.jpg',17,0,'',2,NULL,1445420703,1445673330),(9,17,238,NULL,NULL,NULL,NULL,NULL,81,'http://event.rakuten.co.jp/fashion/rba/girlsaward/img/2015aw/cord/million_01.jpg',6,0,'',1,NULL,1445420755,1445682456),(10,11,222,224,225,NULL,NULL,NULL,49,'http://event.rakuten.co.jp/fashion/rba/girlsaward/img/2015aw/cord/murua_01.jpg',14,0,'',4,NULL,1445420814,1445694044),(11,6,178,179,180,NULL,NULL,NULL,125,'http://event.rakuten.co.jp/fashion/rba/girlsaward/img/2015aw/cord/olivedesolive_01.jpg',9,0,'レースアップブーティ',4,NULL,1445420883,1445693848),(12,16,568,569,570,NULL,NULL,NULL,117,'http://event.rakuten.co.jp/fashion/rba/girlsaward/img/2015aw/cord/redyazel_01.jpg',7,0,'',2,NULL,1445420944,1445684167),(13,9,22,NULL,NULL,NULL,NULL,NULL,121,'http://event.rakuten.co.jp/fashion/rba/girlsaward/img/2015aw/cord/resexxy_01.jpg',13,0,'',1,NULL,1445420990,1445690936),(14,14,169,NULL,NULL,NULL,NULL,NULL,117,'http://event.rakuten.co.jp/fashion/rba/girlsaward/img/2015aw/cord/samanthathavasa_01.jpg',16,0,'',2,NULL,1445421222,1445673309),(15,13,614,615,616,NULL,NULL,NULL,109,'http://event.rakuten.co.jp/fashion/rba/girlsaward/img/2015aw/cord/ungrid_01.jpg',12,0,'',4,NULL,1445421283,1445693973),(16,4,510,511,512,NULL,NULL,NULL,18,'http://event.rakuten.co.jp/fashion/rba/girlsaward/img/2015aw/cord/wego_01.jpg',8,0,'',4,NULL,1445421345,1445693789),(17,18,651,652,NULL,NULL,NULL,NULL,11,'http://event.rakuten.co.jp/fashion/rba/girlsaward/img/2015aw/cord/dickies_01.jpg',2,0,'',2,NULL,1445478206,1445673114),(18,3,672,673,674,NULL,NULL,NULL,117,'http://event.rakuten.co.jp/fashion/rba/girlsaward/img/2015aw/cord/jeanasis_01.jpg',15,0,'',2,NULL,1445508545,1445673297);
/*!40000 ALTER TABLE `grand_top` ENABLE KEYS */;
UNLOCK TABLES;

--
-- Table structure for table `items`
--

DROP TABLE IF EXISTS `items`;
/*!40101 SET @saved_cs_client     = @@character_set_client */;
/*!40101 SET character_set_client = utf8 */;
CREATE TABLE `items` (
  `id` int(11) unsigned NOT NULL AUTO_INCREMENT,
  `name_ja` varchar(255) NOT NULL,
  `name_en` varchar(255) NOT NULL,
  `name_cn` varchar(255) NOT NULL,
  `name_tw` varchar(255) NOT NULL,
  `price_ja` int(11) NOT NULL,
  `price_en` int(11) NOT NULL,
  `price_cn` int(11) NOT NULL,
  `price_tw` int(11) NOT NULL,
  `url` varchar(255) NOT NULL,
  `img` varchar(255) NOT NULL,
  `brand_id` int(11) unsigned NOT NULL,
  `translate_status` int(11) NOT NULL,
  `sold_status` int(11) NOT NULL,
  `remarks` text,
  `last_updated_by` int(11) unsigned NOT NULL,
  `deleted_at` int(11) DEFAULT NULL,
  `created_at` int(11) DEFAULT NULL,
  `updated_at` int(11) DEFAULT NULL,
  PRIMARY KEY (`id`),
  KEY `brand_id` (`brand_id`),
  KEY `last_updated_by` (`last_updated_by`),
  CONSTRAINT `items_ibfk_1` FOREIGN KEY (`brand_id`) REFERENCES `brands` (`id`) ON DELETE CASCADE ON UPDATE CASCADE,
  CONSTRAINT `items_ibfk_2` FOREIGN KEY (`last_updated_by`) REFERENCES `users` (`id`) ON DELETE CASCADE ON UPDATE CASCADE
) ENGINE=InnoDB AUTO_INCREMENT=705 DEFAULT CHARSET=utf8;
/*!40101 SET character_set_client = @saved_cs_client */;

--
-- Dumping data for table `items`
--

LOCK TABLES `items` WRITE;
/*!40000 ALTER TABLE `items` DISABLE KEYS */;
INSERT INTO `items` VALUES (22,'カッティングフェイクファーコート','Fur Coat','毛皮大衣','毛皮大衣',16189,0,0,0,'b72525','http://thumbnail.image.rakuten.co.jp/@0_mall/stylife/cabinet/item/525/b72525-05_1.jpg?_ex=400x537&s=2&r=1',9,1,1,'',1,NULL,1444904244,1444906007),(23,'ウエストタックジョーゼットコンビネゾン','Overall','连身套装','連身套裝',8629,0,0,0,'b91435','http://thumbnail.image.rakuten.co.jp/@0_mall/stylife/cabinet/item/435/b91435-03_1.jpg?_ex=400x537&s=2&r=1',9,1,1,'',1,NULL,1444904285,1444906021),(24,'シンプルリブニットトップス','Turtle Neck Sweater','套头领毛衣','套頭領毛衣',4849,0,0,0,'b91433','http://thumbnail.image.rakuten.co.jp/@0_mall/stylife/cabinet/item/433/b91433-01_1.jpg?_ex=400x537&s=2&r=1',9,1,1,'',1,NULL,1444904338,1444906034),(25,'ウエストレースポンチミディーワンピース','One-Piece Dress','洋装','洋装',7549,0,0,0,'b91430','http://thumbnail.image.rakuten.co.jp/@0_mall/stylife/cabinet/item/430/b91430-02_1.jpg?_ex=400x537&s=2&r=1',9,1,1,'',1,NULL,1444904398,1444906107),(26,'ボリュームファーフードコート','Fur Coat','毛皮大衣','毛皮大衣',17269,0,0,0,'b91439','http://thumbnail.image.rakuten.co.jp/@0_mall/stylife/cabinet/item/439/b91439-05_1.jpg?_ex=400x537&s=2&r=1',9,1,1,'',1,NULL,1444904444,1444906174),(27,'ウォームノースリフレアワンピース','One-Piece Dress','洋装','洋装',6469,0,0,0,'b72518','http://thumbnail.image.rakuten.co.jp/@0_mall/stylife/cabinet/item/518/b72518-02_1.jpg?_ex=400x537&s=2&r=1',9,1,1,'',1,NULL,1444904484,1444906204),(169,'エムシュシュ　大','','','',41040,0,0,0,'364950','http://thumbnail.image.rakuten.co.jp/@0_mall/stylife/cabinet/item/950/364950-04_1.jpg?_ex=400x537&s=2&r=1',14,1,1,'',9,NULL,1444902689,1445585538),(170,'レディアゼルダスティーカラー　小','','','',35640,0,0,0,'','',14,1,1,'',9,NULL,1444902689,1445585556),(171,'【スッキリコラボ】シャンクルール','','','',41040,0,0,0,'364718','http://thumbnail.image.rakuten.co.jp/@0_mall/stylife/cabinet/item/718/364718-05_1.jpg?_ex=400x537&s=2&r=1',14,1,1,'',9,NULL,1444902689,1445585567),(172,'アゼルラフィー　中','','','',43200,0,0,0,'364305','http://thumbnail.image.rakuten.co.jp/@0_mall/stylife/cabinet/item/305/364305-05_1.jpg?_ex=400x537&s=2&r=1',14,1,1,'',9,NULL,1444902689,1445585597),(173,'ポリー　小　WH','','','',0,0,0,0,'','',14,1,1,'',1,NULL,1444902689,NULL),(174,'エムシュシュ　大','','','',41040,0,0,0,'364950','http://thumbnail.image.rakuten.co.jp/@0_mall/stylife/cabinet/item/950/364950-07_1.jpg?_ex=400x537&s=2&r=1',14,1,1,'',9,NULL,1444902689,1445585612),(175,'ポリー　小　WH','','','',0,0,0,0,'','',14,1,1,'',1,NULL,1444902689,NULL),(176,'エムシュシュ　小','','','',35640,0,0,0,'364949','http://thumbnail.image.rakuten.co.jp/@0_mall/stylife/cabinet/item/949/364949-05_1.jpg?_ex=400x537&s=2&r=1',14,1,1,'',9,NULL,1444902689,1445585627),(177,'【スッキリコラボ】シャンクルール','','','',41040,0,0,0,'364718','http://thumbnail.image.rakuten.co.jp/@0_mall/stylife/cabinet/item/718/364718-03_1.jpg?_ex=400x537&s=2&r=1',14,1,1,'',9,NULL,1444902689,1445585641),(178,'オーガンジープリーツスカート','','','',6372,0,0,0,'b86779','http://image.aubg.jp/mgen/web:scripts/resize.ms?img=stylife:/images/item/B86/B86779/B86779-03_1.jpg',6,1,1,'',1,NULL,1444902689,NULL),(179,'ネックスカラップ細ケーブルプルオーバー','','','',3780,0,0,0,'b86785','http://image.aubg.jp/mgen/web:scripts/resize.ms?img=stylife:/images/item/B86/B86785/B86785-01_1.jpg',6,1,1,'',1,NULL,1444902689,NULL),(180,'衿取り外しノーカラーコート ','','','',9612,0,0,0,'b86797','http://image.aubg.jp/mgen/web:scripts/resize.ms?img=stylife:/images/item/B86/B86797/B86797-05_1.jpg',6,1,1,'',1,NULL,1444902689,NULL),(181,'レースアップブーティ','','','',5292,0,0,0,'s34918','http://image.aubg.jp/mgen/web:scripts/resize.ms?img=stylife:/images/item/S34/S34918/S34918-08_1.jpg',6,1,1,'',1,NULL,1444902689,NULL),(182,'デニムバギーパンツ','','','',7452,0,0,0,'b86781','http://image.aubg.jp/mgen/web:scripts/resize.ms?img=stylife:/images/item/B86/B86781/B86781-01_1.jpg',6,1,1,'',1,NULL,1444902689,NULL),(183,'ポケット付き刺繍ロゴTシャツ','','','',3132,0,0,0,'s38594','http://image.aubg.jp/mgen/web:scripts/resize.ms?img=stylife:/images/item/S38/S38594/S38594-02_1.jpg',6,1,1,'',1,NULL,1444902689,NULL),(184,'中つばキャペリンハット ','','','',4212,0,0,0,'s40284','http://image.aubg.jp/mgen/web:scripts/resize.ms?img=stylife:/images/item/S40/S40284/S40284-01_1.jpg',6,1,1,'',1,NULL,1444902689,NULL),(185,'レースパッチワークワンピ','','','',17064,0,0,0,'b86788','http://image.aubg.jp/mgen/web:scripts/resize.ms?img=stylife:/images/item/B86/B86788/B86788-01_1.jpg',6,1,1,'',1,NULL,1444902689,NULL),(186,'配色ストラップパンプス','','','',5292,0,0,0,'s35092','http://image.aubg.jp/mgen/web:scripts/resize.ms?img=stylife:/images/item/S35/S35092/S35092-11_1.jpg',6,1,1,'',1,NULL,1444902689,NULL),(187,'フェイクファーロシアン帽 ','','','',3780,0,0,0,'s34935','http://image.aubg.jp/mgen/web:scripts/resize.ms?img=stylife:/images/item/S34/S34935/S34935-01_1.jpg',6,1,1,'',1,NULL,1444902689,NULL),(188,'リボン付テイアードスカート','','','',8100,0,0,0,'b86777','http://image.aubg.jp/mgen/web:scripts/resize.ms?img=stylife:/images/item/B86/B86777/B86777-01_1.jpg',6,1,1,'',1,NULL,1444902689,NULL),(189,'アンゴラニットプルオーバー','','','',7020,0,0,0,'b86783','http://image.aubg.jp/mgen/web:scripts/resize.ms?img=stylife:/images/item/B86/B86783/B86783-01_1.jpg',6,1,1,'',1,NULL,1444902689,NULL),(190,'チャッカーブーツ','','','',6372,0,0,0,'s34919','http://image.aubg.jp/mgen/web:scripts/resize.ms?img=stylife:/images/item/S34/S34919/S34919-01_1.jpg',6,1,1,'',1,NULL,1444902689,NULL),(191,'リボン付テイアードスカート','','','',8100,0,0,0,'b86777','http://image.aubg.jp/mgen/web:scripts/resize.ms?img=stylife:/images/item/B86/B86777/B86777-02_1.jpg',6,1,1,'',9,NULL,1444902689,1445579727),(192,'アンゴラニットプルオーバー','','','',7020,0,0,0,'b86783','http://image.aubg.jp/mgen/web:scripts/resize.ms?img=stylife:/images/item/B86/B86783/B86783-02_1.jpg',6,1,1,'',9,NULL,1444902689,1445580238),(193,'スーパーストレッチスキニーパンツ ','','','',3780,0,0,0,'s38582','http://image.aubg.jp/mgen/web:scripts/resize.ms?img=stylife:/images/item/S38/S38582/S38582-07_1.jpg',6,1,1,'',1,NULL,1444902689,NULL),(194,'タートル裾レースチュニックニット','','','',5292,0,0,0,'b86793','http://image.aubg.jp/mgen/web:scripts/resize.ms?img=stylife:/images/item/B86/B86793/B86793-02_1.jpg',6,1,1,'',1,NULL,1444902689,NULL),(195,'ウィンドゥペンチェック２ＷＡＹバッグ','','','',4212,0,0,0,'s48498','http://image.aubg.jp/mgen/web:scripts/resize.ms?img=stylife:/images/item/S48/S48498/S48498-01_1.jpg',6,1,1,'',1,NULL,1444902689,NULL),(196,'2WAYノーカラーロングダッフル','','','',12744,0,0,0,'b86795','http://image.aubg.jp/mgen/web:scripts/resize.ms?img=stylife:/images/item/B86/B86795/B86795-01_1.jpg',6,1,1,'',1,NULL,1444902689,NULL),(197,'デニムタイトスカート','','','',6372,0,0,0,'b86778','http://image.aubg.jp/mgen/web:scripts/resize.ms?img=stylife:/images/item/B86/B86778/B86778-01_1.jpg',6,1,1,'',1,NULL,1444902689,NULL),(198,'ナイロンフラップリュック','','','',4212,0,0,0,'s48497','http://image.aubg.jp/mgen/web:scripts/resize.ms?img=stylife:/images/item/S48/S48497/S48497-02_1.jpg',6,1,1,'',1,NULL,1444902689,NULL),(199,'メルトン中ツバ中折れ帽 ','','','',3780,0,0,0,'s48501','http://image.aubg.jp/mgen/web:scripts/resize.ms?img=stylife:/images/item/S48/S48501/S48501-01_1.jpg',6,1,1,'',1,NULL,1444902689,NULL),(200,'タートルロングスリットワンピース','','','',5292,0,0,0,'b86794','http://image.aubg.jp/mgen/web:scripts/resize.ms?img=stylife:/images/item/B86/B86794/B86794-01_1.jpg',6,1,1,'',1,NULL,1444902689,NULL),(201,'デニムバギーパンツ','','','',7452,0,0,0,'b86781','http://image.aubg.jp/mgen/web:scripts/resize.ms?img=stylife:/images/item/B86/B86781/B86781-02_1.jpg',6,1,1,'',1,NULL,1444902689,NULL),(202,'サイドゴアブーティ','','','',6372,0,0,0,'s34917','http://image.aubg.jp/mgen/web:scripts/resize.ms?img=stylife:/images/item/S34/S34917/S34917-02_1.jpg',6,1,1,'',1,NULL,1444902689,NULL),(203,'コサージュ付きベレー帽','','','',3780,0,0,0,'s40285','http://image.aubg.jp/mgen/web:scripts/resize.ms?img=stylife:/images/item/S40/S40285/S40285-04_1.jpg',6,1,1,'',1,NULL,1444902689,NULL),(204,'2連パールハイネックリブプルオーバー ','','','',3132,0,0,0,'s35006','http://image.aubg.jp/mgen/web:scripts/resize.ms?img=stylife:/images/item/S35/S35006/S35006-02_1.jpg',6,1,1,'',1,NULL,1444902689,NULL),(205,'共リボン付ワイドパンツ','','','',6372,0,0,0,'b86780','http://image.aubg.jp/mgen/web:scripts/resize.ms?img=stylife:/images/item/B86/B86780/B86780-01_1.jpg',6,1,1,'',1,NULL,1444902689,NULL),(206,'袖シャーリングスタンドプルオーバー','','','',4212,0,0,0,'b86787','http://image.aubg.jp/mgen/web:scripts/resize.ms?img=stylife:/images/item/B86/B86787/B86787-01_1.jpg',6,1,1,'',1,NULL,1444902689,NULL),(207,'ロングチェスターコート','','','',9180,0,0,0,'b86796','http://image.aubg.jp/mgen/web:scripts/resize.ms?img=stylife:/images/item/B86/B86796/B86796-01_1.jpg',6,1,1,'',1,NULL,1444902689,NULL),(208,'レースアップブーティ','','','',5292,0,0,0,'s34918','http://image.aubg.jp/mgen/web:scripts/resize.ms?img=stylife:/images/item/S34/S34918/S34918-05_1.jpg',6,1,1,'',1,NULL,1444902689,NULL),(209,'2連パールハイネックリブプルオーバー ','','','',3132,0,0,0,'s35006','http://image.aubg.jp/mgen/web:scripts/resize.ms?img=stylife:/images/item/S35/S35006/S35006-01_1.jpg',6,1,1,'',1,NULL,1444902689,NULL),(210,'2Way花柄ガウチョサロペ','','','',7452,0,0,0,'b86791','http://image.aubg.jp/mgen/web:scripts/resize.ms?img=stylife:/images/item/B86/B86791/B86791-01_1.jpg',6,1,1,'',9,NULL,1444902689,1445580482),(211,'裏起毛ニットソーBIGフードアウター','','','',8532,0,0,0,'b86798','http://image.aubg.jp/mgen/web:scripts/resize.ms?img=stylife:/images/item/B86/B86798/B86798-01_1.jpg',6,1,1,'',1,NULL,1444902689,NULL),(212,'チャッカーブーツ','','','',6372,0,0,0,'s34919','http://image.aubg.jp/mgen/web:scripts/resize.ms?img=stylife:/images/item/S34/S34919/S34919-03_1.jpg',6,1,1,'',1,NULL,1444902689,NULL),(213,'シャギーチェックショートパンツ','','','',6372,0,0,0,'b86782','http://image.aubg.jp/mgen/web:scripts/resize.ms?img=stylife:/images/item/B86/B86782/B86782-01_1.jpg',6,1,1,'',1,NULL,1444902689,NULL),(214,'ショート丈ワイドリブオフタートルニット','','','',4212,0,0,0,'b86786','http://image.aubg.jp/mgen/web:scripts/resize.ms?img=stylife:/images/item/B86/B86786/B86786-01_1.jpg',6,1,1,'',9,NULL,1444902689,1445580538),(215,'サイドゴアブーティ','','','',6372,0,0,0,'s34917','http://image.aubg.jp/mgen/web:scripts/resize.ms?img=stylife:/images/item/S34/S34917/S34917-08_1.jpg',6,1,1,'',1,NULL,1444902689,NULL),(216,'フリルハイネックもちもちニット','','','',4860,0,0,0,'b86784','http://image.aubg.jp/mgen/web:scripts/resize.ms?img=stylife:/images/item/B86/B86784/B86784-01_1.jpg',6,1,1,'',1,NULL,1444902689,NULL),(217,'シャギーチェックジャンスカ','','','',8100,0,0,0,'b86790','http://image.aubg.jp/mgen/web:scripts/resize.ms?img=stylife:/images/item/B86/B86790/B86790-02_1.jpg',6,1,1,'',1,NULL,1444902689,NULL),(218,'レースパッチワークワンピ','','','',17064,0,0,0,'b86788','http://image.aubg.jp/mgen/web:scripts/resize.ms?img=stylife:/images/item/B86/B86788/B86788-02_1.jpg',6,1,1,'',1,NULL,1444902689,NULL),(219,'フリル袖フレアワンピ','','','',10584,0,0,0,'b86789','http://image.aubg.jp/mgen/web:scripts/resize.ms?img=stylife:/images/item/B86/B86789/B86789-02_1.jpg',6,1,1,'',1,NULL,1444902689,NULL),(220,'リボン付キャミワンピ','','','',9612,0,0,0,'b86792','http://image.aubg.jp/mgen/web:scripts/resize.ms?img=stylife:/images/item/B86/B86792/B86792-01_1.jpg',6,1,1,'',1,NULL,1444902689,NULL),(221,'配色ストラップパンプス','','','',5292,0,0,0,'s35092','http://image.aubg.jp/mgen/web:scripts/resize.ms?img=stylife:/images/item/S35/S35092/S35092-08_1.jpg',6,1,1,'',1,NULL,1444902689,NULL),(222,'【CASUAL】モッサウールP/CT','Pea Coat','水兵短外衣','水兵短外衣',18360,0,0,0,'b93986','http://thumbnail.image.rakuten.co.jp/@0_mall/stylife/cabinet/item/986/b93986-01_1.jpg?_ex=400x537&s=2&r=1',11,1,1,'',1,NULL,1444902689,NULL),(223,'【CACSUAL】カットオフGジャン','Denim Jacket','牛仔布夹克','牛仔布夾克',15120,0,0,0,'b91900','',11,1,1,'',1,1445578746,1444902689,1445578746),(224,'【CASUAL】ヘムクラッシュデニムフレアSK','Denim Skirt','牛仔布裙子','牛仔布裙子',11340,0,0,0,'b89855','http://thumbnail.image.rakuten.co.jp/@0_mall/stylife/cabinet/item/855/b89855-03_1.jpg?_ex=400x537&s=2&r=1',11,1,1,'',1,NULL,1444902689,NULL),(225,'【FEMININE】fitリブタートル','Turtle Neck Sweater','套头领毛衣','套頭領毛衣',5940,0,0,0,'b64677','http://thumbnail.image.rakuten.co.jp/@0_mall/stylife/cabinet/item/677/b64677-01_1.jpg?_ex=400x537&s=2&r=1',11,1,1,'',1,NULL,1444902689,NULL),(226,'【LIFE】FLUFFY SOX','Socks','袜子','襪子',3456,0,0,0,'b89858','http://thumbnail.image.rakuten.co.jp/@0_mall/stylife/cabinet/item/858/b89858-01_1.jpg?_ex=400x537&s=2&r=1',11,1,1,'',1,NULL,1444902689,NULL),(227,'【SHOES】ウエッジスエードパンプス','Pumps','圆头平底鞋','圓頭平底鞋',12960,0,0,0,'b93980','http://thumbnail.image.rakuten.co.jp/@0_mall/stylife/cabinet/item/980/b93980-01_1.jpg?_ex=400x537&s=2&r=1',11,1,1,'',1,NULL,1444902689,NULL),(228,'【FEMININE】モッサウールステンカラーCT','Stain Color Coat','立领衬衫','立領襯衫',23220,0,0,0,'b93984','http://thumbnail.image.rakuten.co.jp/@0_mall/stylife/cabinet/item/984/b93984-07_1.jpg?_ex=400x537&s=2&r=1',11,1,1,'',1,NULL,1444902689,NULL),(229,'【CASUAL】ルーズニットタートルPO','Sweater','毛衣','毛衣',6264,0,0,0,'b70858','http://thumbnail.image.rakuten.co.jp/@0_mall/stylife/cabinet/item/858/b70858-01_1.jpg?_ex=400x537&s=2&r=1',11,1,1,'',1,NULL,1444902689,NULL),(230,'【SHOES】ウエッジスエードパンプス','Pumps','圆头平底鞋','圓頭平底鞋',12960,0,0,0,'b93980','http://thumbnail.image.rakuten.co.jp/@0_mall/stylife/cabinet/item/980/b93980-04_1.jpg?_ex=400x537&s=2&r=1',11,1,1,'',1,NULL,1444902689,NULL),(231,'【MODE】マルチカラーMIXファーCT','Fur Coat','毛皮大衣','毛皮大衣',58320,0,0,0,'b64690','http://thumbnail.image.rakuten.co.jp/@0_mall/stylife/cabinet/item/690/b64690-01_1.jpg?_ex=400x537&s=2&r=1',11,1,1,'',1,NULL,1444902689,NULL),(232,'【CASUAL】ルーズタートルロングニットOP','Knit One-Piece Dress','编织洋装','編織洋装',6804,0,0,0,'b93982','http://thumbnail.image.rakuten.co.jp/@0_mall/stylife/cabinet/item/982/b93982-03_1.jpg?_ex=400x537&s=2&r=1',11,1,1,'',1,NULL,1444902689,NULL),(233,'【SHOES】アーバンミドルブーツ','Short Boots','短靴','短靴',13500,0,0,0,'b64689','http://thumbnail.image.rakuten.co.jp/@0_mall/stylife/cabinet/item/689/b64689-01_1.jpg?_ex=400x537&s=2&r=1',11,1,1,'',1,NULL,1444902689,NULL),(234,'【MODE】モッサウールチェスターCT','Chester Coat','风衣','風衣',19980,0,0,0,'b93981','http://thumbnail.image.rakuten.co.jp/@0_mall/stylife/cabinet/item/981/b93981-01_1.jpg?_ex=400x537&s=2&r=1',11,1,1,'',1,NULL,1444902689,NULL),(235,'【FEMININE】fitリブタートル','Turtle Neck Sweater','套头领毛衣','套頭領毛衣',5940,0,0,0,'b64677','http://thumbnail.image.rakuten.co.jp/@0_mall/stylife/cabinet/item/677/b64677-02_1.jpg?_ex=400x537&s=2&r=1',11,1,1,'',1,NULL,1444902689,NULL),(236,'【SHOES】ウエッジスエードパンプス','Pumps','圆头平底鞋','圓頭平底鞋',12960,0,0,0,'b93980','http://thumbnail.image.rakuten.co.jp/@0_mall/stylife/cabinet/item/980/b93980-07_1.jpg?_ex=400x537&s=2&r=1',11,1,1,'',1,NULL,1444902689,NULL),(237,'【CASUAL】ラムレザーライダース','Riders Jacket','摇滚皮衣','騎士夾克',49680,0,0,0,'b62706','http://thumbnail.image.rakuten.co.jp/@0_mall/stylife/cabinet/item/706/b62706-01_1.jpg?_ex=400x537&s=2&r=1',11,1,1,'',1,NULL,1444902689,NULL),(238,'ビジューネックレスワンピ','','','',49680,0,0,0,'b39590','http://thumbnail.image.rakuten.co.jp/@0_mall/stylife/cabinet/item/590/b39590-01_1.jpg?_ex=400x537&s=2&r=1',17,1,1,'',1,NULL,1444902689,NULL),(239,'パールボリュームスリーブニット','','','',15984,0,0,0,'b68043','http://thumbnail.image.rakuten.co.jp/@0_mall/stylife/cabinet/item/043/b68043-01_1.jpg?_ex=400x537&s=2&r=1',17,1,1,'',1,NULL,1444902689,NULL),(240,'レースフレアパンツ','','','',11664,0,0,0,'b68091','http://thumbnail.image.rakuten.co.jp/@0_mall/stylife/cabinet/item/091/b68091-03_1.jpg?_ex=400x537&s=2&r=1',17,1,1,'',1,NULL,1444902689,NULL),(241,'ビジュードルマンニット','','','',13824,0,0,0,'b68044','http://thumbnail.image.rakuten.co.jp/@0_mall/stylife/cabinet/item/044/b68044-01_1.jpg?_ex=400x537&s=2&r=1',17,1,1,'',1,NULL,1444902689,NULL),(242,'チュールギャザースカート','','','',11664,0,0,0,'b68080','http://thumbnail.image.rakuten.co.jp/@0_mall/stylife/cabinet/item/080/b68080-03_2.jpg?_ex=400x537&s=2&r=1',17,1,1,'',1,NULL,1444902689,NULL),(243,'ビジューボタンコート','','','',28944,0,0,0,'b68095','http://thumbnail.image.rakuten.co.jp/@0_mall/stylife/cabinet/item/095/b68095-01_1.jpg?_ex=400x537&s=2&r=1',17,1,1,'',1,NULL,1444902689,NULL),(244,'ロゴ刺繍ロンT','','','',5940,0,0,0,'b68036','http://thumbnail.image.rakuten.co.jp/@0_mall/stylife/cabinet/item/036/b68036-03_1.jpg?_ex=400x537&s=2&r=1',17,1,1,'',1,NULL,1444902689,NULL),(245,'レースフラワー切り替えワンピ','','','',14904,0,0,0,'b68069','http://thumbnail.image.rakuten.co.jp/@0_mall/stylife/cabinet/item/069/b68069-03_1.jpg?_ex=400x537&s=2&r=1',17,1,1,'',1,NULL,1444902689,NULL),(246,'パール付きクラッチバッグ','','','',9936,0,0,0,'b30488','http://thumbnail.image.rakuten.co.jp/@0_mall/stylife/cabinet/item/488/b30488-01_1.jpg?_ex=400x537&s=2&r=1',17,1,1,'',9,NULL,1444902689,1445578394),(247,'ケーブルニット切り替えワンピ','','','',14904,0,0,0,'b68077','http://thumbnail.image.rakuten.co.jp/@0_mall/stylife/cabinet/item/077/b68077-01_1.jpg?_ex=400x537&s=2&r=1',17,1,1,'',1,NULL,1444902689,NULL),(248,'ブークレキュートチェックストール','','','',6912,0,0,0,'b85206','http://thumbnail.image.rakuten.co.jp/@0_mall/stylife/cabinet/item/206/b85206-01_1.jpg?_ex=400x537&s=2&r=1',17,1,1,'',1,NULL,1444902689,NULL),(249,'レースボーダートップス','','','',11664,0,0,0,'b68062','http://thumbnail.image.rakuten.co.jp/@0_mall/stylife/cabinet/item/062/b68062-03_1.jpg?_ex=400x537&s=2&r=1',17,1,1,'',1,NULL,1444902689,NULL),(250,'チュールギャザースカート','','','',11664,0,0,0,'b68080','http://thumbnail.image.rakuten.co.jp/@0_mall/stylife/cabinet/item/080/b68080-02_1.jpg?_ex=400x537&s=2&r=1',17,1,1,'',1,NULL,1444902689,NULL),(251,'アンゴラオフショルニット','','','',11664,0,0,0,'b68048','http://thumbnail.image.rakuten.co.jp/@0_mall/stylife/cabinet/item/048/b68048-02_1.jpg?_ex=400x537&s=2&r=1',17,1,1,'',1,NULL,1444902689,NULL),(252,'フラワーオーガンジースカート','','','',14904,0,0,0,'b68088','http://thumbnail.image.rakuten.co.jp/@0_mall/stylife/cabinet/item/088/b68088-01_3.jpg?_ex=400x537&s=2&r=1',17,1,1,'',1,NULL,1444902689,NULL),(253,'イレブンビジューネックレス','','','',7992,0,0,0,'b59911','http://thumbnail.image.rakuten.co.jp/@0_mall/stylife/cabinet/item/911/b59911-01_1.jpg?_ex=400x537&s=2&r=1',17,1,1,'',1,NULL,1444902689,NULL),(254,'フェイクファーカフコート','','','',25920,0,0,0,'b68094','http://thumbnail.image.rakuten.co.jp/@0_mall/stylife/cabinet/item/094/b68094-03_1.jpg?_ex=400x537&s=2&r=1',17,1,1,'',1,NULL,1444902689,NULL),(255,'LOVEクラッチバッグ','','','',6912,0,0,0,'b85202','http://thumbnail.image.rakuten.co.jp/@0_mall/stylife/cabinet/item/202/b85202-01_1.jpg?_ex=400x537&s=2&r=1',17,1,1,'',1,NULL,1444902689,NULL),(256,'チュールレイヤードワンピ','','','',15984,0,0,0,'b68067','http://thumbnail.image.rakuten.co.jp/@0_mall/stylife/cabinet/item/067/b68067-02_1.jpg?_ex=400x537&s=2&r=1',17,1,1,'',1,NULL,1444902689,NULL),(257,'ビジュー刺繍ワンピ','','','',20952,0,0,0,'b68079','http://thumbnail.image.rakuten.co.jp/@0_mall/stylife/cabinet/item/079/b68079-01_1.jpg?_ex=400x537&s=2&r=1',17,1,1,'',1,NULL,1444902689,NULL),(277,'ピンストライプグレースジャケット','Jacket','西装夹克','西裝外套',42120,0,0,0,'b86279','http://thumbnail.image.rakuten.co.jp/@0_mall/stylife/cabinet/item/279/b86279-01_1.jpg?_ex=400x537&s=2&r=1',7,1,1,'',4,NULL,1444902689,1445585669),(278,'ピンストライプワイドパンツ','Wide Pants','条纹宽裤子','條紋寬褲子',19440,0,0,0,'b86370','http://thumbnail.image.rakuten.co.jp/@0_mall/stylife/cabinet/item/370/b86370-01_1.jpg?_ex=400x537&s=2&r=1',7,1,1,'',1,NULL,1444902689,NULL),(279,'スパンコールボウタイシャツ','Shirt','领带衬衣','領呔恤衫',17280,0,0,0,'b86355','http://thumbnail.image.rakuten.co.jp/@0_mall/stylife/cabinet/item/355/b86355-01_1.jpg?_ex=400x537&s=2&r=1',7,1,1,'',1,NULL,1444902689,NULL),(280,'Vネックカラーピンストライプブラウス','Blouse','条纹衬衫','條紋恤衫',18360,0,0,0,'b86282','http://thumbnail.image.rakuten.co.jp/@0_mall/stylife/cabinet/item/282/b86282-01_1.jpg?_ex=400x537&s=2&r=1',7,1,1,'',4,NULL,1444902689,1445585689),(281,'グレンチェックストレッチジャケット','Jacket','灰色西装夹克','灰色西裝外套',42120,0,0,0,'b86335','http://thumbnail.image.rakuten.co.jp/@0_mall/stylife/cabinet/item/335/b86335-01_1.jpg?_ex=400x537&s=2&r=1',7,1,1,'',1,NULL,1444902689,NULL),(282,'グレンチェックテーパ―ドパンツ','Tapered Pants','格纹西裤','格紋西褲',18360,0,0,0,'b86372','http://thumbnail.image.rakuten.co.jp/@0_mall/stylife/cabinet/item/372/b86372-01_1.jpg?_ex=400x537&s=2&r=1',7,1,1,'',1,NULL,1444902689,NULL),(283,'グレンチェックオールインワン','Overall','连身套装','連身套裝',37800,0,0,0,'b86352','http://thumbnail.image.rakuten.co.jp/@0_mall/stylife/cabinet/item/352/b86352-01_1.jpg?_ex=400x537&s=2&r=1',7,1,1,'',1,NULL,1444902689,NULL),(284,'ストレッチツィードジャケット','Tweed Jacket','剪裁西装外套','剪裁西裝外套',42120,0,0,0,'b86338','http://thumbnail.image.rakuten.co.jp/@0_mall/stylife/cabinet/item/338/b86338-01_1.jpg?_ex=400x537&s=2&r=1',7,1,1,'',1,NULL,1444902689,NULL),(285,'ストレッチツィードワイドパンツ','Tweed Pants','剪裁西裤','剪裁西褲',19440,0,0,0,'b86371','http://thumbnail.image.rakuten.co.jp/@0_mall/stylife/cabinet/item/371/b86371-01_1.jpg?_ex=400x537&s=2&r=1',7,1,1,'',1,NULL,1444902689,NULL),(286,'ベーカーチェックモノグラムクラッチ','Clutch bag','图案条纹手拿包','圖案條紋手拿包',18360,0,0,0,'b93686','http://thumbnail.image.rakuten.co.jp/@0_mall/stylife/cabinet/item/686/b93686-01_1.jpg?_ex=400x537&s=2&r=1',7,1,1,'',1,NULL,1444902689,NULL),(287,'ロングチェスターフィールドコート','Long Coat','长大衣','長大衣',59400,0,0,0,'b86332','http://thumbnail.image.rakuten.co.jp/@0_mall/stylife/cabinet/item/332/b86332-01_1.jpg?_ex=400x537&s=2&r=1',7,1,1,'',1,NULL,1444902689,NULL),(288,'ベーカーチェックモノグラムチェックシャツ','Long Sleeve Shirt','白领长袖条纹上衣','白領長袖條紋上衣',17280,0,0,0,'b86357','http://thumbnail.image.rakuten.co.jp/@0_mall/stylife/cabinet/item/357/b86357-01_1.jpg?_ex=400x537&s=2&r=1',7,1,1,'',1,NULL,1444902689,NULL),(289,'レザーフレアーミニスカート','Mini Skirt','皮革迷你裙','皮革迷你裙',38880,0,0,0,'b86380','http://thumbnail.image.rakuten.co.jp/@0_mall/stylife/cabinet/item/380/b86380-01_1.jpg?_ex=400x537&s=2&r=1',7,1,1,'',1,NULL,1444902689,NULL),(290,'ラビットファーショートジャケット','Short Jacket','短身毛衣外套','短身毛衣外套',63720,0,0,0,'b86344','http://thumbnail.image.rakuten.co.jp/@0_mall/stylife/cabinet/item/344/b86344-01_1.jpg?_ex=400x537&s=2&r=1',7,1,1,'',1,NULL,1444902689,NULL),(291,'ブラックコクーンスカート','Cocoon Fitted Skirt','迷你裙','迷你裙',19440,0,0,0,'b86383','http://thumbnail.image.rakuten.co.jp/@0_mall/stylife/cabinet/item/383/b86383-01_1.jpg?_ex=400x537&s=2&r=1',7,1,1,'',1,NULL,1444902689,NULL),(292,'モノグラムコンビドレス','Sleeveless One-piece Dress','无袖条纹连衣裙','無袖條紋連衣裙',29160,0,0,0,'b86351','http://thumbnail.image.rakuten.co.jp/@0_mall/stylife/cabinet/item/351/b86351-01_1.jpg?_ex=400x537&s=2&r=1',7,1,1,'',1,NULL,1444902689,NULL),(293,'ベーカーチェックモノグラムトートバッグ','Tote Bag','图案条纹手提袋','圖案條紋手提袋',29160,0,0,0,'b86324','http://thumbnail.image.rakuten.co.jp/@0_mall/stylife/cabinet/item/324/b86324-01_1.jpg?_ex=400x537&s=2&r=1',7,1,1,'',1,NULL,1444902689,NULL),(294,'SPファーコンビグローブ','Gloves','羊皮手套','羊皮手套',11880,0,0,0,'b93690','http://thumbnail.image.rakuten.co.jp/@0_mall/stylife/cabinet/item/690/b93690-01_1.jpg?_ex=400x537&s=2&r=1',7,1,1,'',1,NULL,1444902689,NULL),(295,'ブラックセットアップショートパンツ','Shorts','短裤','短褲',16200,0,0,0,'b86373','http://thumbnail.image.rakuten.co.jp/@0_mall/stylife/cabinet/item/373/b86373-01_1.jpg?_ex=400x537&s=2&r=1',7,1,1,'',1,NULL,1444902689,NULL),(296,'ベーカーチェックポンチョ','Poncho','条纹斗篷衣','條紋斗篷衣',63720,0,0,0,'b93687','http://thumbnail.image.rakuten.co.jp/@0_mall/stylife/cabinet/item/687/b93687-01_1.jpg?_ex=400x537&s=2&r=1',7,1,1,'',1,NULL,1444902689,NULL),(297,'SPファーコンビグローブ2','Gloves','羊皮手套','羊皮手套',11880,0,0,0,'b93691','http://thumbnail.image.rakuten.co.jp/@0_mall/stylife/cabinet/item/691/b93691-01_1.jpg?_ex=400x537&s=2&r=1',7,1,1,'',1,NULL,1444902689,NULL),(298,'レースコンビホワイトシャツ','Blouse','蕾丝衬衫','蕾絲恤衫',17280,0,0,0,'b86354','http://thumbnail.image.rakuten.co.jp/@0_mall/stylife/cabinet/item/354/b86354-01_1.jpg?_ex=400x537&s=2&r=1',7,1,1,'',1,NULL,1444902689,NULL),(299,'リゼスカート','Flare Skirt','白边喇叭裙','白邊喇叭裙',16200,0,0,0,'b86382','http://thumbnail.image.rakuten.co.jp/@0_mall/stylife/cabinet/item/382/b86382-01_1.jpg?_ex=400x537&s=2&r=1',7,1,1,'',1,NULL,1444902689,NULL),(300,'ベーカーチェックショートジャケット','Short Jacket','条纹短外套','條紋短外套',49680,0,0,0,'b86345','http://thumbnail.image.rakuten.co.jp/@0_mall/stylife/cabinet/item/345/b86345-01_1.jpg?_ex=400x537&s=2&r=1',7,1,1,'',1,NULL,1444902689,NULL),(301,'LOTTIE TARTAN','','','',17280,0,0,0,'b89564','http://thumbnail.image.rakuten.co.jp/@0_mall/stylife/cabinet/item/564/b89564-01_1.jpg?_ex=400x537&s=2&r=1',5,1,1,'',1,NULL,1444902689,NULL),(302,'FLAT HANDLE BOSTON','','','',10476,0,0,0,'b85521','http://thumbnail.image.rakuten.co.jp/@0_mall/stylife/cabinet/item/521/b85521-03_1.jpg?_ex=400x537&s=2&r=1',5,1,1,'',1,NULL,1444902689,NULL),(303,'ROW OF THE JEWELS','','','',19440,0,0,0,'b89560','http://thumbnail.image.rakuten.co.jp/@0_mall/stylife/cabinet/item/560/b89560-01_1.jpg?_ex=400x537&s=2&r=1',5,1,1,'',1,NULL,1444902689,NULL),(304,'PUPLAM COCOON','','','',15984,0,0,0,'b89563','http://thumbnail.image.rakuten.co.jp/@0_mall/stylife/cabinet/item/563/b89563-03_1.jpg?_ex=400x537&s=2&r=1',5,1,1,'',1,NULL,1444902689,NULL),(305,'2WAY GAUCHO ROMPERES','','','',18360,0,0,0,'b89561','http://thumbnail.image.rakuten.co.jp/@0_mall/stylife/cabinet/item/561/b89561-01_1.jpg?_ex=400x537&s=2&r=1',5,1,1,'',1,NULL,1444902689,NULL),(306,'WHIP COLOR FUR CLUTCH','','','',10476,0,0,0,'b88877','http://thumbnail.image.rakuten.co.jp/@0_mall/stylife/cabinet/item/877/b88877-02_1.jpg?_ex=400x537&s=2&r=1',5,1,1,'',1,NULL,1444902689,NULL),(307,'EMBELLISEHD COLLAR','','','',15984,0,0,0,'b89562','http://thumbnail.image.rakuten.co.jp/@0_mall/stylife/cabinet/item/562/b89562-06_1.jpg?_ex=400x537&s=2&r=1',5,1,1,'',1,NULL,1444902689,NULL),(308,'シンプルショルダーバッグ','','','',9396,0,0,0,'b88876','http://thumbnail.image.rakuten.co.jp/@0_mall/stylife/cabinet/item/876/b88876-03_1.jpg?_ex=400x537&s=2&r=1',5,1,1,'',1,NULL,1444902689,NULL),(309,'SWING TRAPEZE','','','',17280,0,0,0,'b89559','http://thumbnail.image.rakuten.co.jp/@0_mall/stylife/cabinet/item/559/b89559-03_1.jpg?_ex=400x537&s=2&r=1',5,1,1,'',4,NULL,1444902689,1445585543),(310,'ショートブーツ','','','',14904,0,0,0,'b85522','http://thumbnail.image.rakuten.co.jp/@0_mall/stylife/cabinet/item/522/b85522-10_1.jpg?_ex=400x537&s=2&r=1',5,1,1,'',1,NULL,1444902689,NULL),(311,'DETCHABLE　BOTTLE','','','',15984,0,0,0,'b88857','http://thumbnail.image.rakuten.co.jp/@0_mall/stylife/cabinet/item/857/b88857-03_3.jpg?_ex=400x537&s=2&r=1',5,1,1,'',1,NULL,1444902689,NULL),(312,'WHIP COLOR FUR CLUTCH','','','',10476,0,0,0,'b88877','http://thumbnail.image.rakuten.co.jp/@0_mall/stylife/cabinet/item/877/b88877-01_1.jpg?_ex=400x537&s=2&r=1',5,1,1,'',4,NULL,1444902689,1445585589),(355,'カラーブロックドットシャツ','Blouses','条纹波点图案上衣','條紋波點圖案上衣',16200,0,0,0,'b86297','http://thumbnail.image.rakuten.co.jp/@0_mall/stylife/cabinet/item/297/b86297-01_1.jpg?_ex=400x537&s=2&r=1',8,0,1,'',1,NULL,1444902689,NULL),(356,'ボヘミアンファーベスト','Fur Vest','毛皮背心','毛皮背心',47520,0,0,0,'b86903','http://thumbnail.image.rakuten.co.jp/@0_mall/stylife/cabinet/item/903/b86903-01_1.jpg?_ex=400x537&s=2&r=1',8,0,0,'',4,NULL,1444902689,1445584365),(357,'ロングガウンコート','Long Coat','长大衣','長大衣',23760,0,0,0,'b86906','http://thumbnail.image.rakuten.co.jp/@0_mall/stylife/cabinet/item/906/b86906-03_1.jpg?_ex=400x537&s=2&r=1',8,0,1,'',1,NULL,1444902689,NULL),(358,'ボーダータートルニット','Turtle Neck Sweater','横纹高领毛衣','橫紋高領毛衣',14040,0,0,0,'b86303','http://thumbnail.image.rakuten.co.jp/@0_mall/stylife/cabinet/item/303/b86303-03_1.jpg?_ex=400x537&s=2&r=1',8,0,1,'',1,NULL,1444902689,NULL),(359,'メモリーカモフラージュギャザースカート','Mini Skirt','迷你裙','迷你裙',18360,0,0,0,'b86927','http://thumbnail.image.rakuten.co.jp/@0_mall/stylife/cabinet/item/927/b86927-01_1.jpg?_ex=400x537&s=2&r=1',8,0,1,'',1,NULL,1444902689,NULL),(360,'ボヘミアンレザーライダース','Riders Jacket','羊革皮褛','羊革皮褸',74520,0,0,0,'b86902','http://thumbnail.image.rakuten.co.jp/@0_mall/stylife/cabinet/item/902/b86902-01_1.jpg?_ex=400x537&s=2&r=1',8,0,1,'',1,NULL,1444902689,NULL),(361,'BOHOクラッチバッグ','Clutch bag','BOHO格纹手拿包','晚宴手拿包',12960,0,0,0,'b86285','http://thumbnail.image.rakuten.co.jp/@0_mall/stylife/cabinet/item/285/b86285-02_1.jpg?_ex=400x537&s=2&r=1',8,0,1,'',1,NULL,1444902689,NULL),(362,'マルチボーダーニット','Bordered Sweater','彩纹毛衣','彩紋毛衣',16200,0,0,0,'b86306','http://thumbnail.image.rakuten.co.jp/@0_mall/stylife/cabinet/item/306/b86306-01_1.jpg?_ex=400x537&s=2&r=1',8,0,1,'',1,NULL,1444902689,NULL),(363,'M-65ファーカフスブルゾン','Blouson','军款夹克','軍款大衣',39960,0,0,0,'b86901','http://thumbnail.image.rakuten.co.jp/@0_mall/stylife/cabinet/item/901/b86901-01_1.jpg?_ex=400x537&s=2&r=1',8,0,1,'',1,NULL,1444902689,NULL),(364,'リアルスエードフリンジスカート','Fringe Skirt','羊革流苏裙','羊革流蘇裙',35640,0,0,0,'b86322','http://thumbnail.image.rakuten.co.jp/@0_mall/stylife/cabinet/item/322/b86322-01_1.jpg?_ex=400x537&s=2&r=1',8,0,1,'',1,NULL,1444902689,NULL),(365,'BOHOクラッチバッグ','Clutch bag','BOHO格纹手拿包','BOHO格紋手拿包',12960,0,0,0,'b86285','http://thumbnail.image.rakuten.co.jp/@0_mall/stylife/cabinet/item/285/b86285-01_1.jpg?_ex=400x537&s=2&r=1',8,0,1,'',1,NULL,1444902689,NULL),(366,'パールインディゴGジャン','Denim Jacket','珍珠边牛仔夹克','珍珠邊牛仔外套',20520,0,0,0,'b86898','http://thumbnail.image.rakuten.co.jp/@0_mall/stylife/cabinet/item/898/b86898-01_1.jpg?_ex=400x537&s=2&r=1',8,0,1,'',1,NULL,1444902689,NULL),(367,'ネイティブジャガードスカート','Long Skirt','图案长裙','圖案長裙',19980,0,0,0,'b86314','http://thumbnail.image.rakuten.co.jp/@0_mall/stylife/cabinet/item/314/b86314-01_1.jpg?_ex=400x537&s=2&r=1',8,0,1,'',1,NULL,1444902689,NULL),(368,'BOHOジャガードロングカーディガン','Cardigan','长身图案毛衣','長身圖案毛衣',24840,0,0,0,'b86305','http://thumbnail.image.rakuten.co.jp/@0_mall/stylife/cabinet/item/305/b86305-01_1.jpg?_ex=400x537&s=2&r=1',8,0,1,'',1,NULL,1444902689,NULL),(369,'スエードフリンジバッグ','Shoulder Bag','流苏设计肩背包','流蘇設計肩背包',25920,0,0,0,'b86284','http://thumbnail.image.rakuten.co.jp/@0_mall/stylife/cabinet/item/284/b86284-01_1.jpg?_ex=400x537&s=2&r=1',8,0,1,'',1,NULL,1444902689,NULL),(370,'ブラックコーデュロイショートパンツ','Shorts','灯芯绒短裤','燈芯絨短褲',11880,0,0,0,'b86921','http://thumbnail.image.rakuten.co.jp/@0_mall/stylife/cabinet/item/921/b86921-01_1.jpg?_ex=400x537&s=2&r=1',8,0,1,'',1,NULL,1444902689,NULL),(371,'BOHOチュニック','Tunic','民族风罩衫','民族風罩衫',22680,0,0,0,'b86914','http://thumbnail.image.rakuten.co.jp/@0_mall/stylife/cabinet/item/914/b86914-01_1.jpg?_ex=400x537&s=2&r=1',8,0,1,'',1,NULL,1444902689,NULL),(372,'ボヘミアンファーベスト','Fur Vest','毛皮背心','毛皮背心',47520,0,0,0,'b86904','http://thumbnail.image.rakuten.co.jp/@0_mall/stylife/cabinet/item/904/b86904-01_1.jpg?_ex=400x537&s=2&r=1',8,0,0,'',4,NULL,1444902689,1445584550),(373,'ロングワンドパンツ','Wide Pants','宽裤子','寬褲子',19980,0,0,0,'b86922','http://thumbnail.image.rakuten.co.jp/@0_mall/stylife/cabinet/item/922/b86922-01_1.jpg?_ex=400x537&s=2&r=1',8,0,1,'',1,NULL,1444902689,NULL),(374,'シャイニードットリボンブラウス','Blouse','蕾丝透视上衣','蕾絲透視上衣',20520,0,0,0,'b86298','http://thumbnail.image.rakuten.co.jp/@0_mall/stylife/cabinet/item/298/b86298-01_1.jpg?_ex=400x537&s=2&r=1',8,0,1,'',1,NULL,1444902689,NULL),(375,'カーキロングコート','Long Coat','长身大衣','長身大衣',59400,0,0,0,'b93418','http://thumbnail.image.rakuten.co.jp/@0_mall/stylife/cabinet/item/418/b93418-01_1.jpg?_ex=400x537&s=2&r=1',8,0,1,'',1,NULL,1444902689,NULL),(376,'ギルドBOHOプリントシャツ','Blouse','蕾丝花边图案上衣','蕾絲花邊圖案上衣',19440,0,0,0,'b86299','http://thumbnail.image.rakuten.co.jp/@0_mall/stylife/cabinet/item/299/b86299-01_1.jpg?_ex=400x537&s=2&r=1',8,0,1,'',1,NULL,1444902689,NULL),(377,'バイカラ―カモフラジャケット','Jacket','西装夹克','西裝外套',35640,0,0,0,'b86897','http://thumbnail.image.rakuten.co.jp/@0_mall/stylife/cabinet/item/897/b86897-01_1.jpg?_ex=400x537&s=2&r=1',8,0,1,'',1,NULL,1444902689,NULL),(378,'カモフラワンドパンツ','Wide Pants','图案纹宽裤','圖案紋寬褲',19980,0,0,0,'b86319','http://thumbnail.image.rakuten.co.jp/@0_mall/stylife/cabinet/item/319/b86319-01_1.jpg?_ex=400x537&s=2&r=1',8,0,1,'',1,NULL,1444902689,NULL),(379,'カモフラージュクラッチバッグ','Clutch bag','迷彩手拿包','迷彩手拿包',17280,0,0,0,'b86283','http://thumbnail.image.rakuten.co.jp/@0_mall/stylife/cabinet/item/283/b86283-01_1.jpg?_ex=400x537&s=2&r=1',8,0,1,'',1,NULL,1444902689,NULL),(380,'フェイクカラードットスリーブドレス','Long Sleeved One-piece Dress','波点长袖连衣裙','波點長袖連衣裙',29160,0,0,0,'b93419','http://thumbnail.image.rakuten.co.jp/@0_mall/stylife/cabinet/item/419/b93419-01_1.jpg?_ex=400x537&s=2&r=1',8,0,1,'',1,NULL,1444902689,NULL),(381,'ミリタリーオールインワン','Overall','连身军款套装','連身軍款套裝',47520,0,0,0,'b86910','http://thumbnail.image.rakuten.co.jp/@0_mall/stylife/cabinet/item/910/b86910-01_1.jpg?_ex=400x537&s=2&r=1',8,0,1,'',1,NULL,1444902689,NULL),(382,'ラクーンファーニットキャップ','Knit Hat','针织冷帽','針織冷帽',6372,0,0,0,'b86323','http://thumbnail.image.rakuten.co.jp/@0_mall/stylife/cabinet/item/323/b86323-02_1.jpg?_ex=400x537&s=2&r=1',8,0,1,'',1,NULL,1444902689,NULL),(383,'ムートンコート','Mouton Coat','染色羊皮大衣','染色羊皮大衣',199800,0,0,0,'b91841','http://thumbnail.image.rakuten.co.jp/@0_mall/stylife/cabinet/item/841/b91841-01_1.jpg?_ex=400x537&s=2&r=1',8,0,1,'',1,NULL,1444902689,NULL),(393,'BULKY BOLUM KNIT TOP','Sweater','毛衣','毛衣',7452,0,0,0,'b93582','http://thumbnail.image.rakuten.co.jp/@0_mall/stylife/cabinet/item/582/b93582-02_1.jpg?_ex=400x537&s=2&r=1',10,0,1,'',1,NULL,1444902689,NULL),(394,'SIDE all ZIP RIB SK','Tight Skirt','紧裙子','燈籠褲',6372,0,0,0,'b93583','http://thumbnail.image.rakuten.co.jp/@0_mall/stylife/cabinet/item/583/b93583-07_1.jpg?_ex=400x537&s=2&r=1',10,0,1,'',1,NULL,1444902689,NULL),(395,'POINTED SQUAREHEEL PUMPS','Pumps','圆头平底鞋','圓頭平底鞋',10584,0,0,0,'b93585','http://thumbnail.image.rakuten.co.jp/@0_mall/stylife/cabinet/item/585/b93585-04_1.jpg?_ex=400x537&s=2&r=1',10,0,1,'',1,NULL,1444902689,NULL),(396,'H/N sideスリットknit','Sweater','毛衣','毛衣',7452,0,0,0,'b93586','http://thumbnail.image.rakuten.co.jp/@0_mall/stylife/cabinet/item/586/b93586-03_1.jpg?_ex=400x537&s=2&r=1',10,0,1,'',1,NULL,1444902689,NULL),(397,'WOOL TUCK RELAX PT','Pants','裤子','褲子',9612,0,0,0,'b93587','http://thumbnail.image.rakuten.co.jp/@0_mall/stylife/cabinet/item/587/b93587-03_1.jpg?_ex=400x537&s=2&r=1',10,0,1,'',1,NULL,1444902689,NULL),(398,'モッサマキシCO','Coat','大衣','大衣',14904,0,0,0,'b93591','http://thumbnail.image.rakuten.co.jp/@0_mall/stylife/cabinet/item/591/b93591-02_1.jpg?_ex=400x537&s=2&r=1',10,0,1,'',1,NULL,1444902689,NULL),(399,'ONE TONEスウェードブーティ','Pumps','短靴','踝靴',12744,0,0,0,'b93593','http://thumbnail.image.rakuten.co.jp/@0_mall/stylife/cabinet/item/593/b93593-01_1.jpg?_ex=400x537&s=2&r=1',10,0,1,'',1,NULL,1444902689,1445690324),(400,'EMODA×アルファ MA-1 tight','Blouson','夹克','夾克',27864,0,0,0,'b93595','http://thumbnail.image.rakuten.co.jp/@0_mall/stylife/cabinet/item/595/b93595-03_1.jpg?_ex=400x537&s=2&r=1',10,0,1,'',1,NULL,1444902689,NULL),(401,'BULKY BOLUM KNIT TOP','Sweater','毛衣','毛衣',7452,0,0,0,'b93582','http://thumbnail.image.rakuten.co.jp/@0_mall/stylife/cabinet/item/582/b93582-01_1.jpg?_ex=400x537&s=2&r=1',10,0,1,'',1,NULL,1444902689,NULL),(402,'POINTED SQUAREHEEL PUMPS','Pumps','圆头平底鞋','圓頭平底鞋',10584,0,0,0,'b93585','http://thumbnail.image.rakuten.co.jp/@0_mall/stylife/cabinet/item/585/b93585-01_1.jpg?_ex=400x537&s=2&r=1',10,0,1,'',1,NULL,1444902689,NULL),(403,'AWニットワッチ','Hat','冷帽','冷帽',1944,0,0,0,'b69627','http://thumbnail.image.rakuten.co.jp/@0_mall/lowrysfarm/cabinet/item/627/b69627-07_1.jpg?_ex=400x537&s=2&r=1',1,1,1,'',1,NULL,1444902689,NULL),(404,'N3B','Outerwear','毛领大衣','毛領大衣',18360,0,0,0,'b71382','http://thumbnail.image.rakuten.co.jp/@0_mall/lowrysfarm/cabinet/item/382/b71382-03_1.jpg?_ex=400x537&s=2&r=1',1,1,1,'',1,NULL,1444902689,NULL),(405,'サイドゴアブーツ','Short Boots','短皮靴','短皮靴',6480,0,0,0,'b72023','http://thumbnail.image.rakuten.co.jp/@0_mall/lowrysfarm/cabinet/item/023/b72023-04_1.jpg?_ex=400x537&s=2&r=1',1,1,1,'',1,NULL,1444902689,NULL),(406,'ネルチェックシャツ','Shirt','格纹衬衣','格紋襯衫',3780,0,0,0,'b41007','http://thumbnail.image.rakuten.co.jp/@0_mall/lowrysfarm/cabinet/item/007/b41007-03_1.jpg?_ex=400x537&s=2&r=1',1,1,1,'',1,NULL,1444902689,NULL),(407,'アソートデニムミニスカート','Mini Skirt','牛仔迷你裙','牛仔迷你裙',5400,0,0,0,'b62403','http://thumbnail.image.rakuten.co.jp/@0_mall/lowrysfarm/cabinet/item/403/b62403-04_1.jpg?_ex=400x537&s=2&r=1',1,1,1,'',4,NULL,1444902689,1445585773),(408,'スクエアリュック','Rucksacks','休闲背包','休閒背包',4860,0,0,0,'b42824','http://thumbnail.image.rakuten.co.jp/@0_mall/lowrysfarm/cabinet/item/824/b42824-02_1.jpg?_ex=400x537&s=2&r=1',1,1,1,'',1,NULL,1444902689,NULL),(409,'ケーブルロングカーディガン','Cardigans','开襟针织长毛衣','開襟針織長毛衣',6480,0,0,0,'b73835','http://thumbnail.image.rakuten.co.jp/@0_mall/lowrysfarm/cabinet/item/835/b73835-01_1.jpg?_ex=400x537&s=2&r=1',1,1,1,'',1,NULL,1444902689,NULL),(410,'5Gケーブルプルオーバー','Knit','针织毛衣','針織毛衣',4320,0,0,0,'b73834','http://thumbnail.image.rakuten.co.jp/@0_mall/lowrysfarm/cabinet/item/834/b73834-01_1.jpg?_ex=400x537&s=2&r=1',1,1,1,'',1,NULL,1444902689,NULL),(411,'ベーシックFLスニーカー','Sneakers','高跟运动鞋','高跟運動鞋',3780,0,0,0,'b60262','http://thumbnail.image.rakuten.co.jp/@0_mall/lowrysfarm/cabinet/item/262/b60262-05_1.jpg?_ex=400x537&s=2&r=1',1,1,1,'',4,NULL,1444902689,1445586039),(412,'フェイクファーコンフォートシューズ','Sandals','毛皮凉鞋','毛皮涼鞋',4860,0,0,0,'b67187','http://thumbnail.image.rakuten.co.jp/@0_mall/lowrysfarm/cabinet/item/187/b67187-01_1.jpg?_ex=400x537&s=2&r=1',1,1,1,'',1,NULL,1444902689,NULL),(413,'5Gケーブルワンピース','Knit One-Piece Dress','针织连身裙','針織連身裙',4860,0,0,0,'b73838','http://thumbnail.image.rakuten.co.jp/@0_mall/lowrysfarm/cabinet/item/838/b73838-01_1.jpg?_ex=400x537&s=2&r=1',1,1,1,'',1,NULL,1444902689,NULL),(414,'セーラークロップドパンツ','Pants','高腰裤子','高腰褲',6372,0,0,0,'b87519','http://thumbnail.image.rakuten.co.jp/@0_mall/lowrysfarm/cabinet/item/519/b87519-01_1.jpg?_ex=400x537&s=2&r=1',1,1,1,'',1,NULL,1444902689,NULL),(415,'カットワイドクロップドパンツ','Pants','阔身裤子','闊身褲',3780,0,0,0,'b63515','http://thumbnail.image.rakuten.co.jp/@0_mall/lowrysfarm/cabinet/item/515/b63515-03_1.jpg?_ex=400x537&s=2&r=1',1,1,1,'',1,NULL,1444902689,NULL),(416,'フェイクファーHAT','Hat','毛皮圆筒帽','毛皮圓筒帽',3780,0,0,0,'b88626','http://thumbnail.image.rakuten.co.jp/@0_mall/lowrysfarm/cabinet/item/626/b88626-02_1.jpg?_ex=400x537&s=2&r=1',1,1,1,'',1,NULL,1444902689,NULL),(417,'ネイティブジャガードストール','Stole','图案披肩','圖案披肩',3024,0,0,0,'b84856','http://thumbnail.image.rakuten.co.jp/@0_mall/lowrysfarm/cabinet/item/856/b84856-01_1.jpg?_ex=400x537&s=2&r=1',1,1,1,'',1,NULL,1444902689,NULL),(418,'サイドゴアブーツ','Short Boots','短皮靴','短皮靴',6480,0,0,0,'b72023','http://thumbnail.image.rakuten.co.jp/@0_mall/lowrysfarm/cabinet/item/023/b72023-10_1.jpg?_ex=400x537&s=2&r=1',1,1,1,'',1,NULL,1444902689,NULL),(419,'Wフェイスモッサフードコート','Half Coat','连帽大衣','連帽大衣',14040,0,0,0,'b71381','http://thumbnail.image.rakuten.co.jp/@0_mall/lowrysfarm/cabinet/item/381/b71381-05_1.jpg?_ex=400x537&s=2&r=1',1,1,1,'',1,NULL,1444902689,NULL),(420,'ノーカラーGジャン','Jumper','圆领牛仔夹克','圓領牛仔褸',4212,0,0,0,'b41009','http://thumbnail.image.rakuten.co.jp/@0_mall/lowrysfarm/cabinet/item/009/b41009-01_1.jpg?_ex=400x537&s=2&r=1',1,1,1,'',4,NULL,1444902689,1445585849),(421,'ラップミディスカート','Skirts','高腰折叠裙子','高腰摺疊裙',6372,0,0,0,'b63510','http://thumbnail.image.rakuten.co.jp/@0_mall/lowrysfarm/cabinet/item/510/b63510-01_1.jpg?_ex=400x537&s=2&r=1',1,1,1,'',1,NULL,1444902689,NULL),(422,'レースUPブーツ','Short Boots','短皮靴','短皮靴',7020,0,0,0,'b88627','http://thumbnail.image.rakuten.co.jp/@0_mall/lowrysfarm/cabinet/item/627/b88627-03_1.jpg?_ex=400x537&s=2&r=1',1,1,1,'',4,NULL,1444902689,1445681514),(423,'キルティングブルゾン','Blouson','绒心大衣','絨心大衣',5292,0,0,0,'b70623','http://thumbnail.image.rakuten.co.jp/@0_mall/lowrysfarm/cabinet/item/623/b70623-01_1.jpg?_ex=400x537&s=2&r=1',1,1,1,'',4,NULL,1444902689,1445585912),(424,'Cギャザーシャツ','Shirt','真纹长身衬衫','真紋長身襯衫',4212,0,0,0,'b60265','http://thumbnail.image.rakuten.co.jp/@0_mall/lowrysfarm/cabinet/item/265/b60265-01_1.jpg?_ex=400x537&s=2&r=1',1,1,1,'',4,NULL,1444902689,1445585931),(425,'Fムートンブーツ','Short Boots','短毛靴','短毛靴',4212,0,0,0,'b87523','http://thumbnail.image.rakuten.co.jp/@0_mall/lowrysfarm/cabinet/item/523/b87523-03_1.jpg?_ex=400x537&s=2&r=1',1,1,1,'',1,NULL,1444902689,NULL),(426,'フェイクファーコンフォートシューズ','Sandals','毛皮凉鞋','毛皮涼鞋',4860,0,0,0,'b67187','http://thumbnail.image.rakuten.co.jp/@0_mall/lowrysfarm/cabinet/item/187/b67187-05_1.jpg?_ex=400x537&s=2&r=1',1,1,1,'',1,NULL,1444902689,NULL),(436,'M*FファーBIGラペルジャケット','Fur Jacket','毛皮夹克','毛皮大衣',10584,0,0,0,'b86865','http://thumbnail.image.rakuten.co.jp/@0_mall/heather/cabinet/item/865/b86865-01_1.jpg?_ex=400x537&s=2&r=1',2,1,1,'',1,NULL,1444902689,NULL),(437,'アソートダメージボーイフレンドパンツ','Jeans','贴布牛仔裤','貼布牛仔褲',7452,0,0,0,'b68332','http://thumbnail.image.rakuten.co.jp/@0_mall/heather/cabinet/item/332/b68332-01_1.jpg?_ex=400x537&s=2&r=1',2,1,1,'',1,NULL,1444902689,NULL),(438,'ボトルネックインナー','Cut and Sewn','针织上衣','針織上衣',4212,0,0,0,'b71069','http://thumbnail.image.rakuten.co.jp/@0_mall/heather/cabinet/item/069/b71069-01_1.jpg?_ex=400x537&s=2&r=1',2,1,1,'',1,NULL,1444902689,NULL),(439,'ポインテッドパンプス','Pumps','尖头高跟鞋','尖頭高跟鞋',5292,0,0,0,'b65226','http://thumbnail.image.rakuten.co.jp/@0_mall/heather/cabinet/item/226/b65226-05_1.jpg?_ex=400x537&s=2&r=1',2,1,1,'',1,NULL,1444902689,NULL),(440,'HNビジューニットPO','Sweaters','长袖针织毛衣','長袖針織毛衣',5292,0,0,0,'b88616','http://thumbnail.image.rakuten.co.jp/@0_mall/heather/cabinet/item/616/b88616-02_1.jpg?_ex=400x537&s=2&r=1',2,1,1,'',1,NULL,1444902689,NULL),(441,'リボンVオールインワン','Overall','连身套装','連身套裝',5292,0,0,0,'b83440','http://thumbnail.image.rakuten.co.jp/@0_mall/heather/cabinet/item/440/b83440-02_1.jpg?_ex=400x537&s=2&r=1',2,1,1,'',4,NULL,1444902689,1445585189),(442,'リボンタイブラウス','Long-sleeved Blouse','长袖衬衫','長袖襯衫',4212,0,0,0,'b84839','http://thumbnail.image.rakuten.co.jp/@0_mall/heather/cabinet/item/839/b84839-01_1.jpg?_ex=400x537&s=2&r=1',2,1,1,'',1,NULL,1444902689,NULL),(443,'フェイクスエードフリルショートパンツ','Shorts','短裤裙子','短褲裙',5292,0,0,0,'b86251','http://thumbnail.image.rakuten.co.jp/@0_mall/heather/cabinet/item/251/b86251-02_1.jpg?_ex=400x537&s=2&r=1',2,1,1,'',1,NULL,1444902689,NULL),(444,'M*ポインテッドパンプス','Pumps','尖头高跟鞋','尖頭高跟鞋',7452,0,0,0,'b46894','http://thumbnail.image.rakuten.co.jp/@0_mall/heather/cabinet/item/894/b46894-01_1.jpg?_ex=400x537&s=2&r=1',2,1,1,'',1,NULL,1444902689,NULL),(445,'モッサチェスターコート','Chesterfield coat','长身大衣','長身大衣',11664,0,0,0,'b86249','http://thumbnail.image.rakuten.co.jp/@0_mall/heather/cabinet/item/249/b86249-01_1.jpg?_ex=400x537&s=2&r=1',2,1,1,'',4,NULL,1444902689,1445585241),(446,'ヒールサイドゴアブーツ','Short Boots','高跟短皮靴','高跟短皮靴',9180,0,0,0,'b62390','http://thumbnail.image.rakuten.co.jp/@0_mall/heather/cabinet/item/390/b62390-01_1.jpg?_ex=400x537&s=2&r=1',2,1,1,'',4,NULL,1444902689,1445585267),(447,'クラシックFLWキュロット','Culottes','高腰图案短裙','高腰圖案短裙',5292,0,0,0,'b68898','http://thumbnail.image.rakuten.co.jp/@0_mall/heather/cabinet/item/898/b68898-03_1.jpg?_ex=400x537&s=2&r=1',2,1,1,'',1,NULL,1444902689,NULL),(448,'M*BIGラペルマキシJK','Coat','长身风衣','長身風衣',6372,0,0,0,'b66079','http://thumbnail.image.rakuten.co.jp/@0_mall/heather/cabinet/item/079/b66079-02_1.jpg?_ex=400x537&s=2&r=1',2,1,1,'',4,NULL,1444902689,1445585281),(449,'PUレースアップブーツ','Shoes','高跟皮靴','高跟皮靴',8532,0,0,0,'b62389','http://thumbnail.image.rakuten.co.jp/@0_mall/heather/cabinet/item/389/b62389-01_1.jpg?_ex=400x537&s=2&r=1',2,1,1,'',1,NULL,1444902689,NULL),(450,'HNウラケBIGプルオーバー','Sweat','长袖套衣','長袖套衣',4860,0,0,0,'b87515','http://thumbnail.image.rakuten.co.jp/@0_mall/heather/cabinet/item/515/b87515-02_1.jpg?_ex=400x537&s=2&r=1',2,1,1,'',1,NULL,1444902689,NULL),(451,'カットCOLORミドルスカート','Tight Skirt','圆筒长裙','圓筒長裙',4212,0,0,0,'b78398','http://thumbnail.image.rakuten.co.jp/@0_mall/heather/cabinet/item/398/b78398-03_1.jpg?_ex=400x537&s=2&r=1',2,1,1,'',1,NULL,1444902689,NULL),(452,'Rキモウチェックシャツ','Long Sleeve Shirt','格纹长袖衬衫','格紋長袖襯衫',4212,0,0,0,'b83441','http://thumbnail.image.rakuten.co.jp/@0_mall/heather/cabinet/item/441/b83441-03_1.jpg?_ex=400x537&s=2&r=1',2,1,1,'',1,NULL,1444902689,NULL),(510,'(L)knit long cardigan','Cardigans','开襟毛衣','開襟毛衣',5389,0,0,0,'b89925','http://thumbnail.image.rakuten.co.jp/@0_mall/wego/cabinet/item/925/b89925-02_1.jpg?_ex=400x537&s=2&r=1',4,1,1,'',9,NULL,1444902689,1445585901),(511,'(L)88パーカー','Parker','派克','派克',2149,0,0,0,'b84408','http://thumbnail.image.rakuten.co.jp/@0_mall/wego/cabinet/item/408/b84408-01_1.jpg?_ex=400x537&s=2&r=1',4,1,1,'',9,NULL,1444902689,1445585915),(512,'(L)フェルトベレー','Hats','帽子','帽子',1393,0,0,0,'b63010','http://thumbnail.image.rakuten.co.jp/@0_mall/wego/cabinet/item/010/b63010-06_1.jpg?_ex=400x537&s=2&r=1',4,1,1,'',9,NULL,1444902689,1445585946),(513,'(L)トレッキングブーツ2','Boots','靴','靴',5389,0,0,0,'b66016','http://thumbnail.image.rakuten.co.jp/@0_mall/wego/cabinet/item/016/b66016-07_1.jpg?_ex=400x537&s=2&r=1',4,1,1,'',9,NULL,1444902689,1445585984),(514,'(L)チュールスリーブパールスウェット','Sweat','运动裤','運動褲',3229,0,0,0,'b74553','http://thumbnail.image.rakuten.co.jp/@0_mall/wego/cabinet/item/553/b74553-01_1.jpg?_ex=400x537&s=2&r=1',4,1,1,'',9,NULL,1444902689,1445586001),(515,'(L)ネルチェックシャツ','Shirt','衬衣','襯衫',2149,0,0,0,'b46009','http://thumbnail.image.rakuten.co.jp/@0_mall/wego/cabinet/item/009/b46009-07_1.jpg?_ex=400x537&s=2&r=1',4,1,1,'',9,NULL,1444902689,1445586017),(516,'(L)ダブルチュールプリーツスカート','Pleated Skirt','褶裙','褶裙',3229,0,0,0,'b74519','http://thumbnail.image.rakuten.co.jp/@0_mall/wego/cabinet/item/519/b74519-02_1.jpg?_ex=400x537&s=2&r=1',4,1,1,'',9,NULL,1444902689,1445586029),(517,'(L)ポンポン付ソックス','Socks','袜子','襪子',378,0,0,0,'b91215','http://thumbnail.image.rakuten.co.jp/@0_mall/wego/cabinet/item/215/b91215-01_1.jpg?_ex=400x537&s=2&r=1',4,1,1,'',9,NULL,1444902689,1445586043),(518,'(L)ボリュームソールパンプス','Pumps','圆头平底鞋','圓頭平底鞋',3229,0,0,0,'b50597','http://thumbnail.image.rakuten.co.jp/@0_mall/wego/cabinet/item/597/b50597-01_1.jpg?_ex=400x537&s=2&r=1',4,1,1,'',9,NULL,1444902689,1445582522),(519,'(L)レースアップスウェット','Sweat','运动裤','運動褲',2149,0,0,0,'b74540','http://thumbnail.image.rakuten.co.jp/@0_mall/wego/cabinet/item/540/b74540-03_1.jpg?_ex=400x537&s=2&r=1',4,1,1,'',9,NULL,1444902689,1445586057),(520,'(L)リブハイネックセーター','Knit','针织衫','針織品',2149,0,0,0,'b65352','http://thumbnail.image.rakuten.co.jp/@0_mall/wego/cabinet/item/352/b65352-01_1.jpg?_ex=400x537&s=2&r=1',4,1,1,'',9,NULL,1444902689,1445586070),(521,'(L)チェックプリーツスカート','Pleated Skirt','褶裙','褶裙',3229,0,0,0,'b43128','http://thumbnail.image.rakuten.co.jp/@0_mall/wego/cabinet/item/128/b43128-04_1.jpg?_ex=400x537&s=2&r=1',4,1,1,'',9,NULL,1444902689,1445586084),(522,'(L)PinkCarサガラトートバック','Tote Bags','手提袋','手提袋',2797,0,0,0,'b91245','http://thumbnail.image.rakuten.co.jp/@0_mall/wego/cabinet/item/245/b91245-03_1.jpg?_ex=400x537&s=2&r=1',4,1,1,'',9,NULL,1444902689,1445586121),(523,'(L)スリーラインソックス','Socks','袜子','襪子',378,0,0,0,'b67292','http://thumbnail.image.rakuten.co.jp/@0_mall/wego/cabinet/item/292/b67292-04_1.jpg?_ex=400x537&s=2&r=1',4,1,1,'',9,NULL,1444902689,1445586178),(524,'(L)厚底ウェッジパンプス','Pumps','圆头平底鞋','圓頭平底鞋',3229,0,0,0,'b67605','http://thumbnail.image.rakuten.co.jp/@0_mall/wego/cabinet/item/605/b67605-07_1.jpg?_ex=400x537&s=2&r=1',4,1,1,'',9,NULL,1444902689,1445586190),(525,'(L)レースアップスウェット','Sweat','运动裤','運動褲',2149,0,0,0,'b74540','http://thumbnail.image.rakuten.co.jp/@0_mall/wego/cabinet/item/540/b74540-02_1.jpg?_ex=400x537&s=2&r=1',4,1,1,'',9,NULL,1444902689,1445586213),(526,'(L)ベーシックシャツ','Shirt','衬衣','襯衫',2149,0,0,0,'b63395','http://thumbnail.image.rakuten.co.jp/@0_mall/wego/cabinet/item/395/b63395-02_1.jpg?_ex=400x537&s=2&r=1',4,1,1,'',9,NULL,1444902689,1445586224),(527,'(L)プリーツミニスカート','Pleated Skirt','褶裙','褶裙',3229,0,0,0,'b93439','http://thumbnail.image.rakuten.co.jp/@0_mall/wego/cabinet/item/439/b93439-01_1.jpg?_ex=400x537&s=2&r=1',4,1,1,'',9,NULL,1444902689,1445586243),(528,'(L)クシュクシュソックス','Socks','袜子','襪子',378,0,0,0,'b73953','http://thumbnail.image.rakuten.co.jp/@0_mall/wego/cabinet/item/953/b73953-06_1.jpg?_ex=400x537&s=2&r=1',4,1,1,'',9,NULL,1444902689,1445586258),(529,'(L)スウェットスタジャン','Award Jacket','运动夹克','運動夾克',3229,0,0,0,'b74555','http://thumbnail.image.rakuten.co.jp/@0_mall/wego/cabinet/item/555/b74555-02_1.jpg?_ex=400x537&s=2&r=1',4,1,1,'',9,NULL,1444902689,1445586281),(530,'(L)フェイクスエードロゴキャップ','Cap','运动帽','運動帽',2149,0,0,0,'b84412','http://thumbnail.image.rakuten.co.jp/@0_mall/wego/cabinet/item/412/b84412-04_1.jpg?_ex=400x537&s=2&r=1',4,1,1,'',9,NULL,1444902689,1445586304),(531,'(L)PINKパーカー','Parker','派克','派克',2149,0,0,0,'b85451','http://thumbnail.image.rakuten.co.jp/@0_mall/wego/cabinet/item/451/b85451-02_1.jpg?_ex=400x537&s=2&r=1',4,1,1,'',9,NULL,1444902689,1445586340),(532,'(L)ピストルイヤリング','Round Earrings','耳环','耳環',590,0,0,0,'b50933','http://thumbnail.image.rakuten.co.jp/@0_mall/wego/cabinet/item/933/b50933-01_1.jpg?_ex=400x537&s=2&r=1',4,1,1,'',1,NULL,1444902689,NULL),(533,'(L)ダブルベルトナイロンリュック','Rucksacks','背包','後背包',3229,0,0,0,'b91244','http://thumbnail.image.rakuten.co.jp/@0_mall/wego/cabinet/item/244/b91244-04_1.jpg?_ex=400x537&s=2&r=1',4,1,1,'',9,NULL,1444902689,1445586357),(534,'(L)3ラインソックス','Socks','袜子','襪子',378,0,0,0,'b67291','http://thumbnail.image.rakuten.co.jp/@0_mall/wego/cabinet/item/291/b67291-01_1.jpg?_ex=400x537&s=2&r=1',4,1,1,'',9,NULL,1444902689,1445586370),(535,'(L)ファーサボサンダル','Sandals','凉鞋','涼鞋',3877,0,0,0,'b64987','http://thumbnail.image.rakuten.co.jp/@0_mall/wego/cabinet/item/987/b64987-03_1.jpg?_ex=400x537&s=2&r=1',4,1,1,'',9,NULL,1444902689,1445582746),(536,'(L)リブハイネックセーター','Knit','针织衫','針織品',2149,0,0,0,'b65352','http://thumbnail.image.rakuten.co.jp/@0_mall/wego/cabinet/item/352/b65352-06_1.jpg?_ex=400x537&s=2&r=1',4,1,1,'',9,NULL,1444902689,1445586387),(537,'(L)リメイクデニムマキシスカート','Maxi Skirt','長身連身大衣','',3877,0,0,0,'b74544','http://thumbnail.image.rakuten.co.jp/@0_mall/wego/cabinet/item/544/b74544-02_1.jpg?_ex=400x537&s=2&r=1',4,1,1,'',9,NULL,1444902689,1445586423),(538,'(L)厚底PUスニーカー','Sneakers','布鞋','布鞋',4309,0,0,0,'b60005','http://thumbnail.image.rakuten.co.jp/@0_mall/wego/cabinet/item/005/b60005-05_1.jpg?_ex=400x537&s=2&r=1',4,1,1,'',9,NULL,1444902689,1445582765),(539,'(L)ダブルベルトナイロンリュック','Rucksacks','背包','後背包',3229,0,0,0,'b91244','http://thumbnail.image.rakuten.co.jp/@0_mall/wego/cabinet/item/244/b91244-02_1.jpg?_ex=400x537&s=2&r=1',4,1,1,'',9,NULL,1444902689,1445586456),(540,'(L)バックロゴスタジャン','Award Jacket','运动夹克','運動夾克',6469,0,0,0,'b70891','http://thumbnail.image.rakuten.co.jp/@0_mall/wego/cabinet/item/891/b70891-03_1.jpg?_ex=400x537&s=2&r=1',4,1,1,'',9,NULL,1444902689,1445586474),(541,'(L)ハイネックT','T Shirt','T恤','T恤',1393,0,0,0,'b80189','http://thumbnail.image.rakuten.co.jp/@0_mall/wego/cabinet/item/189/b80189-02_1.jpg?_ex=400x537&s=2&r=1',4,1,1,'',9,NULL,1444902689,1445582787),(542,'(L)ボリュームシューズ','Sneakers','布鞋','布鞋',3229,0,0,0,'b69323','http://thumbnail.image.rakuten.co.jp/@0_mall/wego/cabinet/item/323/b69323-01_1.jpg?_ex=400x537&s=2&r=1',4,1,1,'',9,NULL,1444902689,1445582804),(543,'(L)クシュクシュソックス','Socks','袜子','襪子',378,0,0,0,'b03354','http://thumbnail.image.rakuten.co.jp/@0_mall/wego/cabinet/item/354/b03354-01_1.jpg?_ex=400x537&s=2&r=1',4,1,1,'',9,NULL,1444902689,1445586493),(544,'(L)バックロゴスタジャン','Award Jacket','运动夹克','運動夾克',6469,0,0,0,'b70891','http://thumbnail.image.rakuten.co.jp/@0_mall/wego/cabinet/item/891/b70891-09_1.jpg?_ex=400x537&s=2&r=1',4,1,1,'',9,NULL,1444902689,1445586513),(545,'(L)ハートクロップドPO','Pullover','套衫','套衫',3229,0,0,0,'b74552','http://thumbnail.image.rakuten.co.jp/@0_mall/wego/cabinet/item/552/b74552-02_1.jpg?_ex=400x537&s=2&r=1',4,1,1,'',9,NULL,1444902689,1445586531),(546,'(L)サイドレースアップショートパンツ','Shorts','短裤','短褲',3229,0,0,0,'b75577','http://thumbnail.image.rakuten.co.jp/@0_mall/wego/cabinet/item/577/b75577-03_1.jpg?_ex=400x537&s=2&r=1',4,1,1,'',9,NULL,1444902689,1445586548),(547,'(L)クシュクシュソックス','Socks','袜子','襪子',378,0,0,0,'b03354','http://thumbnail.image.rakuten.co.jp/@0_mall/wego/cabinet/item/354/b03354-05_1.jpg?_ex=400x537&s=2&r=1',4,1,1,'',9,NULL,1444902689,1445586568),(548,'(L)ボリュームシューズ','Sneakers','布鞋','布鞋',3229,0,0,0,'b69323','http://thumbnail.image.rakuten.co.jp/@0_mall/wego/cabinet/item/323/b69323-03_1.jpg?_ex=400x537&s=2&r=1',4,1,1,'',9,NULL,1444902689,1445582862),(549,'(L)MA-1','Blouson','夹克','夾克',5389,0,0,0,'b86388','http://thumbnail.image.rakuten.co.jp/@0_mall/wego/cabinet/item/388/b86388-02_1.jpg?_ex=400x537&s=2&r=1',4,1,1,'',9,NULL,1444902689,1445586589),(550,'(L)オーガンジーラインスウェット','Sweat','运动裤','運動褲',2149,0,0,0,'b74554','http://thumbnail.image.rakuten.co.jp/@0_mall/wego/cabinet/item/554/b74554-01_1.jpg?_ex=400x537&s=2&r=1',4,1,1,'',9,NULL,1444902689,1445582986),(551,'(L)チャンキーニットスヌード','Snood','发网','脖圍',1717,0,0,0,'b91208','http://thumbnail.image.rakuten.co.jp/@0_mall/wego/cabinet/item/208/b91208-02_1.jpg?_ex=400x537&s=2&r=1',4,1,1,'',9,NULL,1444902689,1445583007),(552,'(L)クシュクシュソックス','Socks','袜子','襪子',378,0,0,0,'b73953','http://thumbnail.image.rakuten.co.jp/@0_mall/wego/cabinet/item/953/b73953-07_1.jpg?_ex=400x537&s=2&r=1',4,1,1,'',9,NULL,1444902689,1445586608),(553,'(L)厚底ベーシックスニーカー','Sneakers','布鞋','布鞋',4309,0,0,0,'b69320','http://thumbnail.image.rakuten.co.jp/@0_mall/wego/cabinet/item/320/b69320-03_1.jpg?_ex=400x537&s=2&r=1',4,1,1,'',9,NULL,1444902689,1445583026),(554,'(L)フェザーゴム','Hair accessories','发饰','髮飾',421,0,0,0,'b83647','http://thumbnail.image.rakuten.co.jp/@0_mall/wego/cabinet/item/647/b83647-02_1.jpg?_ex=400x537&s=2&r=1',4,1,1,'',9,NULL,1444902689,1445586651),(555,'(L)ロングダッフルコート','','','',7549,0,0,0,'b89415','http://thumbnail.image.rakuten.co.jp/@0_mall/wego/cabinet/item/415/b89415-02_1.jpg?_ex=400x537&s=2&r=1',4,1,1,'',9,NULL,1444902689,1445586686),(556,'(L)フェルトベレー','','','',1393,0,0,0,'b63010','http://thumbnail.image.rakuten.co.jp/@0_mall/wego/cabinet/item/010/b63010-03_1.jpg?_ex=400x537&s=2&r=1',4,1,1,'',9,NULL,1444902689,1445585964),(557,'(L)厚底ウェッジパンプス','','','',3229,0,0,0,'b67605','http://thumbnail.image.rakuten.co.jp/@0_mall/wego/cabinet/item/605/b67605-03_1.jpg?_ex=400x537&s=2&r=1',4,1,1,'',9,NULL,1444902689,1445586713),(558,'(L)チェックチェスターコート','','','',7549,0,0,0,'b92850','http://thumbnail.image.rakuten.co.jp/@0_mall/wego/cabinet/item/850/b92850-01_1.jpg?_ex=400x537&s=2&r=1',4,1,1,'',9,NULL,1444902689,1445586735),(559,'(L)メロウフリルリブタートルセーター','','','',2149,0,0,0,'b93820','http://thumbnail.image.rakuten.co.jp/@0_mall/wego/cabinet/item/820/b93820-02_1.jpg?_ex=400x537&s=2&r=1',4,1,1,'',9,NULL,1444902689,1445586766),(560,'(L)サイドレースアップショートパンツ','','','',3229,0,0,0,'b75577','http://thumbnail.image.rakuten.co.jp/@0_mall/wego/cabinet/item/577/b75577-01_1.jpg?_ex=400x537&s=2&r=1',4,1,1,'',9,NULL,1444902689,1445586790),(561,'(L)riders jacket','','','',6469,0,0,0,'b73362','http://thumbnail.image.rakuten.co.jp/@0_mall/wego/cabinet/item/362/b73362-01_1.jpg?_ex=400x537&s=2&r=1',4,1,1,'',9,NULL,1444902689,1445586806),(562,'(L)101セーター','','','',4309,0,0,0,'b91246','http://thumbnail.image.rakuten.co.jp/@0_mall/wego/cabinet/item/246/b91246-02_1.jpg?_ex=400x537&s=2&r=1',4,1,1,'',9,NULL,1444902689,1445586826),(563,'(L)プリーツミニスカート','','','',3229,0,0,0,'b93439','http://thumbnail.image.rakuten.co.jp/@0_mall/wego/cabinet/item/439/b93439-02_1.jpg?_ex=400x537&s=2&r=1',4,1,1,'',9,NULL,1444902689,1445586848),(564,'(L)ベーシックシャツ','','','',2149,0,0,0,'b63395','http://thumbnail.image.rakuten.co.jp/@0_mall/wego/cabinet/item/395/b63395-04_1.jpg?_ex=400x537&s=2&r=1',4,1,1,'',9,NULL,1444902689,1445586866),(565,'(L)チャンキーニットキャップ','','','',2149,0,0,0,'b91207','http://thumbnail.image.rakuten.co.jp/@0_mall/wego/cabinet/item/207/b91207-02_1.jpg?_ex=400x537&s=2&r=1',4,1,1,'',9,NULL,1444902689,1445586885),(566,'(L)ボリュームソールパンプス','','','',3229,0,0,0,'b50597','http://thumbnail.image.rakuten.co.jp/@0_mall/wego/cabinet/item/597/b50597-03_1.jpg?_ex=400x537&s=2&r=1',4,1,1,'',9,NULL,1444902689,1445582494),(567,'(M)センタープレステーパードデニム','','','',3990,0,0,0,'b64027','http://thumbnail.image.rakuten.co.jp/@0_mall/wego/cabinet/item/027/b64027-01_1.jpg?_ex=400x537&s=2&r=1',4,1,1,'',1,NULL,1444902689,NULL),(568,'ウールレトロコクーンワンピース','','','',9612,0,0,0,'b96939','http://thumbnail.image.rakuten.co.jp/@0_mall/stylife/cabinet/item/939/b96939-05_1.jpg?_ex=400x537&s=2&r=1',16,1,1,'',9,NULL,1444902689,1445584238),(569,'厚底アンクルブーティ','','','',8532,0,0,0,'b96940','http://thumbnail.image.rakuten.co.jp/@0_mall/stylife/cabinet/item/940/b96940-03_1.jpg?_ex=400x537&s=2&r=1',16,1,1,'',9,NULL,1444902689,1445584252),(570,'ファーチェーンBAG','','','',7452,0,0,0,'b96941','http://thumbnail.image.rakuten.co.jp/@0_mall/stylife/cabinet/item/941/b96941-03_1.jpg?_ex=400x537&s=2&r=1',16,1,1,'',9,NULL,1444902689,1445584274),(571,'モンスターコート','','','',18360,0,0,0,'b96934','http://thumbnail.image.rakuten.co.jp/@0_mall/stylife/cabinet/item/934/b96934-02_1.jpg?_ex=400x537&s=2&r=1',16,1,1,'',9,NULL,1444902689,1445584295),(572,'Bohemian刺繍ニットトップス','','','',5900,0,0,0,'','',16,1,1,'',1,NULL,1444902689,NULL),(573,'ダブルフェイススリットSK','','','',7452,0,0,0,'b96936','http://thumbnail.image.rakuten.co.jp/@0_mall/stylife/cabinet/item/936/b96936-01_1.jpg?_ex=400x537&s=2&r=1',16,1,1,'',9,NULL,1444902689,1445584329),(574,'ファィクスエードライダース','','','',11880,0,0,0,'b96937','http://thumbnail.image.rakuten.co.jp/@0_mall/stylife/cabinet/item/937/b96937-05_1.jpg?_ex=400x537&s=2&r=1',16,1,1,'',9,NULL,1444902689,1445584346),(575,'インヒールブーティ','','','',7900,0,0,0,'','',16,1,1,'',1,NULL,1444902689,NULL),(576,'ショールカラーチェックチェスターコート','','','',27000,0,0,0,'','',16,1,1,'',1,NULL,1444902689,NULL),(577,'フロント釦スカート','','','',7452,0,0,0,'b96943','http://thumbnail.image.rakuten.co.jp/@0_mall/stylife/cabinet/item/943/b96943-01_1.jpg?_ex=400x537&s=2&r=1',16,1,1,'',9,NULL,1444902689,1445584369),(578,'ニットベレー帽','','','',3900,0,0,0,'','',16,1,1,'',1,NULL,1444902689,NULL),(579,'merciバック','','','',7900,0,0,0,'','',16,1,1,'',1,NULL,1444902689,NULL),(580,'プチプライスショートブーツ','','','',6372,0,0,0,'b96933','http://thumbnail.image.rakuten.co.jp/@0_mall/stylife/cabinet/item/933/b96933-04_1.jpg?_ex=400x537&s=2&r=1',16,1,1,'',9,NULL,1444902689,1445584389),(581,'ボリュームネック2WAY　OP','','','',16200,0,0,0,'b96959','http://thumbnail.image.rakuten.co.jp/@0_mall/stylife/cabinet/item/959/b96959-02_1.jpg?_ex=400x537&s=2&r=1',16,1,1,'',9,NULL,1444902689,1445584415),(582,'バイカラ―ショルダーバック','','','',15000,0,0,0,'','',16,1,1,'',1,NULL,1444902689,NULL),(583,'ラウンドトゥ　ニ―ハイブーツ','','','',9612,0,0,0,'b96960','http://thumbnail.image.rakuten.co.jp/@0_mall/stylife/cabinet/item/960/b96960-05_1.jpg?_ex=400x537&s=2&r=1',16,1,1,'',9,NULL,1444902689,1445584439),(584,'中綿ボアZIPブルゾン','','','',14040,0,0,0,'b96947','http://thumbnail.image.rakuten.co.jp/@0_mall/stylife/cabinet/item/947/b96947-02_1.jpg?_ex=400x537&s=2&r=1',16,1,1,'',9,NULL,1444902689,1445584463),(585,'マルチボーダータイトスカート','','','',7452,0,0,0,'b96949','http://thumbnail.image.rakuten.co.jp/@0_mall/stylife/cabinet/item/949/b96949-01_1.jpg?_ex=400x537&s=2&r=1',16,1,1,'',9,NULL,1444902689,1445584475),(586,'インヒールブーティ','','','',7900,0,0,0,'','',16,1,1,'',1,NULL,1444902689,NULL),(587,'カシミアタッチ長袖リブハイネック','','','',4212,0,0,0,'b96948','http://thumbnail.image.rakuten.co.jp/@0_mall/stylife/cabinet/item/948/b96948-02_1.jpg?_ex=400x537&s=2&r=1',16,1,1,'',9,NULL,1444902689,1445584502),(588,'ラグランチェスターコート','','','',29160,0,0,0,'b96955','http://thumbnail.image.rakuten.co.jp/@0_mall/stylife/cabinet/item/955/b96955-02_1.jpg?_ex=400x537&s=2&r=1',16,1,1,'',9,NULL,1444902689,1445584555),(589,'ベーシックボーダーニットTOPS','','','',5900,0,0,0,'','',16,1,1,'',1,NULL,1444902689,NULL),(590,'サイクルカットデニムジャンスカ','','','',11880,0,0,0,'b96957','http://thumbnail.image.rakuten.co.jp/@0_mall/stylife/cabinet/item/957/b96957-02_1.jpg?_ex=400x537&s=2&r=1',16,1,1,'',9,NULL,1444902689,1445584575),(591,'アンゴラ混ふわふわベレー帽','','','',3900,0,0,0,'','',16,1,1,'',1,NULL,1444902689,NULL),(592,'厚底アンクルブーティ','','','',8532,0,0,0,'b96940','http://thumbnail.image.rakuten.co.jp/@0_mall/stylife/cabinet/item/940/b96940-05_1.jpg?_ex=400x537&s=2&r=1',16,1,1,'',9,NULL,1444902689,1445584602),(593,'merciバック','','','',38880,0,0,0,'','',16,1,1,'',9,NULL,1444902689,1445584624),(594,'パステルカラーロングコート','','','',36000,0,0,0,'b96951','http://thumbnail.image.rakuten.co.jp/@0_mall/stylife/cabinet/item/951/b96951-01_1.jpg?_ex=400x537&s=2&r=1',16,1,1,'',1,NULL,1444902689,NULL),(595,'変形ヘムニットトップスⅡ','','','',8532,0,0,0,'b96952','http://thumbnail.image.rakuten.co.jp/@0_mall/stylife/cabinet/item/952/b96952-02_1.jpg?_ex=400x537&s=2&r=1',16,1,1,'',9,NULL,1444902689,1445584636),(596,'変形ヘムロングスカートⅡ','','','',8532,0,0,0,'b96953','http://thumbnail.image.rakuten.co.jp/@0_mall/stylife/cabinet/item/953/b96953-02_1.jpg?_ex=400x537&s=2&r=1',16,1,1,'',9,NULL,1444902689,1445584648),(597,'フリンジバック','','','',11000,0,0,0,'','',16,1,1,'',1,NULL,1444902689,NULL),(598,'インヒールブーティ','','','',7900,0,0,0,'','',16,1,1,'',1,NULL,1444902689,NULL),(599,'オフタートルニットOP','','','',13000,0,0,0,'','',16,1,1,'',1,NULL,1444902689,NULL),(600,'千鳥柄インナーパンツ付きSK','','','',7452,0,0,0,'b96931','http://thumbnail.image.rakuten.co.jp/@0_mall/stylife/cabinet/item/931/b96931-01_1.jpg?_ex=400x537&s=2&r=1',16,1,1,'',9,NULL,1444902689,1445584669),(601,'バイカラ―ショルダーバック','','','',15000,0,0,0,'','',16,1,1,'',1,NULL,1444902689,NULL),(602,'プチプライスショートブーツ','','','',6372,0,0,0,'b96933','http://thumbnail.image.rakuten.co.jp/@0_mall/stylife/cabinet/item/933/b96933-07_1.jpg?_ex=400x537&s=2&r=1',16,1,1,'',9,NULL,1444902689,1445584694),(603,'ウールレトロコクーンワンピース','','','',9612,0,0,0,'b96939','http://thumbnail.image.rakuten.co.jp/@0_mall/stylife/cabinet/item/939/b96939-01_1.jpg?_ex=400x537&s=2&r=1',16,1,1,'',9,NULL,1444902689,1445584799),(604,'中折れハット','','','',5940,0,0,0,'b96965','http://thumbnail.image.rakuten.co.jp/@0_mall/stylife/cabinet/item/965/b96965-02_1.jpg?_ex=400x537&s=2&r=1',16,1,1,'',9,NULL,1444902689,1445584758),(605,'厚底アンクルブーティ','','','',8532,0,0,0,'b96940','http://thumbnail.image.rakuten.co.jp/@0_mall/stylife/cabinet/item/940/b96940-03_1.jpg?_ex=400x537&s=2&r=1',16,1,1,'',9,NULL,1444902689,1445584780),(606,'ウールレトロコクーンワンピース','','','',9612,0,0,0,'b96939','http://thumbnail.image.rakuten.co.jp/@0_mall/stylife/cabinet/item/939/b96939-03_1.jpg?_ex=400x537&s=2&r=1',16,1,1,'',9,NULL,1444902689,1445584744),(607,'インヒールブーティ','','','',7900,0,0,0,'','',16,1,1,'',1,NULL,1444902689,NULL),(608,'ハイネックセットアップトップス','','','',8532,0,0,0,'b96962','http://thumbnail.image.rakuten.co.jp/@0_mall/stylife/cabinet/item/962/b96962-01_1.jpg?_ex=400x537&s=2&r=1',16,1,1,'',9,NULL,1444902689,1445584838),(609,'セットアップフレアースカート','','','',8532,0,0,0,'b96963','http://thumbnail.image.rakuten.co.jp/@0_mall/stylife/cabinet/item/963/b96963-01_1.jpg?_ex=400x537&s=2&r=1',16,1,1,'',9,NULL,1444902689,1445584853),(610,'アンゴラファーベレー帽','','','',4500,0,0,0,'','',16,1,1,'',1,NULL,1444902689,NULL),(611,'ハイネックセットアップトップス','','','',8532,0,0,0,'b96962','http://thumbnail.image.rakuten.co.jp/@0_mall/stylife/cabinet/item/962/b96962-01_1.jpg?_ex=400x537&s=2&r=1',16,1,1,'',9,NULL,1444902689,1445585356),(612,'セットアップフレアースカート','','','',8532,0,0,0,'b96963','http://thumbnail.image.rakuten.co.jp/@0_mall/stylife/cabinet/item/963/b96963-01_1.jpg?_ex=400x537&s=2&r=1',16,1,1,'',9,NULL,1444902689,1445585370),(613,'インヒールブーティ','','','',7900,0,0,0,'','',16,1,1,'',1,NULL,1444902689,NULL),(614,'ジャガードフリンジニットポンチョ','Knit','民族风披肩上衣','民族風披肩上衣',13490,0,0,0,'b65509','http://thumbnail.image.rakuten.co.jp/@0_mall/ungrid-by-stylife/cabinet/item/509/b65509-01_1.jpg?_ex=400x537&s=2&r=1',13,0,1,'',1,NULL,1444902689,NULL),(615,'リブコンビタートルニット','Knit','高领套头冷衫','高領套頭冷衫',5990,0,0,0,'b79296','http://thumbnail.image.rakuten.co.jp/@0_mall/ungrid-by-stylife/cabinet/item/296/b79296-01_1.jpg?_ex=400x537&s=2&r=1',13,0,1,'',1,NULL,1444902689,NULL),(616,'クラッシュブリーチストレートデニム','Jeans','牛仔裤','牛仔褲',15490,0,0,0,'b94622','http://thumbnail.image.rakuten.co.jp/@0_mall/ungrid-by-stylife/cabinet/item/622/b94622-01_1.jpg?_ex=400x537&s=2&r=1',13,0,1,'',1,NULL,1444902689,NULL),(617,'リアルスウェードショートブーツ','Boots','高跟短靴','高跟短靴',28990,0,0,0,'b91188','http://thumbnail.image.rakuten.co.jp/@0_mall/ungrid-by-stylife/cabinet/item/188/b91188-01_1.jpg?_ex=400x537&s=2&r=1',13,0,1,'',3,NULL,1444902689,1445691821),(618,'リブコンビタートルニット','Knit','高领套头针织衫','高領套頭冷衫',5990,0,0,0,'b79296','http://thumbnail.image.rakuten.co.jp/@0_mall/ungrid-by-stylife/cabinet/item/296/b79296-01_1.jpg?_ex=400x537&s=2&r=1',13,0,1,'',1,NULL,1444902689,NULL),(619,'カラー刺繍ブラウス','Blouses','民族风开领上衣','民族風開領上衣',9590,0,0,0,'b94623/','http://thumbnail.image.rakuten.co.jp/@0_mall/ungrid-by-stylife/cabinet/item/623/b94623-01_1.jpg?_ex=400x537&s=2&r=1',13,0,1,'',1,NULL,1444902689,NULL),(620,'ワイドルーズカットオフデニム','Jeans','七分牛仔裤','七分牛仔褲',14490,0,0,0,'b94624','http://thumbnail.image.rakuten.co.jp/@0_mall/ungrid-by-stylife/cabinet/item/624/b94624-01_1.jpg?_ex=400x537&s=2&r=1',13,0,1,'',1,NULL,1444902689,NULL),(621,'タートルケーブルルーズニット','Knit','针织圆领毛衣','針織圓領毛衣',11490,0,0,0,'b73634','http://thumbnail.image.rakuten.co.jp/@0_mall/ungrid-by-stylife/cabinet/item/634/b73634-01_1.jpg?_ex=400x537&s=2&r=1',13,0,1,'',1,NULL,1444902689,NULL),(622,'ストレッチカラープレーンニット','Knit','圆领针织衫','針織圓領冷衫',7490,0,0,0,'b89409','http://thumbnail.image.rakuten.co.jp/@0_mall/ungrid-by-stylife/cabinet/item/409/b89409-03_1.jpg?_ex=400x537&s=2&r=1',13,0,1,'',1,NULL,1444902689,NULL),(623,'コーデュロイルーズサロペット','Overall','连身牛仔套装','連身牛仔套裝',12490,0,0,0,'b65508','http://thumbnail.image.rakuten.co.jp/@0_mall/ungrid-by-stylife/cabinet/item/508/b65508-03_1.jpg?_ex=400x537&s=2&r=1',13,0,1,'',1,NULL,1444902689,NULL),(624,'フリンジデニムルーズSH','Shirt','牛仔布衬衫','牛仔布襯衫',10490,0,0,0,'b94627','http://thumbnail.image.rakuten.co.jp/@0_mall/ungrid-by-stylife/cabinet/item/627/b94627-01_1.jpg?_ex=400x537&s=2&r=1',13,0,1,'',1,NULL,1444902689,NULL),(625,'フェイクスウェードカラーパンプス','Pumps','尖头高跟鞋','尖頭高跟鞋',13490,0,0,0,'b88965','http://thumbnail.image.rakuten.co.jp/@0_mall/ungrid-by-stylife/cabinet/item/965/b88965-01_1.jpg?_ex=400x537&s=2&r=1',13,0,1,'',1,NULL,1444902689,NULL),(626,'デニムボアGジャン','Denim Jacket','毛领牛仔夹克','毛領牛仔褸',16490,0,0,0,'b79294','http://thumbnail.image.rakuten.co.jp/@0_mall/ungrid-by-stylife/cabinet/item/294/b79294-01_1.jpg?_ex=400x537&s=2&r=1',13,0,1,'',1,NULL,1444902689,NULL),(627,'OHIOスウェット','Sweatshirts','圆领运动上衣','圓領運動上衣',7490,0,0,0,'b89410','http://thumbnail.image.rakuten.co.jp/@0_mall/ungrid-by-stylife/cabinet/item/410/b89410-03_2.jpg?_ex=400x537&s=2&r=1',13,0,1,'',3,NULL,1444902689,1445691837),(628,'ダブルフェイスウールガウンコート','Long Coats','剪裁长身大衣','剪裁長身大衣',16490,0,0,0,'b85606','http://thumbnail.image.rakuten.co.jp/@0_mall/ungrid-by-stylife/cabinet/item/606/b85606-01_2.jpg?_ex=400x537&s=2&r=1',13,0,1,'',1,NULL,1444902689,NULL),(629,'ミックスヤーンルーズニット','Knit','针织毛衣','針織毛衣',9990,0,0,0,'b94628','http://thumbnail.image.rakuten.co.jp/@0_mall/ungrid-by-stylife/cabinet/item/628/b94628-02_1.jpg?_ex=400x537&s=2&r=1',13,0,1,'',1,NULL,1444902689,NULL),(630,'リアルスウェードショートブーツ','Boots','高跟短靴','高跟短靴',28990,0,0,0,'b91188','http://thumbnail.image.rakuten.co.jp/@0_mall/ungrid-by-stylife/cabinet/item/188/b91188-01_1.jpg?_ex=400x537&s=2&r=1',13,0,1,'',3,NULL,1444902689,1445691853),(631,'BIGカラーショールコート','Long Coat','长大衣','長大衣',19429,0,0,0,'b67468','http://thumbnail.image.rakuten.co.jp/@0_mall/stylife/cabinet/item/468/b67468-03_1.jpg?_ex=400x537&s=2&r=1',12,0,1,'',1,NULL,1444902689,NULL),(632,'タートルBIGKT','Knit','高领针织上衣','高領針織冷衫',8629,0,0,0,'b86721','http://thumbnail.image.rakuten.co.jp/@0_mall/stylife/cabinet/item/721/b86721-03_1.jpg?_ex=320x320&s=2&r=1',12,0,1,'',1,NULL,1444902689,NULL),(633,'ワンウォッシュスキニ-','Jeans','贴脚牛仔裤','貼腳牛仔褲',10789,0,0,0,'b05145','http://thumbnail.image.rakuten.co.jp/@0_mall/stylife/cabinet/item/145/b05145-05_1.jpg?_ex=400x537&s=2&r=1',12,0,1,'',1,NULL,1444902689,NULL),(634,'basicヒールパンプス','Pumps','高跟鞋子','高跟鞋',10789,0,0,0,'b67480','http://thumbnail.image.rakuten.co.jp/@0_mall/stylife/cabinet/item/480/b67480-04_1.jpg?_ex=400x537&s=2&r=1',12,0,1,'',1,NULL,1444902689,NULL),(635,'2WAYブリーチケーブルチュニック','Tunic','圆领针织罩衫','圓領針織冷衫',8629,0,0,0,'b86729','http://thumbnail.image.rakuten.co.jp/@0_mall/stylife/cabinet/item/729/b86729-02_1.jpg?_ex=400x537&s=2&r=1',12,0,1,'',1,NULL,1444902689,NULL),(636,'ロングMA-1 BZ','Blouson','长身军夹克','長身軍褸',9709,0,0,0,'b94610','http://thumbnail.image.rakuten.co.jp/@0_mall/stylife/cabinet/item/610/b94610-02_1.jpg?_ex=400x537&s=2&r=1',12,0,1,'',1,NULL,1444902689,NULL),(637,'フリンジカウチン','Cardigan','民族风开襟毛衣','民族風開襟毛衣',18349,0,0,0,'b86732','http://thumbnail.image.rakuten.co.jp/@0_mall/stylife/cabinet/item/732/b86732-02_1.jpg?_ex=400x537&s=2&r=1',12,0,1,'',1,NULL,1444902689,NULL),(638,'ｂａｓｉｃニットTOPS','Knit','V领针织衫','V領針織冷衫',5389,0,0,0,'b70412','http://thumbnail.image.rakuten.co.jp/@0_mall/stylife/cabinet/item/412/b70412-03_1.jpg?_ex=400x537&s=2&r=1',12,0,1,'',1,NULL,1444902689,NULL),(639,'ウールカラーHAT','Hat','绅士帽','紳士帽',6469,0,0,0,'b86737','http://thumbnail.image.rakuten.co.jp/@0_mall/stylife/cabinet/item/737/b86737-02_1.jpg?_ex=400x537&s=2&r=1',12,0,1,'',1,NULL,1444902689,NULL),(640,'フードボアCO','Half Coat','绒毛大衣','絨毛大衣',7009,0,0,0,'b86719','http://thumbnail.image.rakuten.co.jp/@0_mall/stylife/cabinet/item/719/b86719-02_1.jpg?_ex=400x537&s=2&r=1',12,0,1,'',1,NULL,1444902689,NULL),(641,'HISTANDARD BIG プルオーバー','Sweatshirts','运动上衣','運動上衣',7549,0,0,0,'b67475','http://thumbnail.image.rakuten.co.jp/@0_mall/stylife/cabinet/item/475/b67475-03_1.jpg?_ex=400x537&s=2&r=1',12,0,1,'',3,NULL,1444902689,1445691718),(642,'セルヴィッチワイドロールUPパンツ','Jeans','牛仔裤','牛仔褲',16189,0,0,0,'b75562','http://thumbnail.image.rakuten.co.jp/@0_mall/stylife/cabinet/item/562/b75562-01_1.jpg?_ex=400x537&s=2&r=1',12,0,1,'',1,NULL,1444902689,NULL),(643,'クロスゴアパンプス','Pumps','尖头高跟鞋','尖頭高跟鞋',12949,0,0,0,'b59977','http://thumbnail.image.rakuten.co.jp/@0_mall/stylife/cabinet/item/977/b59977-04_1.jpg?_ex=400x537&s=2&r=1',12,0,1,'',1,NULL,1444902689,NULL),(644,'キュウシン柄ニットプルオーバー','Knit','图案针织上衣','圖案針織上衣',7549,0,0,0,'b94608','http://thumbnail.image.rakuten.co.jp/@0_mall/stylife/cabinet/item/608/b94608-01_1.jpg?_ex=400x537&s=2&r=1',12,0,1,'',1,NULL,1444902689,NULL),(645,'キュウシン柄タイトSK','Skirt','图案针织裙','圖案針織裙',6469,0,0,0,'b94611','http://thumbnail.image.rakuten.co.jp/@0_mall/stylife/cabinet/item/611/b94611-02_1.jpg?_ex=400x537&s=2&r=1',12,0,1,'',1,NULL,1444902689,NULL),(646,'NEWサイドゴアブーツ ','Boots','短身皮靴','短身皮靴',15109,0,0,0,'b72178','http://thumbnail.image.rakuten.co.jp/@0_mall/stylife/cabinet/item/178/b72178-01_1.jpg?_ex=400x537&s=2&r=1',12,0,1,'',3,NULL,1444902689,1445691702),(647,'モッズコート','Mods Coat','高领风衣','高領風衣',21589,0,0,0,'b94609','http://thumbnail.image.rakuten.co.jp/@0_mall/stylife/cabinet/item/609/b94609-01_1.jpg?_ex=400x537&s=2&r=1',12,0,1,'',1,NULL,1444902689,NULL),(648,'BACK OPEN KT','Knit','开襟针织衫','開襟針織冷衫',7549,0,0,0,'b86725','http://thumbnail.image.rakuten.co.jp/@0_mall/stylife/cabinet/item/725/b86725-02_3.jpg?_ex=400x537&s=2&r=1',12,0,1,'',1,NULL,1444902689,NULL),(649,'アシメフリンジデニム','Denim Skirt','牛仔裙子','牛仔裙',9709,0,0,0,'b70413','http://thumbnail.image.rakuten.co.jp/@0_mall/stylife/cabinet/item/413/b70413-01_1.jpg?_ex=400x537&s=2&r=1',12,0,1,'',1,NULL,1444902689,NULL),(650,'ポインテッドサイドゴアブーツ','Boots','高跟短靴','高跟短靴',14029,0,0,0,'b86739','http://thumbnail.image.rakuten.co.jp/@0_mall/stylife/cabinet/item/739/b86739-01_1.jpg?_ex=400x537&s=2&r=1',12,0,1,'',3,NULL,1444902689,1445691735),(651,'プリントS/S-Ｔシャツ','','','',3996,0,0,0,'b93881','http://image.aubg.jp/mgen/stylife:scripts/resize.ms?img=stylife:/images/item/B93/B93881/B93881-01_1.jpg&w=380&h=503&q=85&c=0xFFFFFF&t=jpg',18,1,1,'',1,NULL,1444902689,NULL),(652,'裏起毛プリントタイトスカート','','','',3780,0,0,0,'b93885','http://image.aubg.jp/mgen/stylife:scripts/resize.ms?img=stylife:/images/item/B93/B93885/B93885-01_1.jpg&w=380&h=503&q=85&c=0xFFFFFF&t=jpg',18,1,1,'',1,NULL,1444902689,NULL),(653,'裏起毛異素材コンビ刺繍入りブルゾン','','','',9720,0,0,0,'b93877','http://image.aubg.jp/mgen/stylife:scripts/resize.ms?img=stylife:/images/item/B93/B93877/B93877-01_1.jpg&w=380&h=503&q=85&c=0xFFFFFF&t=jpg',18,1,1,'',1,NULL,1444902689,NULL),(654,'総柄綿ストレッチサテンタイトスカート','','','',5940,0,0,0,'b93886','http://image.aubg.jp/mgen/stylife:scripts/resize.ms?img=stylife:/images/item/B93/B93886/B93886-01_1.jpg&w=380&h=503&q=85&c=0xFFFFFF&t=jpg',18,1,1,'',1,NULL,1444902689,NULL),(655,'総柄裏毛ZIP UPワイドパーカー','','','',5940,0,0,0,'b93878','http://image.aubg.jp/mgen/stylife:scripts/resize.ms?img=stylife:/images/item/B93/B93878/B93878-01_1.jpg&w=380&h=503&q=85&c=0xFFFFFF&t=jpg',18,1,1,'',1,NULL,1444902689,NULL),(656,'綿OX L/S-BDシャツ','','','',4860,0,0,0,'a25699','http://thumbnail.image.rakuten.co.jp/@0_mall/stylife/cabinet/item/699/a25699-01_1.jpg',18,1,1,'',1,NULL,1444902689,NULL),(657,'カット風デニムスキニーパンツ','','','',8100,0,0,0,'b93887','http://image.aubg.jp/mgen/stylife:scripts/resize.ms?img=stylife:/images/item/B93/B93887/B93887-01_1.jpg&w=380&h=503&q=85&c=0xFFFFFF&t=jpg',18,1,1,'',1,NULL,1444902689,NULL),(658,'ミラノリブボーダーハイネックL/Sワイドセーター','','','',7560,0,0,0,'b93876','http://image.aubg.jp/mgen/stylife:scripts/resize.ms?img=stylife:/images/item/B93/B93876/B93876-01_1.jpg&w=380&h=503&q=85&c=0xFFFFFF&t=jpg',18,1,1,'',1,NULL,1444902689,NULL),(659,'綿OX L/S-BDシャツ','','','',4860,0,0,0,'a25699','http://thumbnail.image.rakuten.co.jp/@0_mall/stylife/cabinet/item/699/a25699-01_1.jpg',18,1,1,'',1,NULL,1444902689,NULL),(660,'ローライズワークパンツ','','','',7560,0,0,0,'b93889','http://image.aubg.jp/mgen/stylife:scripts/resize.ms?img=stylife:/images/item/B93/B93889/B93889-01_1.jpg&w=380&h=503&q=85&c=0xFFFFFF&t=jpg',18,1,1,'',1,NULL,1444902689,NULL),(661,'TC裏起毛プリントプルオーバーパーカー','','','',5292,0,0,0,'b93879','http://image.aubg.jp/mgen/stylife:scripts/resize.ms?img=stylife:/images/item/B93/B93879/B93879-03_1.jpg&w=380&h=503&q=85&c=0xFFFFFF&t=jpg',18,1,1,'',1,NULL,1444902689,NULL),(662,'ハイネックL/S-Tシャツ','','','',3780,0,0,0,'b93882','http://image.aubg.jp/mgen/stylife:scripts/resize.ms?img=stylife:images/item/B93/B93882/B93882-01_1.jpg&w=380&h=503&q=85&c=0xFFFFFF&t=jpg',18,1,1,'',1,NULL,1444902689,NULL),(663,'TCストレッチライダースJKT','','','',16200,0,0,0,'b93875','http://image.aubg.jp/mgen/stylife:scripts/resize.ms?img=stylife:/images/item/B93/B93875/B93875-01_1.jpg&w=380&h=503&q=85&c=0xFFFFFF&t=jpg',18,1,1,'',1,NULL,1444902689,NULL),(664,'プリントS/S-Tシャツ','','','',2700,0,0,0,'b93883','http://image.aubg.jp/mgen/stylife:scripts/resize.ms?img=stylife:/images/item/B93/B93883/B93883-01_1.jpg&w=380&h=503&q=85&c=0xFFFFFF&t=jpg',18,1,1,'',1,NULL,1444902689,NULL),(665,'裏起毛プリントタイトスカート','','','',3780,0,0,0,'b93885','http://image.aubg.jp/mgen/stylife:scripts/resize.ms?img=stylife:/images/item/B93/B93885/B93885-01_1.jpg&w=380&h=503&q=85&c=0xFFFFFF&t=jpg',18,1,1,'',1,NULL,1444902689,NULL),(666,'総柄トートバッグ','','','',5940,0,0,0,'b93891','http://image.aubg.jp/mgen/stylife:scripts/resize.ms?img=stylife:/images/item/B93/B93891/B93891-01_1.jpg&w=380&h=503&q=85&c=0xFFFFFF&t=jpg',18,1,1,'',1,NULL,1444902689,NULL),(667,'裏起毛ZIP UPパーカー','','','',3996,0,0,0,'b93880','http://image.aubg.jp/mgen/stylife:scripts/resize.ms?img=stylife:/images/item/B93/B93880/B93880-01_1.jpg&w=380&h=503&q=85&c=0xFFFFFF&t=jpg',18,1,1,'',1,NULL,1444902689,NULL),(668,'プリントS/S-Tシャツ','','','',2700,0,0,0,'b93884','http://image.aubg.jp/mgen/stylife:scripts/resize.ms?img=stylife:/images/item/B93/B93884/B93884-01_1.jpg&w=380&h=503&q=85&c=0xFFFFFF&t=jpg',18,1,1,'',1,NULL,1444902689,NULL),(669,'総柄綿ストレッチサテンタイトスカート','','','',5940,0,0,0,'b93886','http://image.aubg.jp/mgen/stylife:scripts/resize.ms?img=stylife:/images/item/B93/B93886/B93886-01_1.jpg&w=380&h=503&q=85&c=0xFFFFFF&t=jpg',18,1,1,'',1,NULL,1444902689,NULL),(670,'総柄バックパック','','','',6480,0,0,0,'b93893','http://image.aubg.jp/mgen/stylife:scripts/resize.ms?img=stylife:/images/item/B93/B93893/B93893-01_1.jpg&w=380&h=503&q=85&c=0xFFFFFF&t=jpg',18,1,1,'',1,NULL,1444902689,NULL),(671,'ロングボリュームコート ','Long Coat','长大衣','長大衣',18360,0,0,0,'b91730','http://thumbnail.image.rakuten.co.jp/@0_mall/jeanasis/cabinet/item/730/b91730-01_1.jpg?_ex=400x537&s=2&r=1',3,0,1,'',9,NULL,1444902689,1445586947),(672,'3GストレッチフードCD ','Cardigan','开襟长身毛衣','開襟長身毛衣',8100,0,0,0,'b84869','http://thumbnail.image.rakuten.co.jp/@0_mall/jeanasis/cabinet/item/869/b84869-02_1.jpg?_ex=400x537&s=2&r=1',3,0,1,'',2,NULL,1444902689,1445571504),(673,'リブタイトハイネックLS ','Cut and Sewn','长袖套衣','長袖套衣',3240,0,0,0,'b68930','http://thumbnail.image.rakuten.co.jp/@0_mall/jeanasis/cabinet/item/930/b68930-03_1.jpg?_ex=400x537&s=2&r=1',3,0,1,'',2,NULL,1444902689,1445571526),(674,'ジャガードSP ','Shorts','民族风短裤','民族風短褲',5940,0,0,0,'b65243','http://thumbnail.image.rakuten.co.jp/@0_mall/jeanasis/cabinet/item/243/b65243-01_1.jpg?_ex=400x537&s=2&r=1',3,0,1,'',2,NULL,1444902689,1445571560),(675,'5GWNケーブルPOLS','Turtle Neck Sweater','高领套头毛衣','高領套頭毛衣',6480,0,0,0,'b86874','http://thumbnail.image.rakuten.co.jp/@0_mall/jeanasis/cabinet/item/874/b86874-01_1.jpg?_ex=400x537&s=2&r=1',3,0,1,'',2,NULL,1444902689,1445571581),(676,'ワイドタックテーパードP ','Tapered Pants','松身西裤','鬆身西褲',7020,0,0,0,'b83452','http://thumbnail.image.rakuten.co.jp/@0_mall/jeanasis/cabinet/item/452/b83452-01_1.jpg?_ex=400x537&s=2&r=1',3,0,1,'',2,NULL,1444902689,1445571609),(677,'ファークラッチ ','Fur Clutch bag','毛皮晚宴手拿包','毛皮晚宴手拿包',7560,0,0,0,'b66108','http://thumbnail.image.rakuten.co.jp/@0_mall/jeanasis/cabinet/item/108/b66108-01_1.jpg?_ex=400x537&s=2&r=1',3,0,1,'',2,NULL,1444902689,1445571627),(678,'1.5GラメフェザーPO ','Sweater','长身圆领毛衣','長身圓領毛衣',5940,0,0,0,'b86873','http://thumbnail.image.rakuten.co.jp/@0_mall/jeanasis/cabinet/item/873/b86873-01_1.jpg?_ex=400x537&s=2&r=1',3,0,1,'',2,NULL,1444902689,1445571643),(679,'ワイドタックテーパードP ','Tapered Pants','阔身西裤','鬆身西褲',7020,0,0,0,'b83452','http://thumbnail.image.rakuten.co.jp/@0_mall/jeanasis/cabinet/item/452/b83452-02_2.jpg?_ex=400x537&s=2&r=1',3,0,1,'',2,NULL,1444902689,1445571667),(680,'SCHOTT*JEANAMA1 ','MA-1','MA-1 军褛','MA-1 軍褸',22680,0,0,0,'b91731','http://thumbnail.image.rakuten.co.jp/@0_mall/jeanasis/cabinet/item/731/b91731-01_2.jpg?_ex=400x537&s=2&r=1',3,0,1,'',2,NULL,1444902689,1445571692),(681,'7GストレッチタートルPOLS ','Sweater','套头毛衣','套頭毛衣',7020,0,0,0,'b63752','http://thumbnail.image.rakuten.co.jp/@0_mall/jeanasis/cabinet/item/752/b63752-01_1.jpg?_ex=400x537&s=2&r=1',3,0,1,'',2,NULL,1444902689,1445571709),(682,'ハククラッシュDENIM ','Jeans','型格牛仔裤','型格牛仔褲',9180,0,0,0,'b67215','http://thumbnail.image.rakuten.co.jp/@0_mall/jeanasis/cabinet/item/215/b67215-01_1.jpg?_ex=400x537&s=2&r=1',3,0,1,'',2,NULL,1444902689,1445571723),(683,'ロングボリュームコート ','Long Coat','长大衣','長大衣',18360,0,0,0,'b91730','http://thumbnail.image.rakuten.co.jp/@0_mall/jeanasis/cabinet/item/730/b91730-02_1.jpg?_ex=400x537&s=2&r=1',3,0,1,'',2,NULL,1444902689,1445571741),(684,'ハイネックウラロングPO ','Sweatshirts','运动套头上衣','運動套頭上衣',5940,0,0,0,'b86876','http://thumbnail.image.rakuten.co.jp/@0_mall/jeanasis/cabinet/item/876/b86876-02_1.jpg?_ex=400x537&s=2&r=1',3,0,1,'',3,NULL,1444902689,1445691780),(685,'HRDENIMスキニー ','Skinny Jeans','紧身牛仔裤','緊身牛仔褲',6480,0,0,0,'b61266','http://thumbnail.image.rakuten.co.jp/@0_mall/jeanasis/cabinet/item/266/b61266-03_1.jpg?_ex=400x537&s=2&r=1',3,0,1,'',2,NULL,1444902689,1445571769),(686,'Rファースヌード ','Fur Snood','毛皮颈围','毛皮頸圍',4320,0,0,0,'b67518','http://thumbnail.image.rakuten.co.jp/@0_mall/jeanasis/cabinet/item/518/b67518-01_1.jpg?_ex=400x537&s=2&r=1',3,0,1,'',2,NULL,1444902689,1445571781),(687,'ファークラッチ ','Fur Clutch bag','毛皮晚宴手拿包','毛皮晚宴手拿包',7560,0,0,0,'b66108','http://thumbnail.image.rakuten.co.jp/@0_mall/jeanasis/cabinet/item/108/b66108-02_1.jpg?_ex=400x537&s=2&r=1',3,0,1,'',2,NULL,1444902689,1445571794),(688,'ナカワタロングフードコート ','Coat','牛仔大衣','牛仔大衣',15120,0,0,0,'b87539','http://thumbnail.image.rakuten.co.jp/@0_mall/jeanasis/cabinet/item/539/b87539-02_1.jpg?_ex=400x537&s=2&r=1',3,0,1,'',2,NULL,1444902689,1445571813),(689,'2015FWGジャン ','Denim Jacket','牛仔布夹克','牛仔褸',8100,0,0,0,'b66107','http://thumbnail.image.rakuten.co.jp/@0_mall/jeanasis/cabinet/item/107/b66107-02_1.jpg?_ex=400x537&s=2&r=1',3,0,1,'',2,NULL,1444902689,1445571827),(690,'5GモヘアラメPOLS ','Sweater','圆领针织毛衣','圓領針織毛衣',5400,0,0,0,'b69645','http://thumbnail.image.rakuten.co.jp/@0_mall/jeanasis/cabinet/item/645/b69645-03_1.jpg?_ex=400x537&s=2&r=1',3,0,1,'',2,NULL,1444902689,1445571841),(691,'ニットペンシルSK ','Knit Skirt','针织裙子','針織裙子',5940,0,0,0,'b78424','http://thumbnail.image.rakuten.co.jp/@0_mall/jeanasis/cabinet/item/424/b78424-01_1.jpg?_ex=400x537&s=2&r=1',3,0,1,'',2,NULL,1444902689,1445571860),(692,'タッセルフラップショルダー ','Shoulder Bags','真皮肩包','真皮肩包',7560,0,0,0,'b69649','http://thumbnail.image.rakuten.co.jp/@0_mall/jeanasis/cabinet/item/649/b69649-01_1.jpg?_ex=400x537&s=2&r=1',3,0,1,'',2,NULL,1444902689,1445571873),(693,'ファーキャップ ','Fur Cap','毛皮圆筒帽','毛皮圓筒帽',4320,0,0,0,'b69644','http://thumbnail.image.rakuten.co.jp/@0_mall/jeanasis/cabinet/item/644/b69644-01_4.jpg?_ex=400x537&s=2&r=1',3,0,1,'',2,NULL,1444902689,1445571888),(694,'JSランドセル ','Bag','真皮背包','真皮背包',9720,0,0,0,'b66109','http://thumbnail.image.rakuten.co.jp/@0_mall/jeanasis/cabinet/item/109/b66109-01_1.jpg?_ex=400x537&s=2&r=1',3,0,1,'',2,NULL,1444902689,1445571902),(695,'コクーンフードコート ','Coat','长身大衣','長身大衣',15120,0,0,0,'b73030','http://thumbnail.image.rakuten.co.jp/@0_mall/jeanasis/cabinet/item/030/b73030-02_1.jpg?_ex=400x537&s=2&r=1',3,0,1,'',2,NULL,1444902689,1445571917),(696,'7GAWアゼVPOLS','Sweater','针织毛衣','針織毛衣',5940,0,0,0,'b71581','http://thumbnail.image.rakuten.co.jp/@0_mall/jeanasis/cabinet/item/581/b71581-01_1.jpg?_ex=400x537&s=2&r=1',3,0,1,'',2,NULL,1444902689,1445571929),(697,'チェックキモウワイドP ','Checked Pants','方格裤子','方格褲子',7020,0,0,0,'b84870','http://thumbnail.image.rakuten.co.jp/@0_mall/jeanasis/cabinet/item/870/b84870-02_1.jpg?_ex=400x537&s=2&r=1',3,0,1,'',2,NULL,1444902689,1445571944),(698,'リブタイトハイネックLS ','Cut and Sewn','长袖套衣','長袖套衣',3240,0,0,0,'b68930','http://thumbnail.image.rakuten.co.jp/@0_mall/jeanasis/cabinet/item/930/b68930-01_1.jpg?_ex=400x537&s=2&r=1',3,0,1,'',2,NULL,1444902689,1445571958),(699,'7Gキカガラポンチョ ','Poncho','民族风披肩','民族風披肩',7020,0,0,0,'b91732','http://thumbnail.image.rakuten.co.jp/@0_mall/jeanasis/cabinet/item/732/b91732-01_1.jpg?_ex=400x537&s=2&r=1',3,0,1,'',9,NULL,1444902689,1445586974),(700,'2015FWGジャン ','Denim Jacket','牛仔布夹克','牛仔布褸',8100,0,0,0,'b66107','http://thumbnail.image.rakuten.co.jp/@0_mall/jeanasis/cabinet/item/107/b66107-02_1.jpg?_ex=400x537&s=2&r=1',3,0,1,'',2,NULL,1444902689,1445571993),(701,'ニットペンシルSK ','Knit Skirt','针织裙子','針織裙子',5940,0,0,0,'b78424','http://thumbnail.image.rakuten.co.jp/@0_mall/jeanasis/cabinet/item/424/b78424-02_1.jpg?_ex=400x537&s=2&r=1',3,0,1,'',2,NULL,1444902689,1445572006),(702,'サイドゴアHブーツ ','Short Boots','高跟短皮靴','高跟短皮靴',9180,0,0,0,'b60283','http://thumbnail.image.rakuten.co.jp/@0_mall/jeanasis/cabinet/item/283/b60283-05_1.jpg?_ex=400x537&s=2&r=1',3,0,1,'',2,NULL,1444902689,1445572019),(703,'5GモヘアラメPOLS ','Sweater','圆领毛衣','圓領毛衣',5400,0,0,0,'b69645','http://thumbnail.image.rakuten.co.jp/@0_mall/jeanasis/cabinet/item/645/b69645-02_1.jpg?_ex=400x537&s=2&r=1',3,0,1,'',2,NULL,1444902689,1445572034),(704,'tuckタイP ','Thai Pants','长裤','長褲',7020,0,0,0,'b74402','http://thumbnail.image.rakuten.co.jp/@0_mall/jeanasis/cabinet/item/402/b74402-02_1.jpg?_ex=400x537&s=2&r=1',3,0,1,'',2,NULL,1444902689,1445572047);
/*!40000 ALTER TABLE `items` ENABLE KEYS */;
UNLOCK TABLES;

--
-- Table structure for table `migration`
--

DROP TABLE IF EXISTS `migration`;
/*!40101 SET @saved_cs_client     = @@character_set_client */;
/*!40101 SET character_set_client = utf8 */;
CREATE TABLE `migration` (
  `type` varchar(25) NOT NULL,
  `name` varchar(50) NOT NULL,
  `migration` varchar(100) NOT NULL DEFAULT ''
) ENGINE=InnoDB DEFAULT CHARSET=utf8;
/*!40101 SET character_set_client = @saved_cs_client */;

--
-- Dumping data for table `migration`
--

LOCK TABLES `migration` WRITE;
/*!40000 ALTER TABLE `migration` DISABLE KEYS */;
INSERT INTO `migration` VALUES ('package','auth','001_auth_create_usertables'),('package','auth','002_auth_create_grouptables'),('package','auth','003_auth_create_roletables'),('package','auth','004_auth_create_permissiontables'),('package','auth','005_auth_create_authdefaults'),('package','auth','006_auth_add_authactions'),('package','auth','007_auth_add_permissionsfilter'),('package','auth','008_auth_create_providers'),('package','auth','009_auth_create_oauth2tables'),('package','auth','010_auth_fix_jointables'),('app','default','001_create_models'),('app','default','002_create_brands'),('app','default','003_create_items'),('app','default','004_create_memos'),('app','default','005_create_categories'),('app','default','006_create_modelstatuses'),('app','default','007_create_grandtops'),('app','default','008_create_brandtops');
/*!40000 ALTER TABLE `migration` ENABLE KEYS */;
UNLOCK TABLES;

--
-- Table structure for table `models`
--

DROP TABLE IF EXISTS `models`;
/*!40101 SET @saved_cs_client     = @@character_set_client */;
/*!40101 SET character_set_client = utf8 */;
CREATE TABLE `models` (
  `id` int(11) unsigned NOT NULL AUTO_INCREMENT,
  `name_kana` varchar(50) NOT NULL,
  `name_ja` varchar(50) NOT NULL,
  `name_en` varchar(50) NOT NULL,
  `img` varchar(255) DEFAULT NULL,
  `status` int(11) NOT NULL DEFAULT '1',
  `remarks` text,
  `last_updated_by` int(11) unsigned NOT NULL,
  `deleted_at` int(11) DEFAULT NULL,
  `created_at` int(11) DEFAULT NULL,
  `updated_at` int(11) DEFAULT NULL,
  PRIMARY KEY (`id`),
  KEY `last_updated_by` (`last_updated_by`),
  CONSTRAINT `models_ibfk_1` FOREIGN KEY (`last_updated_by`) REFERENCES `users` (`id`) ON DELETE CASCADE ON UPDATE CASCADE
) ENGINE=InnoDB AUTO_INCREMENT=139 DEFAULT CHARSET=utf8;
/*!40101 SET character_set_client = @saved_cs_client */;

--
-- Dumping data for table `models`
--

LOCK TABLES `models` WRITE;
/*!40000 ALTER TABLE `models` DISABLE KEYS */;
INSERT INTO `models` VALUES (1,'あかたになおこ','赤谷奈緒子','AKATANI NAOKO','',1,'',3,NULL,1443177881,1445564461),(2,'あさみやさき','麻宮彩希','ASAMIYA SAKI','',1,'',3,NULL,1443177881,1445564469),(3,'あべななみ','阿部菜渚美','ABE NANAMI','',1,'',3,NULL,1443177881,1445564484),(4,'あも','AMO','AMO','http://event.rakuten.co.jp/fashion/rba/girlsaward/img/2015aw/model/amo.jpg',0,'',1,NULL,1443177881,NULL),(5,'あらいひとみ','新井ひとみ(東京女子流)','ARAI HITOMI','',1,'',3,NULL,1443177881,1445564490),(6,'ありすえまゆこ','有末麻祐子','ARISUE MAYUKO','http://event.rakuten.co.jp/fashion/rba/girlsaward/img/2015aw/model/arisuemayuko.jpg',0,'',1,NULL,1443177881,NULL),(7,'あんどうみなみ','安藤みなみ','ANDO MINAMI','',1,'',3,NULL,1443177881,1445564504),(8,'いいとよまりえ','飯豊まりえ','IITOYO MARIE','http://event.rakuten.co.jp/fashion/rba/girlsaward/img/2015aw/model/itoyo_marie.jpg',0,'',1,NULL,1443177881,NULL),(9,'いけだえらいざ','池田エライザ','IKEDA ELAIZA','http://event.rakuten.co.jp/fashion/rba/girlsaward/img/2015aw/model/ikeda_elaiza.jpg',0,'',1,NULL,1443177881,NULL),(10,'いけだみゆう','池田美優','IKEDA MIYUU','http://event.rakuten.co.jp/fashion/rba/girlsaward/img/2015aw/model/ikeda_miyuu.jpg',0,'',1,NULL,1443177881,NULL),(11,'いしだにこる','石田ニコル','ISHIDA NICOLE','',1,'',3,NULL,1443177881,1445564511),(12,'いずみはる','泉はる','IZUMI HARU','http://event.rakuten.co.jp/fashion/rba/girlsaward/img/2015aw/model/izumi_haru.jpg',0,'',1,NULL,1443177881,NULL),(13,'いずみりか','泉里香','IZUMI RIKA','http://event.rakuten.co.jp/fashion/rba/girlsaward/img/2015aw/model/izumi_rika.jpg',0,'',1,NULL,1443177881,NULL),(14,'いとうにーな','伊藤ニーナ','ITO NINA','',1,'',3,NULL,1443177881,1445564518),(15,'うえだせりな','植田せりな','UEDA SERINA','',1,'',3,NULL,1443177881,1445564526),(16,'うえだまお','上田眞央','UEDA MAO','',1,'',3,NULL,1443177881,1445564533),(17,'うらはまありさ','浦浜アリサ','URAHAMA ALISA','http://event.rakuten.co.jp/fashion/rba/girlsaward/img/2015aw/model/urahama_arisa.jpg',0,'',1,NULL,1443177881,NULL),(18,'えのさわまなみ','江野沢愛美','ENOSAWA MANAMI','http://event.rakuten.co.jp/fashion/rba/girlsaward/img/2015aw/model/enosawa_manami.jpg',0,'',1,NULL,1443177881,NULL),(19,'えま','emma','emma','',1,'',3,NULL,1443177881,1445564540),(20,'えみり','絵美里','EMIRI','http://event.rakuten.co.jp/fashion/rba/girlsaward/img/2015aw/model/emiri.jpg',0,'',1,NULL,1443177881,NULL),(21,'えんどうにいな','遠藤新菜','ENDO NINA','http://event.rakuten.co.jp/fashion/rba/girlsaward/img/2015aw/model/endo_nina.jpg',0,'',1,NULL,1443177881,NULL),(22,'おおいしみつき','大石参月','OISHI MITSUKI','http://event.rakuten.co.jp/fashion/rba/girlsaward/img/2015aw/model/ohishi_mitsuki.jpg',0,'',1,NULL,1443177881,NULL),(23,'おおかわあい','大川藍','OKAWA AI','http://event.rakuten.co.jp/fashion/rba/girlsaward/img/2015aw/model/okawa_ai.jpg',0,'',1,NULL,1443177881,NULL),(24,'おおともかれん','大友花恋','OTOMO KAREN','',1,'',3,NULL,1443177881,1445564558),(25,'おおやかな','大屋夏南','OYA KANA','http://event.rakuten.co.jp/fashion/rba/girlsaward/img/2015aw/model/ooya_kana.jpg',0,'',1,NULL,1443177881,NULL),(26,'おかださやか','岡田紗佳','OKADA SAYAKA','http://event.rakuten.co.jp/fashion/rba/girlsaward/img/2015aw/model/okada_sayaka.jpg',0,'',1,NULL,1443177881,NULL),(27,'おかもとなつみ','岡本夏美','OKAMOTO NATSUMI','',1,'',3,NULL,1443177881,1445564582),(28,'おさないかりん','小山内花凜','OSANAI KARIN','',1,'',3,NULL,1443177881,1445564590),(29,'おざわなななか','小澤奈々花(X21)','OZAWA NANAKA','',1,'',3,NULL,1443177881,1445564603),(30,'かがわさや','香川沙耶','KAGAWA SAYA','http://event.rakuten.co.jp/fashion/rba/girlsaward/img/2015aw/model/kagawa_saya.jpg',0,'',1,NULL,1443177881,NULL),(31,'かけいみわこ','筧美和子','KAKEI MIWAKO','http://event.rakuten.co.jp/fashion/rba/girlsaward/img/2015aw/model/kakei_miwako.jpg',0,'',1,NULL,1443177881,NULL),(32,'かとうなな','加藤ナナ','KATO NANA','http://event.rakuten.co.jp/fashion/rba/girlsaward/img/2015aw/model/kato_nana.jpg',0,'',1,NULL,1443177881,NULL),(33,'きたがわけいこ','北川景子','KITAGAWA KEIKO','',1,'',3,NULL,1443177881,1445564629),(34,'きたがわときこ','北川富紀子','KITAGAWA TOKICO','http://event.rakuten.co.jp/fashion/rba/girlsaward/img/2015aw/model/kitagawa_tokiko.jpg',0,'',1,NULL,1443177881,NULL),(35,'きづれいな','木津レイナ','KIZU REINA','',1,'',3,NULL,1443177881,1445564637),(36,'きのしたひなこ','木下ひなこ','KINOSHITA HINAKO','http://event.rakuten.co.jp/fashion/rba/girlsaward/img/2015aw/model/kinoshita_hinako.jpg',0,'',1,NULL,1443177881,NULL),(37,'きわ','季葉','KIWA','http://event.rakuten.co.jp/fashion/rba/girlsaward/img/2015aw/model/kiwa.jpg',0,'',1,NULL,1443177881,NULL),(38,'きんじょうまな','金城茉奈','KINJO MANA','',1,'',1,NULL,1443177881,NULL),(39,'くじあきこ','久慈暁子','KUJI AKIKO','http://event.rakuten.co.jp/fashion/rba/girlsaward/img/2015aw/model/kuzi_akiko.jpg',0,'',1,NULL,1443177881,NULL),(40,'くらっせんるりか','クラッセン瑠里香','KLAUSEN RURIKA','',1,'',1,NULL,1443177881,NULL),(41,'くろさきれいな','黒崎レイナ','KUROSAKI REINA','',1,'',1,NULL,1443177881,NULL),(42,'さかたりかこ','坂田梨香子','SAKATA RIKAKO','',1,'',1,NULL,1443177881,NULL),(43,'さかもとれみ','坂本礼美','SAKAMOTO REMI','',1,'',1,NULL,1443177881,NULL),(44,'さくまゆい','佐久間由衣','SAKUMA YUI','http://event.rakuten.co.jp/fashion/rba/girlsaward/img/2015aw/model/sakuma_yui.jpg',0,'',1,NULL,1443177881,NULL),(45,'さとうありさ','佐藤ありさ','SATO ARISA','http://event.rakuten.co.jp/fashion/rba/girlsaward/img/2015aw/model/sato_arisa.jpg',0,'',1,NULL,1443177881,NULL),(46,'さとうみ','里海','SATOUMI','http://event.rakuten.co.jp/fashion/rba/girlsaward/img/2015aw/model/satoumi.jpg',0,'',1,NULL,1443177881,NULL),(47,'さとうみき','佐藤美希','SATO MIKI','http://event.rakuten.co.jp/fashion/rba/girlsaward/img/2015aw/model/sato_miki.jpg',0,'',1,NULL,1443177881,NULL),(48,'さのひなこ','佐野ひなこ','SANO HINAKO','http://event.rakuten.co.jp/fashion/rba/girlsaward/img/2015aw/model/sano_hinako.jpg',0,'',1,NULL,1443177881,NULL),(49,'さはらもにか','佐原モニカ','SAHARA MONICA','http://event.rakuten.co.jp/fashion/rba/girlsaward/img/2015aw/model/sahara_monica.jpg',0,'',1,NULL,1443177881,NULL),(50,'さやどみな','佐谷戸ミナ','SAYADO MINA','http://event.rakuten.co.jp/fashion/rba/girlsaward/img/2015aw/model/sayado_mina.jpg',0,'',1,NULL,1443177881,NULL),(51,'さわだしおね','澤田汐音','SAWADA SHIONE','',1,'',1,NULL,1443177881,NULL),(52,'しかぬまゆき','鹿沼憂妃','SHIKANUMA YUKI','http://event.rakuten.co.jp/fashion/rba/girlsaward/img/2015aw/model/shikanuma_yuki.jpg',0,'',1,NULL,1443177881,NULL),(53,'しだゆうみ','志田友美','SHIDA YUUMI','',1,'',1,NULL,1443177881,NULL),(54,'しまぶくろせいな','島袋聖南','SHIMABUKURO SEINA','',1,'',1,NULL,1443177881,NULL),(55,'しもむらみき','下村実生','SHIMOMURA MIKI','',1,'',1,NULL,1443177881,NULL),(56,'しんかわゆあ','新川優愛','SHINKAWA YUA','http://event.rakuten.co.jp/fashion/rba/girlsaward/img/2015aw/model/shinkawa_yua.jpg',0,'',1,NULL,1443177881,NULL),(57,'すぎえだまゆ','杉枝真結','SUGIEDA MAYU','',1,'',1,NULL,1443177881,NULL),(58,'すぎさきえり','杉崎衣里','SUGISAKI ERI','',1,'',1,NULL,1443177881,NULL),(59,'すずかわひろき','鈴川博紀','SUZUKAWA HIROKI','',1,'',1,NULL,1443177881,NULL),(60,'すずきゆうか','鈴木優華','SUZUKI YUUKA','',1,'',1,NULL,1443177881,NULL),(61,'すずきゆうな','鈴木友菜','SUZUKI YUUNA','http://event.rakuten.co.jp/fashion/rba/girlsaward/img/2015aw/model/suzuki_yuna.jpg',0,'',1,NULL,1443177881,NULL),(62,'せきぐちはるな','関口春菜','SEKIGUCHI HARUNA','',1,'',1,NULL,1443177881,NULL),(63,'そんみ','ソンミ','SONMI','http://event.rakuten.co.jp/fashion/rba/girlsaward/img/2015aw/model/sonmi.jpg',0,'',1,NULL,1443177881,NULL),(64,'たかだりほ','高田里穂','TAKADA RIHO','http://event.rakuten.co.jp/fashion/rba/girlsaward/img/2015aw/model/takada_riho.jpg',0,'',1,NULL,1443177881,NULL),(65,'たかはしあい','高橋愛','TAKAHASHI AI','',1,'',1,NULL,1443177881,NULL),(66,'だこたろーず','ダコタローズ','DAKOTA ROSE','http://event.rakuten.co.jp/fashion/rba/girlsaward/img/2015aw/model/dakotakoti.jpg',0,'',1,NULL,1443177881,NULL),(67,'たましろてぃな','玉城ティナ','TAMASHIRO TINA','http://event.rakuten.co.jp/fashion/rba/girlsaward/img/2015aw/model/tamashiro_tina.jpg',0,'',1,NULL,1443177881,NULL),(68,'つげ りょうた','つげ りょうた','TSUGE RYOTA','',1,'',1,NULL,1443177881,NULL),(69,'つちやはづき','土屋巴瑞季','TSUCHIYA HAZUKI','http://event.rakuten.co.jp/fashion/rba/girlsaward/img/2015aw/model/tsuchiya_hazuki.jpg',0,'',4,NULL,1443177881,1445518731),(70,'ときたれいこ','土岐田麗子','TOKITA REIKO','http://event.rakuten.co.jp/fashion/rba/girlsaward/img/2015aw/model/tokita_reiko.jpg',0,'',1,NULL,1443177881,NULL),(71,'としみずつばさ','利水翔','TOSHIMIZU TSUBASA','http://event.rakuten.co.jp/fashion/rba/girlsaward/img/2015aw/model/toshimizu_tsubasa.jpg',0,'',1,NULL,1443177881,NULL),(72,'とりんどるれいな','トリンドル玲奈','TRIENDL REINA','http://event.rakuten.co.jp/fashion/rba/girlsaward/img/2015aw/model/triendle.jpg',0,'',1,NULL,1443177881,NULL),(73,'とれまそわゆりあ','トレマソワ ユリア','TREMASOVA YURIA','http://event.rakuten.co.jp/fashion/rba/girlsaward/img/2015aw/model/toremasowa.jpg',0,'',1,NULL,1443177881,NULL),(74,'なかじょうあやみ','中条あやみ','NAKAJO AYAMI','',1,'',1,NULL,1443177881,NULL),(75,'なかだみのり','中田みのり','NAKADA MINORI','',1,'',1,NULL,1443177881,NULL),(76,'なな','Nana','NANA','',1,'',1,NULL,1443177881,NULL),(77,'ななお','菜々緒','NANAO','http://event.rakuten.co.jp/fashion/rba/girlsaward/img/2015aw/model/nanao.jpg',0,'',1,NULL,1443177881,NULL),(78,'のざきともこ','野崎智子','NOZAKI TOMOCO','',1,'',1,NULL,1443177881,NULL),(79,'のざきもえか','野崎萌香','NOZAKI MOEKA','http://event.rakuten.co.jp/fashion/rba/girlsaward/img/2015aw/model/nozaki_moeka.jpg',0,'',1,NULL,1443177881,NULL),(80,'はしづめあい','橋爪愛','HASHIZUME AI','',1,'',1,NULL,1443177881,NULL),(81,'はしもとまなみ','橋本マナミ','HASHIMOTO MANAMI','',1,'',1,NULL,1443177881,NULL),(82,'ばばふみか','馬場ふみか','BABA FUMIKA','http://event.rakuten.co.jp/fashion/rba/girlsaward/img/2015aw/model/baba_fumika.jpg',0,'',1,NULL,1443177881,NULL),(83,'ひらやまなみ','平山奈美','HIRAYAMA NAMI','http://event.rakuten.co.jp/fashion/rba/girlsaward/img/2015aw/model/hirayama_nami.jpg',0,'',1,NULL,1443177881,NULL),(84,'ふじいさち','藤井サチ','FUJI SACHI','',1,'',1,NULL,1443177881,NULL),(85,'ふじたえみり','藤田エミリ','FUJITA EMIRI','http://event.rakuten.co.jp/fashion/rba/girlsaward/img/2015aw/model/fujita_emiri.jpg',0,'',1,NULL,1443177881,NULL),(86,'べいかーえりさ','ベイカー恵利沙','BAKER ELISA','http://event.rakuten.co.jp/fashion/rba/girlsaward/img/2015aw/model/bakerelisa.jpg',0,'',1,NULL,1443177881,NULL),(87,'ほったあかね','堀田茜','HOTTA AKANE','',1,'',1,NULL,1443177881,NULL),(88,'まーく','Mark','Mark','',1,'',1,NULL,1443177881,NULL),(89,'まえだゆう','前田ゆう','MAEDA YUU','http://event.rakuten.co.jp/fashion/rba/girlsaward/img/2015aw/model/maeda_yuu.jpg',0,'',1,NULL,1443177881,NULL),(90,'まぎー','マギー','MAGGY','http://event.rakuten.co.jp/fashion/rba/girlsaward/img/2015aw/model/maggy.jpg',0,'',1,NULL,1443177881,NULL),(91,'まつもとえりか','松元絵里花','MATSUMOTO ERIKA','http://event.rakuten.co.jp/fashion/rba/girlsaward/img/2015aw/model/matsumoto_erika.jpg',0,'',1,NULL,1443177881,NULL),(92,'まのえりな','真野恵里菜','MANO ERINA','',1,'',1,NULL,1443177881,NULL),(93,'ままれいな','真間玲奈','MAMA REINA','http://event.rakuten.co.jp/fashion/rba/girlsaward/img/2015aw/model/mama_reina.jpg',0,'',1,NULL,1443177881,NULL),(94,'まりー','マリー','MARIE','',1,'',3,NULL,1443177881,1445564654),(95,'みずはらゆか','水原佑果','MIZUHARA YUKA','http://event.rakuten.co.jp/fashion/rba/girlsaward/img/2015aw/model/mizuhara_yuka.jpg',0,'',1,NULL,1443177881,NULL),(96,'みなとじゅりあな','湊ジュリアナ','MINATO JULIANA','http://event.rakuten.co.jp/fashion/rba/girlsaward/img/2015aw/model/minato_juliana.jpg',0,'',1,NULL,1443177881,NULL),(97,'みなみあきな','南明奈','MINAMI AKINA','http://event.rakuten.co.jp/fashion/rba/girlsaward/img/2015aw/model/minami_akina.jpg',0,'',1,NULL,1443177881,NULL),(98,'みやぎかりん','宮城夏鈴','MIYAGI KARIN','',1,'',1,NULL,1443177881,NULL),(99,'みやぎまい','宮城舞','MIYAGI MAI','',1,'',1,NULL,1443177881,NULL),(100,'みゆ','美優','MIYU','',1,'',1,NULL,1443177881,NULL),(101,'めろでぃーようこ','メロディー洋子','MELODY YOKO','http://event.rakuten.co.jp/fashion/rba/girlsaward/img/2015aw/model/melody_yoko.jpg',0,'',1,NULL,1443177881,NULL),(102,'もりひかり','森星','MORI HIKARI','http://event.rakuten.co.jp/fashion/rba/girlsaward/img/2015aw/model/mori_hikari.jpg',0,'',1,NULL,1443177881,NULL),(103,'もりまや',' 森摩耶','MORI MAYA','',1,'',1,NULL,1443177881,NULL),(104,'やぎありさ','八木アリサ','YAGI ALISSA','http://event.rakuten.co.jp/fashion/rba/girlsaward/img/2015aw/model/yagi_arisa.jpg',0,'',1,NULL,1443177881,NULL),(105,'やまざきひろな','山崎紘菜','YAMAZAKI HIRONA','http://event.rakuten.co.jp/fashion/rba/girlsaward/img/2015aw/model/yamazaki_hirona.jpg',0,'',1,NULL,1443177881,NULL),(106,'やましたはるか','山下永夏','YAMASHITA HARUKA','http://event.rakuten.co.jp/fashion/rba/girlsaward/img/2015aw/model/yamashita_haruka.jpg',0,'',1,NULL,1443177881,NULL),(107,'やまだあいな','山田愛奈','YAMADA AINA','',1,'',1,NULL,1443177881,NULL),(108,'やまだあかり','山田朱莉','YAMADA AKARI','',1,'',1,NULL,1443177881,NULL),(109,'やまだゆう','山田優','YAMADA YU','',1,'',1,NULL,1443177881,NULL),(110,'やまもとそにあ','山本ソニア','YAMAMOTO SONIA','http://event.rakuten.co.jp/fashion/rba/girlsaward/img/2015aw/model/yamamoto_sonia.jpg',0,'',1,NULL,1443177881,NULL),(111,'やまもとゆうき','山本優希','YAMAMOTO YUUKI','',1,'',1,NULL,1443177881,NULL),(112,'よこたまゆう','横田真悠','YOKOTA MAYUU','',1,'',1,NULL,1443177881,NULL),(113,'よしきちさと','吉木千沙都','YOSHIKI CHISATO','http://event.rakuten.co.jp/fashion/rba/girlsaward/img/2015aw/model/yoshiki_chisato.jpg',0,'',1,NULL,1443177881,NULL),(114,'よしだなつみ','吉田夏海','YOSHIDA NATSUMI','http://event.rakuten.co.jp/fashion/rba/girlsaward/img/2015aw/model/yoshida_natsumi.jpg',0,'',1,NULL,1443177881,NULL),(115,'らぶり','ラブリ','LOVELI','http://event.rakuten.co.jp/fashion/rba/girlsaward/img/2015aw/model/loveli.jpg',0,'',1,NULL,1443177881,NULL),(116,'わたなべまい','渡辺舞','WATANABE MAI','http://event.rakuten.co.jp/fashion/rba/girlsaward/img/2015aw/model/watanabe_mai.jpg',0,'',1,NULL,1443177881,NULL),(117,'なかむらあん','中村アン','NAKAMURA ANNE','',1,'',4,NULL,1445310333,1445518778),(118,'かわきたまゆこ','河北麻友子','KAWAKITA MAYUKO','',1,'',3,NULL,1445310824,1445564621),(119,'たちばなえり','立花恵理','TACHIBANA ERI','',1,'',1,NULL,1445310886,NULL),(120,'えりーろーず','エリーローズ','ELLIE ROSE','',1,'',3,NULL,1445310932,1445564548),(121,'ふじいりな','藤井リナ','FUJII RINA','',1,'',1,NULL,1445311341,NULL),(123,'みよしあやか','三吉彩花','MIYOSHI AYAKA','',1,'',1,NULL,1445311641,NULL),(124,'まついあいり','松井愛莉','MATSUI AIRI','',1,'',4,NULL,1445312846,1445518642),(125,'あらきゆうこ','新木優子','ARAKI YUKO','',1,'',3,NULL,1445312957,1445564497),(126,'あさひなあや','朝比奈彩','ASAHINA AYA','',1,'',3,NULL,1445315313,1445564476),(128,'たなべももこ','田辺桃子','TANABE MOMOKO','',1,'',1,NULL,1445316567,NULL),(129,'ちばゆうだい','千葉雄大','CHIBA YUDAI','',1,'',1,NULL,1445316850,NULL),(130,'おかもとあずさ','岡本あずさ','OKAMOTO AZUSA','',1,'',3,NULL,1445317831,1445564566),(131,'おかださやか&さとうみき','岡田紗佳&佐藤美希','OKADA SYAKA&SATO MIKI','',1,'',1,NULL,1445317926,1445318339),(132,'うえだまお&きのしたひなこ','上田眞央&木下ひなこ','UEDA MAO&KINOSHITA HINAKO','',1,'',1,NULL,1445317987,1445318234),(133,'ふじいかれん','藤井夏恋','FUJII KAREN','',1,'',1,NULL,1445402190,NULL),(134,'さとうはるみ','佐藤晴美','SATO HARUMI','',1,'',1,NULL,1445402241,NULL),(135,'かえで','楓','KAEDE','',1,'',3,NULL,1445402275,1445564614),(136,'ふじいしゅうか','藤井萩花','FUJII SHUKA','',1,'',1,NULL,1445402362,NULL),(137,'なかじょうあやみ','中條あやみ','NAKAJO AYAMI','',1,'',3,1445507007,1445422054,1445507007),(138,'おかもとあんり','岡本杏理','OKAMOTO ANRI','',1,'',3,NULL,1445431404,1445564574);
/*!40000 ALTER TABLE `models` ENABLE KEYS */;
UNLOCK TABLES;

--
-- Table structure for table `users`
--

DROP TABLE IF EXISTS `users`;
/*!40101 SET @saved_cs_client     = @@character_set_client */;
/*!40101 SET character_set_client = utf8 */;
CREATE TABLE `users` (
  `id` int(11) unsigned NOT NULL AUTO_INCREMENT,
  `username` varchar(50) NOT NULL,
  `password` varchar(255) NOT NULL,
  `group` int(11) NOT NULL DEFAULT '1',
  `email` varchar(255) NOT NULL,
  `last_login` varchar(25) NOT NULL,
  `login_hash` varchar(255) NOT NULL,
  `profile_fields` text NOT NULL,
  `created_at` int(11) NOT NULL DEFAULT '0',
  `updated_at` int(11) NOT NULL DEFAULT '0',
  PRIMARY KEY (`id`),
  UNIQUE KEY `username` (`username`,`email`)
) ENGINE=InnoDB AUTO_INCREMENT=14 DEFAULT CHARSET=utf8;
/*!40101 SET character_set_client = @saved_cs_client */;

--
-- Dumping data for table `users`
--

LOCK TABLES `users` WRITE;
/*!40000 ALTER TABLE `users` DISABLE KEYS */;
INSERT INTO `users` VALUES (1,'admin','mFTwQ2/AJGG7UZBkziYB2KQh4PSivuFQwh6RSBckSCQ=',100,'piyopiyo@rakuten.com','1445684234','0329fa16db5b129cdcf47b10cdf5bc1daeb0bbc0','a:0:{}',1434681019,1443150387),(2,'yosuke.c.sato','mFTwQ2/AJGG7UZBkziYB2KQh4PSivuFQwh6RSBckSCQ=',100,'yosuke.c.sato@mail.rakuten.com','1445683984','2952e213ab62a8d468982b0fb9db4196b5ebea8d','a:0:{}',1434683442,1443149847),(3,'shoko.kayano','jsKqAVl0nl6bg5IVCYXFxOXxLtWhyeX93BNyCiTQP3I=',100,'shoko.kayano@rakuten.com','1445664579','a3f3c5455b0ab0258579be227d1f9b5d16424f72','a:10:{s:2:\"id\";s:1:\"1\";s:8:\"username\";s:5:\"admin\";s:8:\"password\";s:8:\"sato4319\";s:5:\"group\";s:3:\"100\";s:5:\"email\";s:25:\"yosuke.c.sato@rakuten.com\";s:10:\"last_login\";s:10:\"1441673235\";s:10:\"login_hash\";s:40:\"b714fdec2cf107bacc092e6e908eb5e189f856d4\";s:14:\"profile_fields\";s:6:\"a:0:{}\";s:10:\"created_at\";s:10:\"1434681019\";s:10:\"updated_at\";s:10:\"1441673544\";}',1441087075,1441963805),(4,'yuko.nunokawa','sNRQZxrf9yQ1L8TwT/Sgh0z06Q2C9xHpvws3oG68Rpk=',100,'yuko.nunokawa@rakuten.com','1445666632','51ffb9266923fbfc20a63a47fddb28e3c7ecb720','a:0:{}',1441958638,1442219157),(5,'naomi.a.mori','IbOyyiL8x+kngW4Jid+IbR3KaXXdxEmwC/WEPwRmYKo=',100,'naomi.a.mori@rakuten.com','1445680844','4e457f97af959fa7156429d6d1dc8069c961b2ae','a:0:{}',1441958679,1442195344),(6,'takashi.kadobe','5ZtB8/sVkgl2Cpk76JizSvuSGn+3tx5WW1zv8FYDLPw=',100,'takashi.kadobe@rakuten.com','1445680841','2cc82d625f352c1e2dbb04912715d9cac149f20e','a:0:{}',1441959127,1445414207),(7,'yuki.sogawa','oE3tbGcIgQXPlrjoYX08myy8hfbtZWhBsxCVYDHpQEU=',50,'yuki.sogawa@rakuten.com','1444971777','0171e327c7d55157988760e0949878457179c5c0','a:0:{}',1442292803,1443149516),(8,'tomoyoshi.kudo','T8a/wUjA8iQ/pIFhUrOxQ+6XfeiRzmwznHIb4iAhfhk=',50,'tomoyoshi.kudo@rakuten.com','0','','a:0:{}',1442292885,1443149525),(9,'keisuke.muraki','1/ffYFMaGz7etv3lfyH8R4qeK/SEfxwLhmuxlPfF+QI=',100,'keisuke.muraki@rakuten.com','1445577306','7d357368f5d4325cb028446ca6c84a98b5848068','a:0:{}',1442292960,1445504097),(10,'guest','0To+BFzsfJp9ov1dHbpwr1QWgqZA/g3gPqSVFnbTSrM=',1,'guest@rakuten.com','1445417957','0a8fd3ca47cb874f01466770f134361b8b49f341','a:0:{}',1444027478,0),(11,'sayuri.fujimoto','HoRg0+Mk4nmIxDAg4W/JqaU53OGinCbY8/F7OhLPb4Y=',50,'sayuri.fujimoto@rakuten.com','1445660135','7db05f1dff121f141faa3907820c47edf26eda21','a:0:{}',1445490585,0),(12,'kaori.yamazaki','L1EPlS0hjFlVLhlC9N85Mq4N2oaxbR/WwPavZlE7uX0=',50,'kaori.yamazaki@rakuten.com','1445679109','badbabe06595d705a2874e71b146d84245bd5619','a:0:{}',1445490627,0),(13,'leandra.beharry','T6JLnxHfMIeMM9nhKhj9buEJSCtyQae5O1ViGbQVbpg=',50,'leandra.beharry@rakuten.com','1445586497','c638d007b1045c341d382a8ee17c32a1c3cc4b01','a:0:{}',1445490682,0);
/*!40000 ALTER TABLE `users` ENABLE KEYS */;
UNLOCK TABLES;

--
-- Table structure for table `users_clients`
--

DROP TABLE IF EXISTS `users_clients`;
/*!40101 SET @saved_cs_client     = @@character_set_client */;
/*!40101 SET character_set_client = utf8 */;
CREATE TABLE `users_clients` (
  `id` int(11) NOT NULL AUTO_INCREMENT,
  `name` varchar(32) NOT NULL DEFAULT '',
  `client_id` varchar(32) NOT NULL DEFAULT '',
  `client_secret` varchar(32) NOT NULL DEFAULT '',
  `redirect_uri` varchar(255) NOT NULL DEFAULT '',
  `auto_approve` tinyint(1) NOT NULL DEFAULT '0',
  `autonomous` tinyint(1) NOT NULL DEFAULT '0',
  `status` enum('development','pending','approved','rejected') NOT NULL DEFAULT 'development',
  `suspended` tinyint(1) NOT NULL DEFAULT '0',
  `notes` tinytext NOT NULL,
  PRIMARY KEY (`id`),
  UNIQUE KEY `client_id` (`client_id`)
) ENGINE=InnoDB DEFAULT CHARSET=utf8;
/*!40101 SET character_set_client = @saved_cs_client */;

--
-- Dumping data for table `users_clients`
--

LOCK TABLES `users_clients` WRITE;
/*!40000 ALTER TABLE `users_clients` DISABLE KEYS */;
/*!40000 ALTER TABLE `users_clients` ENABLE KEYS */;
UNLOCK TABLES;

--
-- Table structure for table `users_providers`
--

DROP TABLE IF EXISTS `users_providers`;
/*!40101 SET @saved_cs_client     = @@character_set_client */;
/*!40101 SET character_set_client = utf8 */;
CREATE TABLE `users_providers` (
  `id` int(11) NOT NULL AUTO_INCREMENT,
  `parent_id` int(11) NOT NULL DEFAULT '0',
  `provider` varchar(50) NOT NULL,
  `uid` varchar(255) NOT NULL,
  `secret` varchar(255) DEFAULT NULL,
  `access_token` varchar(255) DEFAULT NULL,
  `expires` int(12) DEFAULT '0',
  `refresh_token` varchar(255) DEFAULT NULL,
  `user_id` int(11) NOT NULL DEFAULT '0',
  `created_at` int(11) NOT NULL DEFAULT '0',
  `updated_at` int(11) NOT NULL DEFAULT '0',
  PRIMARY KEY (`id`),
  KEY `parent_id` (`parent_id`)
) ENGINE=InnoDB DEFAULT CHARSET=utf8;
/*!40101 SET character_set_client = @saved_cs_client */;

--
-- Dumping data for table `users_providers`
--

LOCK TABLES `users_providers` WRITE;
/*!40000 ALTER TABLE `users_providers` DISABLE KEYS */;
/*!40000 ALTER TABLE `users_providers` ENABLE KEYS */;
UNLOCK TABLES;

--
-- Table structure for table `users_scopes`
--

DROP TABLE IF EXISTS `users_scopes`;
/*!40101 SET @saved_cs_client     = @@character_set_client */;
/*!40101 SET character_set_client = utf8 */;
CREATE TABLE `users_scopes` (
  `id` int(11) NOT NULL AUTO_INCREMENT,
  `scope` varchar(64) NOT NULL DEFAULT '',
  `name` varchar(64) NOT NULL DEFAULT '',
  `description` varchar(255) NOT NULL DEFAULT '',
  PRIMARY KEY (`id`),
  UNIQUE KEY `scope` (`scope`)
) ENGINE=InnoDB DEFAULT CHARSET=utf8;
/*!40101 SET character_set_client = @saved_cs_client */;

--
-- Dumping data for table `users_scopes`
--

LOCK TABLES `users_scopes` WRITE;
/*!40000 ALTER TABLE `users_scopes` DISABLE KEYS */;
/*!40000 ALTER TABLE `users_scopes` ENABLE KEYS */;
UNLOCK TABLES;

--
-- Table structure for table `users_sessions`
--

DROP TABLE IF EXISTS `users_sessions`;
/*!40101 SET @saved_cs_client     = @@character_set_client */;
/*!40101 SET character_set_client = utf8 */;
CREATE TABLE `users_sessions` (
  `id` int(11) NOT NULL AUTO_INCREMENT,
  `client_id` varchar(32) NOT NULL DEFAULT '',
  `redirect_uri` varchar(255) NOT NULL DEFAULT '',
  `type_id` varchar(64) NOT NULL,
  `type` enum('user','auto') NOT NULL DEFAULT 'user',
  `code` text NOT NULL,
  `access_token` varchar(50) NOT NULL DEFAULT '',
  `stage` enum('request','granted') NOT NULL DEFAULT 'request',
  `first_requested` int(11) NOT NULL,
  `last_updated` int(11) NOT NULL,
  `limited_access` tinyint(1) NOT NULL DEFAULT '0',
  PRIMARY KEY (`id`),
  KEY `oauth_sessions_ibfk_1` (`client_id`),
  CONSTRAINT `oauth_sessions_ibfk_1` FOREIGN KEY (`client_id`) REFERENCES `users_clients` (`client_id`) ON DELETE CASCADE
) ENGINE=InnoDB DEFAULT CHARSET=utf8;
/*!40101 SET character_set_client = @saved_cs_client */;

--
-- Dumping data for table `users_sessions`
--

LOCK TABLES `users_sessions` WRITE;
/*!40000 ALTER TABLE `users_sessions` DISABLE KEYS */;
/*!40000 ALTER TABLE `users_sessions` ENABLE KEYS */;
UNLOCK TABLES;

--
-- Table structure for table `users_sessionscopes`
--

DROP TABLE IF EXISTS `users_sessionscopes`;
/*!40101 SET @saved_cs_client     = @@character_set_client */;
/*!40101 SET character_set_client = utf8 */;
CREATE TABLE `users_sessionscopes` (
  `id` int(11) NOT NULL AUTO_INCREMENT,
  `session_id` int(11) NOT NULL,
  `access_token` varchar(50) NOT NULL DEFAULT '',
  `scope` varchar(64) NOT NULL DEFAULT '',
  PRIMARY KEY (`id`),
  KEY `session_id` (`session_id`),
  KEY `access_token` (`access_token`),
  KEY `scope` (`scope`),
  CONSTRAINT `oauth_sessionscopes_ibfk_1` FOREIGN KEY (`scope`) REFERENCES `users_scopes` (`scope`),
  CONSTRAINT `oauth_sessionscopes_ibfk_2` FOREIGN KEY (`session_id`) REFERENCES `users_sessions` (`id`) ON DELETE CASCADE
) ENGINE=InnoDB DEFAULT CHARSET=utf8;
/*!40101 SET character_set_client = @saved_cs_client */;

--
-- Dumping data for table `users_sessionscopes`
--

LOCK TABLES `users_sessionscopes` WRITE;
/*!40000 ALTER TABLE `users_sessionscopes` DISABLE KEYS */;
/*!40000 ALTER TABLE `users_sessionscopes` ENABLE KEYS */;
UNLOCK TABLES;
/*!40103 SET TIME_ZONE=@OLD_TIME_ZONE */;

/*!40101 SET SQL_MODE=@OLD_SQL_MODE */;
/*!40014 SET FOREIGN_KEY_CHECKS=@OLD_FOREIGN_KEY_CHECKS */;
/*!40014 SET UNIQUE_CHECKS=@OLD_UNIQUE_CHECKS */;
/*!40101 SET CHARACTER_SET_CLIENT=@OLD_CHARACTER_SET_CLIENT */;
/*!40101 SET CHARACTER_SET_RESULTS=@OLD_CHARACTER_SET_RESULTS */;
/*!40101 SET COLLATION_CONNECTION=@OLD_COLLATION_CONNECTION */;
/*!40111 SET SQL_NOTES=@OLD_SQL_NOTES */;

-- Dump completed on 2015-10-24 23:20:21
